Sensor Num,Sensor ID,Latitude,Longitude
1,251757,34.08524522,-118.2566451
2,259651,34.09008545,-118.2532044
3,284002,34.09268824,-118.2488804
4,67241,34.09078153,-118.2428405
5,260723,34.09461523,-118.2859903
6,150020,34.09313115,-118.2737799
7,225879,34.09410738,-118.2721251
8,315083,34.08330029,-118.3123203
9,288248,34.08117928,-118.2997703
10,256421,34.07241504,-118.2908303
11,257857,34.08003133,-118.2853853
12,271303,34.08334232,-118.27821
13,124961,34.07999545,-118.2729342
14,94397,34.06786249,-118.2541964
15,300669,34.04940551,-118.3194902
16,284042,34.04889938,-118.3113561
17,310639,34.05602531,-118.292564
18,304070,34.05633554,-118.2796199
19,208493,34.05985531,-118.20495
20,4670,34.05451853,-118.1543701
21,311123,34.08209518,-118.21171
22,76759,34.08746534,-118.2020001
23,256435,34.08193109,-118.1969902
24,12272,34.08286966,-118.189514
25,4054,34.08504014,-118.1815603
26,219787,34.06592494,-118.1976801
27,219853,34.06586017,-118.1976403
28,219825,34.06588545,-118.1976245
29,220457,34.06588503,-118.1975305
30,220455,34.06581498,-118.1974903
31,220251,34.06574526,-118.1972962
32,220477,34.06574138,-118.1972052
33,184167,34.06583315,-118.1970501
34,184143,34.06558104,-118.1969908
35,264009,34.06577556,-118.1975804
36,264011,34.06576529,-118.1976303
37,264017,34.06573011,-118.1976002
38,264015,34.06571539,-118.197624
39,220463,34.06566915,-118.1976104
40,220427,34.06571523,-118.1977304
41,184197,34.06551501,-118.197685
42,220491,34.06563134,-118.1974953
43,220445,34.06559532,-118.1974102
44,220595,34.0655703,-118.1973402
45,184183,34.06552836,-118.1974399
46,184159,34.0655284,-118.1973602
47,184133,34.06550514,-118.1971903
48,184161,34.06549514,-118.1971743
49,184139,34.06544827,-118.1973705
50,184135,34.06539503,-118.1972802
51,184141,34.06536723,-118.1973602
52,184189,34.06532219,-118.1972055
53,184177,34.06520717,-118.19736
54,184175,34.06513912,-118.1974642
55,184179,34.06501319,-118.1973403
56,184169,34.06500919,-118.1975502
57,184131,34.06536719,-118.1974264
58,184145,34.06517495,-118.1974263
59,286510,34.06729023,-118.1804902
60,23429,34.07704542,-118.15674
61,23295,34.06893804,-118.1580801
62,188345,34.06354507,-118.152985
63,22727,34.04495507,-118.1591804
64,224015,34.02300515,-118.1734301
65,69409,34.05220317,-118.2612305
66,90403,34.0384851,-118.2625902
67,272935,34.03417129,-118.2846798
68,208491,34.02039546,-118.2857742
69,244053,34.0172954,-118.2783663
70,6220,34.03089801,-118.3015058
71,96855,34.02306209,-118.2875201
72,74069,34.1016533,-118.2466053
73,256653,34.1004052,-118.2539301
74,76627,34.09720522,-118.2576804
75,86185,34.09980317,-118.2666241
76,49327,34.10434221,-118.2714542
77,256839,34.1012032,-118.2774302
78,9168,34.09817506,-118.2819801
79,155793,34.11588229,-118.2810204
80,259233,34.11447796,-118.2812804
81,256423,34.10839719,-118.2839002
82,239985,34.10860521,-118.29374
83,81731,34.11944118,-118.3114302
84,29295,34.13872514,-118.260796
85,198489,34.12046706,-118.2442599
86,265253,34.11492542,-118.2609501
87,258282,34.12033016,-118.2662901
88,30737,34.13551218,-118.2441561
89,188495,34.13108541,-118.2363741
90,261751,34.13414513,-118.22714
91,99315,34.13537111,-118.2142202
92,251641,34.13101804,-118.2100303
93,256643,34.12927895,-118.2020342
94,292395,34.13667496,-118.1824601
95,21293,34.13419998,-118.1651001
96,221399,34.13659916,-118.1549401
97,258495,34.13874489,-118.1520805
98,125949,34.12090911,-118.1590803
99,83647,34.12211911,-118.1535346
100,78129,34.11307802,-118.1550803
101,251647,34.09532802,-118.2110602
102,253399,34.09799088,-118.1635801
103,256039,34.10311824,-118.1704402
104,55351,34.1007453,-118.1734103
105,292775,34.1065011,-118.1783451
106,133117,34.12019235,-118.2049004
107,78635,34.11897246,-118.2122404
108,265629,34.11743789,-118.20784
109,38649,34.11407051,-118.2110802
110,6472,34.11118242,-118.2106501
111,293651,34.11599984,-118.2194603
112,86071,34.11949486,-118.2242502
113,32339,34.11663724,-118.2290801
114,269902,34.11969326,-118.233154
115,256733,34.11098537,-118.2343603
116,239775,34.10678506,-118.2370453
117,258541,34.10690541,-118.2238301
118,89673,34.10429322,-118.2179261
119,257879,34.10071835,-118.209854
120,260355,34.10127551,-118.2117403
121,84627,34.10376213,-118.2135542
122,20704,34.10555109,-118.2152404
123,296843,34.10687513,-118.2127602
124,257645,34.10899226,-118.21516
125,96837,34.11012116,-118.2171905
126,79953,34.1322122,-118.1383703
127,258475,34.12007838,-118.1401999
128,251639,34.10738514,-118.13976
129,92105,34.10911776,-118.1469404
130,60479,34.10687069,-118.1524348
131,78587,34.10351088,-118.1462404
132,91969,34.09978004,-118.1424303
133,91125,34.09938504,-118.1434867
134,5218,34.07486193,-118.1435396
135,22735,34.07062017,-118.1493703
136,33855,34.06747681,-118.1384003
137,219339,34.03256121,-118.1391201
