sensor_num,sensor_id,distance_km,rows_found,completeness_pct,status
19.0,208493.0,2.15444314147298,1230,86.9,PARTIAL
21.0,311123.0,2.2191731663966867,0,0.0,EMPTY FILE
14.0,94397.0,2.520136739286162,1416,100.0,OK
40.0,220427.0,2.6868160434766537,1192,84.2,PARTIAL
26.0,219787.0,2.690701131353604,1416,100.0,OK
41.0,184197.0,2.6918950989103885,1416,100.0,OK
27.0,219853.0,2.694574157937406,1383,97.7,PARTIAL
36.0,264011.0,2.695834636294523,0,0.0,EMPTY FILE
28.0,219825.0,2.6959453289133326,1316,92.9,PARTIAL
38.0,264015.0,2.6966098123658924,0,0.0,EMPTY FILE
39.0,220463.0,2.6980527071344267,164,11.6,PARTIAL
37.0,264017.0,2.6987419541497624,0,0.0,EMPTY FILE
35.0,264009.0,2.7003897115869946,0,0.0,EMPTY FILE
29.0,220457.0,2.704601649515036,1401,98.9,PARTIAL
56.0,184169.0,2.7073770248258873,792,55.9,PARTIAL
30.0,220455.0,2.7085407914113206,1411,99.6,PARTIAL
42.0,220491.0,2.7088100930782413,1339,94.6,PARTIAL
54.0,184175.0,2.7143830328577594,0,0.0,EMPTY FILE
45.0,184183.0,2.714384739917,542,38.3,PARTIAL
57.0,184131.0,2.716467714208826,0,0.0,EMPTY FILE
43.0,220445.0,2.716803537499668,0,0.0,EMPTY FILE
58.0,184145.0,2.7176338041377144,160,11.3,PARTIAL
49.0,184139.0,2.721173574637013,160,11.3,PARTIAL
46.0,184159.0,2.7217190267643208,792,55.9,PARTIAL
51.0,184141.0,2.7225577526298643,1416,100.0,OK
44.0,220595.0,2.7233609271501744,164,11.6,PARTIAL
53.0,184177.0,2.723525552793879,1375,97.1,PARTIAL
55.0,184179.0,2.7266424008464165,1381,97.5,PARTIAL
31.0,220251.0,2.726668082811258,1383,97.7,PARTIAL
50.0,184135.0,2.7297649693803705,0,0.0,EMPTY FILE
32.0,220477.0,2.7350603104611535,0,0.0,EMPTY FILE
52.0,184189.0,2.7370440701986136,1379,97.4,PARTIAL
47.0,184133.0,2.737467515847138,232,16.4,PARTIAL
48.0,184161.0,2.7389892535498492,0,0.0,EMPTY FILE
33.0,184167.0,2.7490057586795547,710,50.1,PARTIAL
34.0,184143.0,2.755468570710231,1172,82.8,PARTIAL
4.0,67241.0,3.065407448720567,1416,100.0,OK
23.0,256435.0,3.2386402303339477,1092,77.1,PARTIAL
22.0,76759.0,3.261737883922797,1416,100.0,OK
1.0,251757.0,3.437797999729409,391,27.6,PARTIAL
101.0,251647.0,3.5119900013193157,1104,78.0,PARTIAL
3.0,284002.0,3.5393554401978964,0,0.0,EMPTY FILE
65.0,69409.0,3.545766252739539,1416,100.0,OK
2.0,259651.0,3.5642102857009412,946,66.8,PARTIAL
24.0,12272.0,3.888585570372545,1414,99.9,PARTIAL
120.0,260355.0,4.10113395425425,634,44.8,PARTIAL
119.0,257879.0,4.106075435664055,948,66.9,PARTIAL
118.0,89673.0,4.272728654793041,947,66.9,PARTIAL
59.0,286510.0,4.273769487728082,0,0.0,EMPTY FILE
72.0,74069.0,4.301283807366939,1416,100.0,OK
121.0,84627.0,4.311684972286796,1183,83.5,PARTIAL
74.0,76627.0,4.431161771958617,0,0.0,EMPTY FILE
122.0,20704.0,4.462913013937554,1396,98.6,PARTIAL
117.0,258541.0,4.491659068821751,830,58.6,PARTIAL
13.0,124961.0,4.496115826388576,1416,100.0,OK
73.0,256653.0,4.510436466348148,699,49.4,PARTIAL
66.0,90403.0,4.537601308678545,0,0.0,EMPTY FILE
116.0,239775.0,4.566469996704411,1140,80.5,PARTIAL
25.0,4054.0,4.650981703584597,0,0.0,EMPTY FILE
123.0,296843.0,4.664409804694922,0,0.0,EMPTY FILE
124.0,257645.0,4.83686844795195,936,66.1,PARTIAL
125.0,96837.0,4.922000440674609,1416,100.0,OK
115.0,256733.0,4.984369369468867,1028,72.6,PARTIAL
18.0,304070.0,4.9903092219040595,0,0.0,EMPTY FILE
12.0,271303.0,5.081410445819952,0,0.0,EMPTY FILE
7.0,225879.0,5.169708608603213,1396,98.6,PARTIAL
110.0,6472.0,5.178804001517992,1406,99.3,PARTIAL
75.0,86185.0,5.199651808788803,1280,90.4,PARTIAL
6.0,150020.0,5.231341483602853,880,62.1,PARTIAL
109.0,38649.0,5.4764011860131205,1415,99.9,PARTIAL
111.0,293651.0,5.536444735267216,0,0.0,EMPTY FILE
113.0,32339.0,5.568685778880922,1416,100.0,OK
11.0,257857.0,5.5920727818111375,987,69.7,PARTIAL
76.0,49327.0,5.87131809145311,1416,100.0,OK
112.0,86071.0,5.887734170862515,1416,100.0,OK
108.0,265629.0,5.919634027895434,0,0.0,EMPTY FILE
10.0,256421.0,5.925920461767521,1037,73.2,PARTIAL
114.0,269902.0,5.933008707373971,0,0.0,EMPTY FILE
107.0,78635.0,5.9786292034055775,1372,96.9,PARTIAL
77.0,256839.0,6.040335122400731,993,70.1,PARTIAL
17.0,310639.0,6.163673674725097,0,0.0,EMPTY FILE
78.0,9168.0,6.171301684010156,1407,99.4,PARTIAL
85.0,198489.0,6.2009369511300685,1162,82.1,PARTIAL
104.0,55351.0,6.2186872970592235,1416,100.0,OK
86.0,265253.0,6.2233497274083645,0,0.0,EMPTY FILE
5.0,260723.0,6.272724512803985,636,44.9,PARTIAL
106.0,133117.0,6.294575218349244,1407,99.4,PARTIAL
105.0,292775.0,6.298612399321594,0,0.0,EMPTY FILE
61.0,23295.0,6.342615097119201,1416,100.0,OK
67.0,272935.0,6.430492438986968,0,0.0,EMPTY FILE
60.0,23429.0,6.564142737857671,1416,100.0,OK
103.0,256039.0,6.596499156059356,1400,98.9,PARTIAL
63.0,22727.0,6.684660324959048,1416,100.0,OK
102.0,253399.0,6.795289404376419,874,61.7,PARTIAL
20.0,4670.0,6.81307437801954,0,0.0,EMPTY FILE
62.0,188345.0,6.815186797495598,1416,100.0,OK
9.0,288248.0,6.906745345108674,0,0.0,EMPTY FILE
64.0,224015.0,6.909418978128555,1388,98.0,PARTIAL
87.0,258282.0,6.991272821945962,151,10.7,PARTIAL
81.0,256423.0,7.0131002909295805,660,46.6,PARTIAL
135.0,22735.0,7.153488548826902,1416,100.0,OK
89.0,188495.0,7.224646573367706,1416,100.0,OK
69.0,244053.0,7.249097365789842,1261,89.1,PARTIAL
80.0,259233.0,7.310950767575267,830,58.6,PARTIAL
92.0,251641.0,7.330142926151838,1015,71.7,PARTIAL
93.0,256643.0,7.336512117181236,972,68.6,PARTIAL
71.0,96855.0,7.392060194617589,1416,100.0,OK
79.0,155793.0,7.409296658320646,0,0.0,EMPTY FILE
68.0,208491.0,7.471954141293806,1318,93.1,PARTIAL
90.0,261751.0,7.5118258719818956,432,30.5,PARTIAL
82.0,239985.0,7.728936044513987,1395,98.5,PARTIAL
134.0,5218.0,7.73122283742423,1416,100.0,OK
91.0,99315.0,7.736429228648991,1240,87.6,PARTIAL
88.0,30737.0,7.827138339459208,1401,98.9,PARTIAL
70.0,6220.0,7.938665454172461,1155,81.6,PARTIAL
16.0,284042.0,8.026878412711687,0,0.0,EMPTY FILE
8.0,315083.0,8.08572945689477,0,0.0,EMPTY FILE
136.0,33855.0,8.150635027160694,1416,100.0,OK
130.0,60479.0,8.189146307697806,1246,88.0,PARTIAL
100.0,78129.0,8.3926909339185,1411,99.6,PARTIAL
131.0,78587.0,8.485530814366353,1416,100.0,OK
133.0,91125.0,8.501854206765989,0,0.0,EMPTY FILE
84.0,29295.0,8.607498252401863,1275,90.0,PARTIAL
132.0,91969.0,8.608562124438096,1413,99.8,PARTIAL
98.0,125949.0,8.686723874529683,1375,97.1,PARTIAL
15.0,300669.0,8.742787341518511,0,0.0,EMPTY FILE
129.0,92105.0,8.749578607794996,1400,98.9,PARTIAL
94.0,292395.0,8.801126421860804,0,0.0,EMPTY FILE
137.0,219339.0,8.92698569137514,0,0.0,EMPTY FILE
99.0,83647.0,9.150905162177828,901,63.6,PARTIAL
128.0,251639.0,9.21651775801477,997,70.4,PARTIAL
95.0,21293.0,9.427449507012517,1240,87.6,PARTIAL
83.0,81731.0,9.754671971259478,1357,95.8,PARTIAL
127.0,258475.0,9.954065220019677,873,61.7,PARTIAL
96.0,221399.0,10.221349074240843,1405,99.2,PARTIAL
97.0,258495.0,10.573732830543895,603,42.6,PARTIAL
126.0,79953.0,10.938988532855126,1407,99.4,PARTIAL
