time_stamp,humidity,temperature,pressure,pm2.5_atm,pm2.5_cf_1
2025-01-01T00:00:00-08:00,45,58,989.11,45.1,54.6
2025-01-01T01:00:00-08:00,40,58,989,29.4,29.8
2025-01-01T02:00:00-08:00,39,58,989.08,33.1,34.9
2025-01-01T03:00:00-08:00,39,56,988.98,15,15
2025-01-01T04:00:00-08:00,38,56,989.03,13.3,13.3
2025-01-01T05:00:00-08:00,37,55,989.07,8.9,8.9
2025-01-01T06:00:00-08:00,33,57,989.02,6.3,6.3
2025-01-01T07:00:00-08:00,31,58,989.36,7.8,7.8
2025-01-01T08:00:00-08:00,31,62,989.96,8.5,8.5
2025-01-01T09:00:00-08:00,25,69,990.15,8.6,8.6
2025-01-01T10:00:00-08:00,20,73,990.23,5.1,5.1
2025-01-01T11:00:00-08:00,20,75,989.56,7.8,7.8
2025-01-01T12:00:00-08:00,21,77,988.65,39.6,50.5
2025-01-01T13:00:00-08:00,22,81,988,46.1,61.8
2025-01-01T14:00:00-08:00,23,80,987.94,36.6,41.6
2025-01-01T15:00:00-08:00,24,82,988.2,23.1,23.3
2025-01-01T16:00:00-08:00,30,76,988.6,17.1,17.1
2025-01-01T17:00:00-08:00,35,71,989.04,18.2,18.2
2025-01-01T18:00:00-08:00,38,68,989.43,29.8,31.9
2025-01-01T19:00:00-08:00,38,67,989.68,35,37.8
2025-01-01T20:00:00-08:00,37,65,990.08,30.5,30.8
2025-01-01T21:00:00-08:00,35,63,990.3,29.2,29.4
2025-01-01T22:00:00-08:00,32,62,990.24,19.7,19.7
2025-01-01T23:00:00-08:00,30,61,989.9,11.6,11.6
2025-01-02T00:00:00-08:00,28,61,989.84,7.3,7.3
2025-01-02T01:00:00-08:00,29,60,989.94,5.9,5.9
2025-01-02T02:00:00-08:00,29,60,989.75,5.3,5.3
2025-01-02T03:00:00-08:00,29,59,989.65,3.9,3.9
2025-01-02T04:00:00-08:00,29,58,989.63,2.6,2.6
2025-01-02T05:00:00-08:00,27,58,989.7,1.6,1.6
2025-01-02T06:00:00-08:00,27,59,989.95,2.8,2.8
2025-01-02T07:00:00-08:00,28,59,990.38,3.9,3.9
2025-01-02T08:00:00-08:00,25,65,990.48,2.6,2.6
2025-01-02T09:00:00-08:00,19,72,990.64,2.8,2.8
2025-01-02T10:00:00-08:00,16,76,990.36,2.2,2.2
2025-01-02T11:00:00-08:00,15,79,989.14,1.9,1.9
2025-01-02T12:00:00-08:00,13,83,987.84,2.1,2.1
2025-01-02T13:00:00-08:00,12,89,987.04,1.3,1.3
2025-01-02T14:00:00-08:00,11,89,986.86,3.1,3.1
2025-01-02T15:00:00-08:00,16,91,986.88,32.5,38.7
2025-01-02T16:00:00-08:00,23,84,987.14,45.2,59.3
2025-01-02T17:00:00-08:00,27,78,987.72,44.6,57.9
2025-01-02T18:00:00-08:00,31,73,988.27,41,50.5
2025-01-02T19:00:00-08:00,28,71,988.63,23,23
2025-01-02T20:00:00-08:00,29,68,989.2,22.4,22.4
2025-01-02T21:00:00-08:00,28,67,989.47,27.9,28.1
2025-01-02T22:00:00-08:00,29,66,989.46,29.4,29.8
2025-01-02T23:00:00-08:00,27,66,989.37,29,29.2
2025-01-03T00:00:00-08:00,29,65,989.07,30.3,30.8
2025-01-03T01:00:00-08:00,29,65,988.86,28,28.2
2025-01-03T02:00:00-08:00,30,63,988.68,22,22
2025-01-03T03:00:00-08:00,29,63,988.35,15.3,15.3
2025-01-03T04:00:00-08:00,30,62,987.99,13.2,13.2
2025-01-03T05:00:00-08:00,30,60,988.06,11.6,11.6
2025-01-03T06:00:00-08:00,28,61,988.34,9,9
2025-01-03T07:00:00-08:00,26,62,988.46,6.9,6.9
2025-01-03T08:00:00-08:00,25,66,989.26,8.5,8.5
2025-01-03T09:00:00-08:00,24,69,989.62,16.7,16.7
2025-01-03T10:00:00-08:00,24,71,989.67,26,26.1
2025-01-03T11:00:00-08:00,23,73,988.58,30.4,31.5
2025-01-03T12:00:00-08:00,26,73,988.22,43.3,55.9
2025-01-03T13:00:00-08:00,21,77,987.65,33.8,37.1
2025-01-03T14:00:00-08:00,21,79,986.96,39.5,47.1
2025-01-03T15:00:00-08:00,21,80,986.84,43.9,56.6
2025-01-03T16:00:00-08:00,26,76,986.98,51.7,76
2025-01-03T17:00:00-08:00,33,71,987.71,54.9,82.4
2025-01-03T18:00:00-08:00,43,68,988.25,39.4,45.9
2025-01-03T19:00:00-08:00,44,66,988.5,39.5,45.2
2025-01-03T20:00:00-08:00,44,65,988.99,49.1,64.6
2025-01-03T21:00:00-08:00,45,64,989.09,53.2,74.1
2025-01-03T22:00:00-08:00,50,63,989.35,53.8,75.5
2025-01-03T23:00:00-08:00,50,64,989.28,57.7,85.8
2025-01-04T00:00:00-08:00,49,64,989.12,59.9,90.6
2025-01-04T01:00:00-08:00,50,63,988.98,65.1,98.9
2025-01-04T02:00:00-08:00,50,63,989.03,64.4,97.8
2025-01-04T03:00:00-08:00,47,63,988.85,61.4,93.2
2025-01-04T04:00:00-08:00,46,63,988.91,61.5,93.4
2025-01-04T05:00:00-08:00,45,63,989.17,63.1,95.9
2025-01-04T06:00:00-08:00,46,61,989.57,63.2,95.9
2025-01-04T07:00:00-08:00,47,60,989.77,64.1,97.4
2025-01-04T08:00:00-08:00,45,62,990.14,64,97.2
2025-01-04T09:00:00-08:00,43,65,991.02,64.8,98.4
2025-01-04T10:00:00-08:00,40,66,990.79,58,87.8
2025-01-04T11:00:00-08:00,38,68,990.15,55.9,84.2
2025-01-04T12:00:00-08:00,34,70,989.45,51.6,75.5
2025-01-04T13:00:00-08:00,30,74,988.84,47.4,64.8
2025-01-04T14:00:00-08:00,28,76,988.62,44.5,57.6
2025-01-04T15:00:00-08:00,29,75,988.65,42.1,52
2025-01-04T16:00:00-08:00,36,72,988.9,39.4,46.3
2025-01-04T17:00:00-08:00,39,69,989.19,39.1,45.4
2025-01-04T18:00:00-08:00,41,68,989.56,41.9,50
2025-01-04T19:00:00-08:00,41,67,990.3,43.9,53.5
2025-01-04T20:00:00-08:00,41,66,990.49,47.1,60.1
2025-01-04T21:00:00-08:00,41,65,990.51,48.6,63.3
2025-01-04T22:00:00-08:00,42,63,990.5,48.9,63.3
2025-01-04T23:00:00-08:00,41,62,990.46,44.3,53.1
2025-01-05T00:00:00-08:00,41,61,990.27,39,43.4
2025-01-05T01:00:00-08:00,40,59,990.2,28.2,28.2
2025-01-05T02:00:00-08:00,37,59,990.41,18,18
2025-01-05T03:00:00-08:00,36,57,990.26,8.2,8.2
2025-01-05T04:00:00-08:00,34,56,990.12,4.9,4.9
2025-01-05T05:00:00-08:00,33,56,990.28,4.3,4.3
2025-01-05T06:00:00-08:00,32,56,990.67,4.6,4.6
2025-01-05T07:00:00-08:00,32,57,991.33,4.3,4.3
2025-01-05T08:00:00-08:00,28,62,991.54,3.9,3.9
2025-01-05T09:00:00-08:00,22,69,991.83,5.6,5.6
2025-01-05T10:00:00-08:00,18,74,991.82,5.4,5.4
2025-01-05T11:00:00-08:00,17,77,990.85,4,4
2025-01-05T12:00:00-08:00,15,79,989.46,2.7,2.7
2025-01-05T13:00:00-08:00,12,84,988.82,0.6,0.6
2025-01-05T14:00:00-08:00,12,85,988.75,1.3,1.3
2025-01-05T15:00:00-08:00,11,86,988.87,1.5,1.5
2025-01-05T16:00:00-08:00,13,80,989.37,2.1,2.1
2025-01-05T17:00:00-08:00,16,74,990,2.9,2.9
2025-01-05T18:00:00-08:00,19,70,990.33,3.9,3.9
2025-01-05T19:00:00-08:00,20,69,990.52,6.5,6.5
2025-01-05T20:00:00-08:00,21,68,990.74,7.8,7.8
2025-01-05T21:00:00-08:00,22,67,990.93,6.6,6.6
2025-01-05T22:00:00-08:00,23,66,991.24,4.8,4.8
2025-01-05T23:00:00-08:00,24,64,991,4,4
2025-01-06T00:00:00-08:00,25,64,990.77,2.3,2.3
2025-01-06T01:00:00-08:00,25,63,990.39,1.5,1.5
2025-01-06T02:00:00-08:00,27,62,990.22,1.2,1.2
2025-01-06T03:00:00-08:00,29,61,990.02,1,1
2025-01-06T04:00:00-08:00,29,61,989.62,0.7,0.7
2025-01-06T05:00:00-08:00,28,62,989.63,0.8,0.8
2025-01-06T06:00:00-08:00,28,62,989.8,2.9,3
2025-01-06T07:00:00-08:00,29,62,989.88,1.7,1.7
2025-01-06T08:00:00-08:00,25,66,989.81,3.2,3.2
2025-01-06T09:00:00-08:00,21,72,989.97,1.9,1.9
2025-01-06T10:00:00-08:00,18,75,989.67,1.6,1.6
2025-01-06T11:00:00-08:00,17,78,988.51,2.2,2.2
2025-01-06T12:00:00-08:00,15,81,986.96,6.4,6.4
2025-01-06T13:00:00-08:00,14,85,985.89,16.6,16.6
2025-01-06T14:00:00-08:00,14,85,985.61,8.3,8.3
2025-01-06T15:00:00-08:00,15,84,985.5,0.8,0.8
2025-01-06T16:00:00-08:00,17,82,985.61,2,2
2025-01-06T17:00:00-08:00,21,77,985.71,3.2,3.2
2025-01-06T18:00:00-08:00,24,74,985.67,3.9,3.9
2025-01-06T19:00:00-08:00,27,73,985.53,7.6,7.6
2025-01-06T20:00:00-08:00,27,71,985.69,6.6,6.6
2025-01-06T21:00:00-08:00,29,70,985.61,9.3,9.3
2025-01-06T22:00:00-08:00,34,68,985.67,12.4,12.4
2025-01-06T23:00:00-08:00,35,67,985.6,12.6,12.6
2025-01-07T00:00:00-08:00,36,65,984.85,13.1,13.1
2025-01-07T01:00:00-08:00,38,64,984.54,11.7,11.7
2025-01-07T02:00:00-08:00,39,63,984.38,11.3,11.3
2025-01-07T03:00:00-08:00,39,62,983.9,10.6,10.6
2025-01-07T04:00:00-08:00,33,64,983.92,3.4,3.4
2025-01-07T05:00:00-08:00,26,69,983.96,0.1,0.1
2025-01-07T06:00:00-08:00,25,69,984.24,1.2,1.3
2025-01-07T07:00:00-08:00,25,70,984.64,0.5,0.5
2025-01-07T08:00:00-08:00,24,70,984.92,0.6,0.6
2025-01-07T09:00:00-08:00,22,72,985.64,0,0
2025-01-07T10:00:00-08:00,23,70,986.31,1.9,2
2025-01-07T11:00:00-08:00,21,71,984.84,2.4,2.5
2025-01-07T12:00:00-08:00,17,74,984.18,0.2,0.2
2025-01-07T13:00:00-08:00,15,76,984.65,0.4,0.4
2025-01-07T14:00:00-08:00,13,78,983.97,0.8,0.8
2025-01-07T15:00:00-08:00,12,77,983.72,0.8,0.8
2025-01-07T16:00:00-08:00,12,74,984.47,2.1,2.1
2025-01-07T17:00:00-08:00,11,71,985.34,1.2,1.2
2025-01-07T18:00:00-08:00,11,69,985.56,5.8,6.1
2025-01-07T19:00:00-08:00,12,68,985.72,7.7,8.2
2025-01-07T20:00:00-08:00,12,67,985.94,22.8,29.1
2025-01-07T21:00:00-08:00,12,67,986.7,45.8,61.4
2025-01-07T22:00:00-08:00,12,67,988.3,236.4,355.7
2025-01-07T23:00:00-08:00,12,68,988.47,323.5,484.7
2025-01-08T00:00:00-08:00,12,69,988.25,355.1,533.9
2025-01-08T01:00:00-08:00,12,68,988.75,331.8,498.9
2025-01-08T02:00:00-08:00,13,68,989.13,252.6,380.1
2025-01-08T03:00:00-08:00,12,68,988.95,361,542.8
2025-01-08T04:00:00-08:00,12,67,988.74,310.6,467.2
2025-01-08T05:00:00-08:00,12,68,988.62,229.1,344.9
2025-01-08T06:00:00-08:00,12,69,988.89,303.1,455.9
2025-01-08T07:00:00-08:00,13,68,989.92,177.1,266.9
2025-01-08T08:00:00-08:00,14,69,990.83,130.5,197
2025-01-08T09:00:00-08:00,13,68,991.7,136.6,206.2
2025-01-08T10:00:00-08:00,11,73,991.16,182.1,274.3
2025-01-08T11:00:00-08:00,12,75,990.26,115,173.7
2025-01-08T12:00:00-08:00,10,79,989.07,114,172.2
2025-01-08T13:00:00-08:00,9,80,988.77,134.8,203.4
2025-01-08T14:00:00-08:00,9,80,988.41,178.5,268.8
2025-01-08T15:00:00-08:00,10,79,988.41,171.1,257.8
2025-01-08T16:00:00-08:00,10,76,988.63,53.5,74.7
2025-01-08T17:00:00-08:00,11,72,988.99,62.7,90.5
2025-01-08T18:00:00-08:00,14,70,988.95,134.4,202.9
2025-01-08T19:00:00-08:00,16,66,989.31,154.6,233.3
2025-01-08T20:00:00-08:00,16,63,989.84,125.9,190.1
2025-01-08T21:00:00-08:00,16,62,990.04,94.6,143.3
2025-01-08T22:00:00-08:00,17,60,990.16,195.9,295.2
2025-01-08T23:00:00-08:00,18,60,989.76,335.5,504.6
2025-01-09T00:00:00-08:00,19,58,989.5,373.5,561.7
2025-01-09T01:00:00-08:00,19,58,989.48,377.3,567.3
2025-01-09T02:00:00-08:00,20,58,989.62,327.6,492.8
2025-01-09T03:00:00-08:00,21,57,989.46,290.5,437.1
2025-01-09T04:00:00-08:00,21,57,989.3,336.6,506.4
2025-01-09T05:00:00-08:00,20,57,989.29,359.4,540.6
2025-01-09T06:00:00-08:00,21,57,989.67,340.8,512.6
2025-01-09T07:00:00-08:00,19,58,989.95,339.3,510.4
2025-01-09T08:00:00-08:00,17,63,990.39,321.1,482.9
2025-01-09T09:00:00-08:00,14,69,990.78,253.2,381.1
2025-01-09T10:00:00-08:00,13,72,990.81,222.3,334.7
2025-01-09T11:00:00-08:00,11,74,989.95,125.1,188.8
2025-01-09T12:00:00-08:00,10,76,989.18,68.3,102.4
2025-01-09T13:00:00-08:00,9,79,988.49,55.8,82.2
2025-01-09T14:00:00-08:00,7,82,988.03,72.9,110.5
2025-01-09T15:00:00-08:00,8,82,988.25,53.4,77.9
2025-01-09T16:00:00-08:00,11,79,988.81,64.7,97.7
2025-01-09T17:00:00-08:00,14,72,989.8,78,118.2
2025-01-09T18:00:00-08:00,16,67,990.52,79.6,120.6
2025-01-09T19:00:00-08:00,17,65,991.52,80.9,122.5
2025-01-09T20:00:00-08:00,17,63,992.93,152,229.4
2025-01-09T21:00:00-08:00,16,62,993.46,170,256.3
2025-01-09T22:00:00-08:00,16,62,993.89,169.6,255.8
2025-01-09T23:00:00-08:00,16,62,994.1,138,208.4
2025-01-10T00:00:00-08:00,16,61,994.38,121.5,183.6
2025-01-10T01:00:00-08:00,16,61,994.62,140,211.4
2025-01-10T02:00:00-08:00,18,59,995.18,88.7,134.4
2025-01-10T03:00:00-08:00,19,58,995.39,93.5,141.6
2025-01-10T04:00:00-08:00,20,57,995.37,74.8,113
2025-01-10T05:00:00-08:00,20,57,995.86,70,104.7
2025-01-10T06:00:00-08:00,20,57,996.5,60.1,85.2
2025-01-10T07:00:00-08:00,20,59,997.02,44.8,53.3
2025-01-10T08:00:00-08:00,17,63,997.36,46.1,58.1
2025-01-10T09:00:00-08:00,13,70,997.6,115.1,173.8
2025-01-10T10:00:00-08:00,11,74,997.29,24.8,27.5
2025-01-10T11:00:00-08:00,10,76,996.21,27.2,28.7
2025-01-10T12:00:00-08:00,9,78,995.16,40.4,49.4
2025-01-10T13:00:00-08:00,8,81,994.19,44.9,58.9
2025-01-10T14:00:00-08:00,7,85,993.78,43.7,56.1
2025-01-10T15:00:00-08:00,9,82,993.74,65.3,97
2025-01-10T16:00:00-08:00,10,78,993.7,38.5,46.2
2025-01-10T17:00:00-08:00,13,72,993.55,32.2,34.2
2025-01-10T18:00:00-08:00,15,69,993.55,44.7,57
2025-01-10T19:00:00-08:00,17,66,993.59,59.2,86.7
2025-01-10T20:00:00-08:00,17,65,993.15,52.8,74.2
2025-01-10T21:00:00-08:00,18,64,992.78,52.7,73.1
2025-01-10T22:00:00-08:00,19,62,992.42,53,73.2
2025-01-10T23:00:00-08:00,19,61,991.7,58.6,84.5
2025-01-11T00:00:00-08:00,20,60,990.99,70.5,105.4
2025-01-11T01:00:00-08:00,22,58,990.54,113,170.9
2025-01-11T02:00:00-08:00,22,58,990.13,95.6,144.8
2025-01-11T03:00:00-08:00,23,56,989.56,94.4,143.1
2025-01-11T04:00:00-08:00,22,57,989.04,105.7,160
2025-01-11T05:00:00-08:00,22,56,988.82,112.2,169.7
2025-01-11T06:00:00-08:00,24,55,989.17,104.9,158.7
2025-01-11T07:00:00-08:00,24,56,989.36,131.5,198.7
2025-01-11T08:00:00-08:00,20,61,989.32,127.4,192.5
2025-01-11T09:00:00-08:00,20,67,989.47,76.4,113.6
2025-01-11T10:00:00-08:00,17,71,988.77,50.1,69.6
2025-01-11T11:00:00-08:00,18,74,987.48,40.6,49.6
2025-01-11T12:00:00-08:00,16,76,986.02,42.6,54.1
2025-01-11T13:00:00-08:00,16,79,985.08,36,41
2025-01-11T14:00:00-08:00,14,83,984.65,36.4,41.5
2025-01-11T15:00:00-08:00,18,82,984.51,31.5,33.9
2025-01-11T16:00:00-08:00,23,79,984.41,23.1,23.2
2025-01-11T17:00:00-08:00,27,73,984.84,20.7,20.8
2025-01-11T18:00:00-08:00,30,69,985.31,24.5,24.6
2025-01-11T19:00:00-08:00,32,66,985.86,31.2,32.6
2025-01-11T20:00:00-08:00,29,65,986.55,37,40.6
2025-01-11T21:00:00-08:00,22,65,986.96,35.3,38.1
2025-01-11T22:00:00-08:00,20,63,986.97,23.8,24.3
2025-01-11T23:00:00-08:00,19,61,987.3,13.8,13.8
2025-01-12T00:00:00-08:00,20,60,987.53,18.8,18.8
2025-01-12T01:00:00-08:00,15,63,987.58,14.7,14.9
2025-01-12T02:00:00-08:00,13,66,987.29,11.4,11.4
2025-01-12T03:00:00-08:00,17,64,987.23,17.2,17.2
2025-01-12T04:00:00-08:00,17,62,987.45,11.2,11.2
2025-01-12T05:00:00-08:00,18,62,987.89,12.1,12.1
2025-01-12T06:00:00-08:00,20,59,988.5,12.3,12.3
2025-01-12T07:00:00-08:00,20,59,989.12,14.2,14.2
2025-01-12T08:00:00-08:00,18,63,989.59,11.5,11.5
2025-01-12T09:00:00-08:00,13,68,989.72,1.9,1.9
2025-01-12T10:00:00-08:00,11,70,989.73,1,1
2025-01-12T11:00:00-08:00,10,72,988.75,0.9,0.9
2025-01-12T12:00:00-08:00,10,75,987.66,1.6,1.6
2025-01-12T13:00:00-08:00,9,78,986.99,3,3
2025-01-12T14:00:00-08:00,8,82,986.92,1.7,1.7
2025-01-12T15:00:00-08:00,8,80,986.86,1.4,1.4
2025-01-12T16:00:00-08:00,10,77,987.52,1.7,1.7
2025-01-12T17:00:00-08:00,16,71,988.08,1.4,1.4
2025-01-12T18:00:00-08:00,17,67,988.42,3.5,3.5
2025-01-12T19:00:00-08:00,15,65,989.21,5.9,5.9
2025-01-12T20:00:00-08:00,16,63,989.81,2.9,2.9
2025-01-12T21:00:00-08:00,17,61,990.25,3.8,3.8
2025-01-12T22:00:00-08:00,18,59,990.63,6.3,6.3
2025-01-12T23:00:00-08:00,18,59,990.56,9.9,9.9
2025-01-13T00:00:00-08:00,20,58,990.57,15.6,15.6
2025-01-13T01:00:00-08:00,21,57,990.74,13.7,13.7
2025-01-13T02:00:00-08:00,21,55,990.74,13.6,13.6
2025-01-13T03:00:00-08:00,20,57,990.77,15.9,15.9
2025-01-13T04:00:00-08:00,21,55,990.86,19.7,19.7
2025-01-13T05:00:00-08:00,21,56,991.12,17.6,17.6
2025-01-13T06:00:00-08:00,21,55,991.44,20.5,20.5
2025-01-13T07:00:00-08:00,21,56,992,21.6,21.6
2025-01-13T08:00:00-08:00,18,61,992.47,8.4,8.4
2025-01-13T09:00:00-08:00,14,66,993.12,1.3,1.3
2025-01-13T10:00:00-08:00,13,69,993.29,1.6,1.6
2025-01-13T11:00:00-08:00,11,72,992.54,2.5,2.5
2025-01-13T12:00:00-08:00,11,72,992.23,4,4
2025-01-13T13:00:00-08:00,9,77,991.81,4.8,4.8
2025-01-13T14:00:00-08:00,7,80,991.76,3.5,3.5
2025-01-13T15:00:00-08:00,8,78,992.1,3.3,3.3
2025-01-13T16:00:00-08:00,9,77,992.4,1.4,1.4
2025-01-13T17:00:00-08:00,11,70,992.88,1.2,1.2
2025-01-13T18:00:00-08:00,12,66,993.65,1.2,1.2
2025-01-13T19:00:00-08:00,12,64,994.39,1,1
2025-01-13T20:00:00-08:00,13,62,994.9,1.8,1.8
2025-01-13T21:00:00-08:00,14,60,995.39,2.6,2.6
2025-01-13T22:00:00-08:00,16,57,995.72,2.9,2.9
2025-01-13T23:00:00-08:00,16,57,995.83,6.4,6.4
2025-01-14T00:00:00-08:00,18,55,995.92,4.7,4.7
2025-01-14T01:00:00-08:00,18,54,995.86,4.1,4.1
2025-01-14T02:00:00-08:00,19,53,995.86,2.7,2.7
2025-01-14T03:00:00-08:00,20,52,995.78,2.5,2.5
2025-01-14T04:00:00-08:00,21,52,995.53,4.5,4.5
2025-01-14T05:00:00-08:00,20,52,995.74,6.5,6.5
2025-01-14T06:00:00-08:00,20,52,996.14,9.3,9.3
2025-01-14T07:00:00-08:00,19,55,996.53,12.7,12.7
2025-01-14T08:00:00-08:00,15,61,996.81,11,11
2025-01-14T09:00:00-08:00,12,67,996.76,1.2,1.2
2025-01-14T10:00:00-08:00,10,70,996.55,0.4,0.4
2025-01-14T11:00:00-08:00,10,71,995.69,0.6,0.6
2025-01-14T12:00:00-08:00,10,75,994.45,0.9,0.9
2025-01-14T13:00:00-08:00,8,78,993.08,0.5,0.5
2025-01-14T14:00:00-08:00,8,81,992.49,0.4,0.4
2025-01-14T15:00:00-08:00,9,80,992.41,0.6,0.6
2025-01-14T16:00:00-08:00,10,76,992.46,0.5,0.5
2025-01-14T17:00:00-08:00,12,71,992.87,1.1,1.1
2025-01-14T18:00:00-08:00,13,68,993.27,2,2
2025-01-14T19:00:00-08:00,16,65,993.73,2.9,2.9
2025-01-14T20:00:00-08:00,17,63,994,4,4
2025-01-14T21:00:00-08:00,17,62,994.43,2.9,2.9
2025-01-14T22:00:00-08:00,17,60,994.65,2.5,2.5
2025-01-14T23:00:00-08:00,16,60,994.5,2.3,2.3
2025-01-15T00:00:00-08:00,17,61,994.02,2.1,2.1
2025-01-15T01:00:00-08:00,18,58,993.95,2.7,2.7
2025-01-15T02:00:00-08:00,17,59,993.81,2.6,2.6
2025-01-15T03:00:00-08:00,18,59,993.48,1.4,1.4
2025-01-15T04:00:00-08:00,20,57,993.45,1.2,1.2
2025-01-15T05:00:00-08:00,20,56,993.8,2,2
2025-01-15T06:00:00-08:00,21,56,993.8,3,3
2025-01-15T07:00:00-08:00,21,56,993.86,5.7,5.7
2025-01-15T08:00:00-08:00,17,63,993.78,7.3,7.3
2025-01-15T09:00:00-08:00,13,71,993.66,5.2,5.2
2025-01-15T10:00:00-08:00,12,74,993.59,6.8,6.8
2025-01-15T11:00:00-08:00,10,76,993.06,2.1,2.1
2025-01-15T12:00:00-08:00,9,79,992.3,1,1
2025-01-15T13:00:00-08:00,8,83,991.48,0.4,0.4
2025-01-15T14:00:00-08:00,6,87,990.8,0.1,0.1
2025-01-15T15:00:00-08:00,7,86,990.8,0.2,0.2
2025-01-15T16:00:00-08:00,8,84,991.25,0.4,0.4
2025-01-15T17:00:00-08:00,11,77,992.06,1.5,1.5
2025-01-15T18:00:00-08:00,13,72,992.64,2.1,2.1
2025-01-15T19:00:00-08:00,15,68,992.87,2.8,2.8
2025-01-15T20:00:00-08:00,16,66,993.21,3.1,3.1
2025-01-15T21:00:00-08:00,15,64,993.71,4.8,4.8
2025-01-15T22:00:00-08:00,17,62,993.83,5.2,5.2
2025-01-15T23:00:00-08:00,17,61,993.35,4.9,4.9
2025-01-16T00:00:00-08:00,15,61,992.78,3.7,3.7
2025-01-16T01:00:00-08:00,16,60,992.47,3.1,3.1
2025-01-16T02:00:00-08:00,17,58,992.17,2.8,2.8
2025-01-16T03:00:00-08:00,18,57,991.93,2.3,2.3
2025-01-16T04:00:00-08:00,19,56,991.74,1.2,1.2
2025-01-16T05:00:00-08:00,19,56,991.87,4.6,4.6
2025-01-16T06:00:00-08:00,19,56,991.92,5.3,5.3
2025-01-16T07:00:00-08:00,17,59,991.52,12.4,12.4
2025-01-16T08:00:00-08:00,14,66,991.55,10.3,10.3
2025-01-16T09:00:00-08:00,12,72,991.58,11.2,11.2
2025-01-16T10:00:00-08:00,11,74,991.41,3.8,3.8
2025-01-16T11:00:00-08:00,10,76,990.46,2.1,2.1
2025-01-16T12:00:00-08:00,9,78,989.49,2.6,2.6
2025-01-16T13:00:00-08:00,10,81,988.85,10.8,10.8
2025-01-16T14:00:00-08:00,11,83,988.75,8.8,8.8
2025-01-16T15:00:00-08:00,16,77,989.08,3.5,3.5
2025-01-16T16:00:00-08:00,19,75,989.59,3,3
2025-01-16T17:00:00-08:00,22,71,990.2,4.7,4.7
2025-01-16T18:00:00-08:00,24,68,990.7,6.3,6.3
2025-01-16T19:00:00-08:00,28,66,991.21,8.4,8.4
2025-01-16T20:00:00-08:00,26,64,991.9,9.1,9.1
2025-01-16T21:00:00-08:00,27,63,992.42,11.5,11.5
2025-01-16T22:00:00-08:00,30,62,992.68,15.2,15.2
2025-01-16T23:00:00-08:00,30,62,992.73,18.6,18.6
2025-01-17T00:00:00-08:00,30,61,992.54,19.5,19.5
2025-01-17T01:00:00-08:00,30,60,992.76,18.5,18.5
2025-01-17T02:00:00-08:00,31,59,992.81,20.4,20.4
2025-01-17T03:00:00-08:00,30,59,992.7,23.3,23.3
2025-01-17T04:00:00-08:00,30,60,992.68,25.9,25.9
2025-01-17T05:00:00-08:00,29,61,992.97,26.5,26.5
2025-01-17T06:00:00-08:00,30,61,993.27,23.2,23.2
2025-01-17T07:00:00-08:00,31,62,993.51,23.6,23.6
2025-01-17T08:00:00-08:00,30,65,993.75,25.3,25.5
2025-01-17T09:00:00-08:00,33,68,994.12,19.9,19.9
2025-01-17T10:00:00-08:00,33,70,994.4,10.4,10.4
2025-01-17T11:00:00-08:00,30,71,993.79,10.9,10.9
2025-01-17T12:00:00-08:00,28,73,992.62,13.7,13.7
2025-01-17T13:00:00-08:00,25,76,991.71,16.4,16.5
2025-01-17T14:00:00-08:00,22,80,991.15,19.2,19.2
2025-01-17T15:00:00-08:00,25,77,990.94,22.2,22.2
2025-01-17T16:00:00-08:00,29,75,991.06,17.1,17.1
2025-01-17T17:00:00-08:00,35,71,991.59,14.1,14.1
2025-01-17T18:00:00-08:00,37,69,992.31,6.8,6.8
2025-01-17T19:00:00-08:00,39,67,992.46,6,6
2025-01-17T20:00:00-08:00,40,65,992.86,8,8
2025-01-17T21:00:00-08:00,39,66,993.24,9.9,9.9
2025-01-17T22:00:00-08:00,39,67,993.41,14.5,14.5
2025-01-17T23:00:00-08:00,38,66,993.52,18.7,18.7
2025-01-18T00:00:00-08:00,37,66,993.46,27.4,27.7
2025-01-18T01:00:00-08:00,39,64,993.47,34.2,35.5
2025-01-18T02:00:00-08:00,37,64,993.37,37.7,40.7
2025-01-18T03:00:00-08:00,35,64,993.12,37.9,40.9
2025-01-18T04:00:00-08:00,35,64,992.98,37.9,40.7
2025-01-18T05:00:00-08:00,36,62,993.31,39.4,42.7
2025-01-18T06:00:00-08:00,36,62,993.69,41.1,45.4
2025-01-18T07:00:00-08:00,35,64,994.08,40.7,45.1
2025-01-18T08:00:00-08:00,33,66,994.54,40.2,45.1
2025-01-18T09:00:00-08:00,33,68,994.98,37.3,40.9
2025-01-18T10:00:00-08:00,33,69,995.1,33.7,35.6
2025-01-18T11:00:00-08:00,31,70,994.23,35.8,39
2025-01-18T12:00:00-08:00,30,73,993.06,34.2,36.7
2025-01-18T13:00:00-08:00,26,77,992.26,33.2,35.6
2025-01-18T14:00:00-08:00,23,81,991.88,32.1,34.3
2025-01-18T15:00:00-08:00,24,78,992.01,35,38.9
2025-01-18T16:00:00-08:00,29,75,992.54,31.5,33.1
2025-01-18T17:00:00-08:00,35,70,993.25,26.4,26.5
2025-01-18T18:00:00-08:00,37,68,993.53,26.3,26.3
2025-01-18T19:00:00-08:00,38,67,993.57,27.5,27.6
2025-01-18T20:00:00-08:00,40,65,993.76,33,34.3
2025-01-18T21:00:00-08:00,39,64,993.96,37.7,40.6
2025-01-18T22:00:00-08:00,39,63,994.4,39,42.4
2025-01-18T23:00:00-08:00,39,62,994.58,40,43.6
2025-01-19T00:00:00-08:00,39,60,994.58,40,43.4
2025-01-19T01:00:00-08:00,40,59,994.56,43.5,49.2
2025-01-19T02:00:00-08:00,38,60,994.42,39.7,42.9
2025-01-19T03:00:00-08:00,42,57,994.14,45.5,52.3
2025-01-19T04:00:00-08:00,41,57,993.54,41.7,46
2025-01-19T05:00:00-08:00,40,56,993.61,38.6,40.6
2025-01-19T06:00:00-08:00,40,56,994.03,35,35.8
2025-01-19T07:00:00-08:00,41,56,994.3,39.3,41.8
2025-01-19T08:00:00-08:00,39,61,994.33,43.1,49.4
2025-01-19T09:00:00-08:00,39,66,994.44,41.3,47.5
2025-01-19T10:00:00-08:00,40,67,993.67,41.4,48.2
2025-01-19T11:00:00-08:00,38,68,992.63,41.8,49.2
2025-01-19T12:00:00-08:00,35,71,991.47,41.3,49.1
2025-01-19T13:00:00-08:00,31,75,990.34,39.7,47
2025-01-19T14:00:00-08:00,29,77,989.67,36.1,40.8
2025-01-19T15:00:00-08:00,32,74,989.25,31,32.5
2025-01-19T16:00:00-08:00,35,72,989.15,26.9,27
2025-01-19T17:00:00-08:00,41,67,989.29,30.3,30.9
2025-01-19T18:00:00-08:00,41,67,989.25,33.7,35.7
2025-01-19T19:00:00-08:00,42,65,989.15,35.3,37.3
2025-01-19T20:00:00-08:00,42,65,989.43,38.5,42.3
2025-01-19T21:00:00-08:00,41,67,989.86,39.2,43.7
2025-01-19T22:00:00-08:00,40,67,990.4,44.7,54.2
2025-01-19T23:00:00-08:00,41,67,990.86,47.8,60.8
2025-01-20T00:00:00-08:00,41,67,990.85,47,58.9
2025-01-20T01:00:00-08:00,42,66,990.51,50.1,65.5
2025-01-20T02:00:00-08:00,41,66,990.34,50.4,66.3
2025-01-20T03:00:00-08:00,40,66,989.99,49.5,64.2
2025-01-20T04:00:00-08:00,38,66,989.76,46.5,58
2025-01-20T05:00:00-08:00,38,66,989.46,47.1,59
2025-01-20T06:00:00-08:00,38,65,989.59,47.8,60.4
2025-01-20T07:00:00-08:00,40,62,990.04,52,68.3
2025-01-20T08:00:00-08:00,39,64,990.49,51.8,68.9
2025-01-20T09:00:00-08:00,35,68,991.12,44.2,53.9
2025-01-20T10:00:00-08:00,27,72,991.83,34.6,37.7
2025-01-20T11:00:00-08:00,23,75,992.47,28.9,30
2025-01-20T12:00:00-08:00,12,78,992.13,5.2,5.2
2025-01-20T13:00:00-08:00,7,80,991.71,0.3,0.3
2025-01-20T14:00:00-08:00,5,84,991.76,0.1,0.1
2025-01-20T15:00:00-08:00,4,80,992.28,0.1,0.1
2025-01-20T16:00:00-08:00,4,79,992.91,0.3,0.3
2025-01-20T17:00:00-08:00,7,72,994,0.3,0.3
2025-01-20T18:00:00-08:00,8,70,995.3,0.8,0.8
2025-01-20T19:00:00-08:00,10,66,996.31,2.4,2.4
2025-01-20T20:00:00-08:00,12,63,996.94,1.7,1.7
2025-01-20T21:00:00-08:00,13,61,997.76,1.4,1.4
2025-01-20T22:00:00-08:00,13,60,998.81,1.7,1.7
2025-01-20T23:00:00-08:00,12,60,999.52,1.4,1.4
2025-01-21T00:00:00-08:00,12,59,999.97,1,1
2025-01-21T01:00:00-08:00,13,58,1000.39,1.4,1.4
2025-01-21T02:00:00-08:00,13,58,1000.91,2.9,2.9
2025-01-21T03:00:00-08:00,14,57,1000.89,3.4,3.4
2025-01-21T04:00:00-08:00,16,54,1000.68,3.8,3.8
2025-01-21T05:00:00-08:00,15,54,1000.6,2.3,2.3
2025-01-21T06:00:00-08:00,15,54,1000.54,2.6,2.6
2025-01-21T07:00:00-08:00,14,55,1000.63,3.3,3.3
2025-01-21T08:00:00-08:00,12,61,1000.7,2.5,2.5
2025-01-21T09:00:00-08:00,8,68,1000.56,0.8,0.8
2025-01-21T10:00:00-08:00,7,71,1000.44,0.8,0.8
2025-01-21T11:00:00-08:00,5,73,999.87,0.4,0.4
2025-01-21T12:00:00-08:00,5,76,998.55,0.3,0.3
2025-01-21T13:00:00-08:00,4,82,997.68,0.4,0.4
2025-01-21T14:00:00-08:00,4,87,996.38,0.4,0.4
2025-01-21T15:00:00-08:00,5,84,995.8,0.8,0.8
2025-01-21T16:00:00-08:00,5,85,995.79,1.4,1.4
2025-01-21T17:00:00-08:00,9,73,996.47,3.8,3.8
2025-01-21T18:00:00-08:00,10,69,996.7,3.6,3.6
2025-01-21T19:00:00-08:00,10,68,996.53,3.2,3.2
2025-01-21T20:00:00-08:00,10,67,996.7,4.1,4.1
2025-01-21T21:00:00-08:00,10,65,996.76,2.7,2.7
2025-01-21T22:00:00-08:00,12,63,996.97,2.3,2.3
2025-01-21T23:00:00-08:00,13,63,996.67,2.1,2.1
2025-01-22T00:00:00-08:00,15,60,996.32,2.2,2.2
2025-01-22T01:00:00-08:00,15,59,995.76,1.9,1.9
2025-01-22T02:00:00-08:00,14,60,995.12,2.1,2.1
2025-01-22T03:00:00-08:00,15,59,994.59,2.2,2.2
2025-01-22T04:00:00-08:00,15,58,994.26,2.9,2.9
2025-01-22T05:00:00-08:00,15,58,994.18,2.4,2.4
2025-01-22T06:00:00-08:00,14,59,994.21,2.5,2.5
2025-01-22T07:00:00-08:00,15,60,994.24,5,5.7
2025-01-22T08:00:00-08:00,15,65,994.18,4.8,4.8
2025-01-22T09:00:00-08:00,13,72,994.42,2.8,2.8
2025-01-22T10:00:00-08:00,11,77,994.51,1.6,1.6
2025-01-22T11:00:00-08:00,8,79,993.78,1.2,1.2
2025-01-22T12:00:00-08:00,6,83,992.82,1.7,1.7
2025-01-22T13:00:00-08:00,5,89,991.87,1.4,1.4
2025-01-22T14:00:00-08:00,5,92,991.41,0.3,0.3
2025-01-22T15:00:00-08:00,5,90,991.71,1.4,1.4
2025-01-22T16:00:00-08:00,7,86,991.91,1.9,1.9
2025-01-22T17:00:00-08:00,10,78,992.18,2.6,2.6
2025-01-22T18:00:00-08:00,12,74,992.58,3.4,3.4
2025-01-22T19:00:00-08:00,12,71,993.1,3.4,3.4
2025-01-22T20:00:00-08:00,11,69,993.57,1.9,1.9
2025-01-22T21:00:00-08:00,10,68,994.05,2,2
2025-01-22T22:00:00-08:00,11,66,994.64,1.5,1.5
2025-01-22T23:00:00-08:00,11,65,994.78,1,1
2025-01-23T00:00:00-08:00,11,65,994.86,1.3,1.3
2025-01-23T01:00:00-08:00,12,63,995.12,1.4,1.4
2025-01-23T02:00:00-08:00,13,63,995.17,1.1,1.1
2025-01-23T03:00:00-08:00,13,63,995.1,1.7,1.7
2025-01-23T04:00:00-08:00,13,62,994.92,2.7,2.7
2025-01-23T05:00:00-08:00,13,62,994.86,3,3
2025-01-23T06:00:00-08:00,13,62,995.31,3.2,3.2
2025-01-23T07:00:00-08:00,13,63,995.62,4.6,4.8
2025-01-23T08:00:00-08:00,12,70,995.61,4.8,4.8
2025-01-23T09:00:00-08:00,8,78,996,2.3,2.3
2025-01-23T10:00:00-08:00,6,82,995.93,1,1
2025-01-23T11:00:00-08:00,5,85,995.1,2.4,2.4
2025-01-23T12:00:00-08:00,5,86,994.23,1.6,1.6
2025-01-23T13:00:00-08:00,3,93,993.43,0.3,0.3
2025-01-23T14:00:00-08:00,2,98,993.02,0.4,0.4
2025-01-23T15:00:00-08:00,3,92,993.08,0.4,0.4
2025-01-23T16:00:00-08:00,2,94,993.13,0.4,0.4
2025-01-23T17:00:00-08:00,4,84,993.47,0.6,0.6
2025-01-23T18:00:00-08:00,4,80,993.77,0.1,0.1
2025-01-23T19:00:00-08:00,6,77,993.82,2,2
2025-01-23T20:00:00-08:00,7,73,994.09,4.7,4.7
2025-01-23T21:00:00-08:00,7,71,994.06,4.3,4.3
2025-01-23T22:00:00-08:00,8,69,993.88,3.1,3.1
2025-01-23T23:00:00-08:00,9,67,993.58,3,3
2025-01-24T00:00:00-08:00,10,65,992.88,1.9,1.9
2025-01-24T01:00:00-08:00,10,65,992.34,1.4,1.4
2025-01-24T02:00:00-08:00,10,63,991.92,1.1,1.1
2025-01-24T03:00:00-08:00,11,62,991.56,1.2,1.2
2025-01-24T04:00:00-08:00,12,61,990.97,1.9,1.9
2025-01-24T05:00:00-08:00,12,61,990.72,2.3,2.6
2025-01-24T06:00:00-08:00,12,61,990.72,3.1,3.1
2025-01-24T07:00:00-08:00,12,62,990.41,3.2,3.2
2025-01-24T08:00:00-08:00,10,68,990.4,2.5,2.5
2025-01-24T09:00:00-08:00,6,73,990.41,0.6,0.6
2025-01-24T10:00:00-08:00,5,77,989.92,0.5,0.5
2025-01-24T15:00:00-08:00,6,80,983.53,0.8,0.8
2025-01-24T16:00:00-08:00,4,84,983.39,0.4,0.4
2025-01-24T17:00:00-08:00,5,78,983.51,0.6,0.6
2025-01-24T18:00:00-08:00,6,74,983.44,1.2,1.2
2025-01-24T19:00:00-08:00,8,70,983.41,2.7,2.7
2025-01-24T20:00:00-08:00,10,67,983.32,3.6,3.6
2025-01-24T21:00:00-08:00,10,66,983.29,3.8,3.8
2025-01-24T22:00:00-08:00,10,65,983.5,4.6,4.6
2025-01-24T23:00:00-08:00,11,65,983.5,4.4,4.4
2025-01-25T00:00:00-08:00,12,63,983.39,5.1,5.1
2025-01-25T01:00:00-08:00,13,61,983.23,5.7,5.7
2025-01-25T02:00:00-08:00,14,60,983.02,7.4,7.4
2025-01-25T03:00:00-08:00,17,61,982.24,8,8
2025-01-25T04:00:00-08:00,17,61,981.75,6.5,6.5
2025-01-25T05:00:00-08:00,16,61,981.54,5.2,5.2
2025-01-25T06:00:00-08:00,16,59,981.83,5.8,5.8
2025-01-25T07:00:00-08:00,16,59,982.26,5.7,5.7
2025-01-25T08:00:00-08:00,12,65,982.78,7.5,7.5
2025-01-25T09:00:00-08:00,9,73,983.01,18,18
2025-01-25T10:00:00-08:00,12,75,983.04,23.3,23.5
2025-01-25T11:00:00-08:00,21,77,982.64,23.2,23.3
2025-01-25T12:00:00-08:00,25,77,982.15,26.6,27.1
2025-01-25T13:00:00-08:00,26,77,981.6,14.5,14.5
2025-01-25T14:00:00-08:00,30,75,981.36,14.5,14.5
2025-01-25T15:00:00-08:00,34,71,981.71,6.3,6.3
2025-01-25T16:00:00-08:00,33,68,982.45,5.3,5.3
2025-01-25T17:00:00-08:00,34,68,983,3.9,3.9
2025-01-25T18:00:00-08:00,33,69,983.39,5.2,5.2
2025-01-25T19:00:00-08:00,35,69,983.74,5.4,5.4
2025-01-25T20:00:00-08:00,39,67,984.19,5.4,5.4
2025-01-25T21:00:00-08:00,39,67,984.68,5.9,5.9
2025-01-25T22:00:00-08:00,40,67,985.1,6.6,6.6
2025-01-25T23:00:00-08:00,45,66,985.38,6,6
2025-01-26T00:00:00-08:00,44,66,985.72,4.3,4.3
2025-01-26T01:00:00-08:00,44,66,985.68,4.5,4.5
2025-01-26T02:00:00-08:00,43,66,985.71,3.3,3.3
2025-01-26T03:00:00-08:00,42,66,985.77,2.9,2.9
2025-01-26T04:00:00-08:00,45,63,985.89,3.6,3.6
2025-01-26T05:00:00-08:00,44,63,986.24,2.5,2.5
2025-01-26T06:00:00-08:00,45,62,987.01,2.6,2.6
2025-01-26T07:00:00-08:00,45,63,987.48,2.8,2.8
2025-01-26T08:00:00-08:00,44,64,988.08,1.8,1.8
2025-01-26T09:00:00-08:00,41,64,988.78,1.3,1.3
2025-01-26T10:00:00-08:00,36,67,988.72,0.5,0.5
2025-01-26T11:00:00-08:00,38,65,988.32,0.7,0.7
2025-01-26T12:00:00-08:00,49,63,988,1.6,1.6
2025-01-26T13:00:00-08:00,46,64,987.42,1,1
2025-01-26T14:00:00-08:00,45,64,987.31,0.6,0.6
2025-01-26T15:00:00-08:00,44,64,987.3,0.6,0.6
2025-01-26T16:00:00-08:00,37,68,986.89,0.6,0.6
2025-01-26T17:00:00-08:00,42,65,986.93,2.5,2.5
2025-01-26T18:00:00-08:00,46,64,987.45,4.6,4.6
2025-01-26T19:00:00-08:00,48,63,987.61,3.9,3.9
2025-01-26T20:00:00-08:00,44,63,987.66,2.2,2.2
2025-01-26T21:00:00-08:00,41,64,987.73,1,1
2025-01-26T22:00:00-08:00,43,64,987.98,1.7,1.7
2025-01-26T23:00:00-08:00,44,63,988.01,0.9,0.9
2025-01-27T00:00:00-08:00,46,62,988.37,3.4,3.4
2025-01-27T01:00:00-08:00,46,62,988.54,1.3,1.3
2025-01-27T02:00:00-08:00,46,62,988.15,2.6,2.6
2025-01-27T03:00:00-08:00,45,62,987.87,2.3,2.3
2025-01-27T04:00:00-08:00,45,61,987.76,2.1,2.1
2025-01-27T05:00:00-08:00,45,61,988.12,1.7,1.7
2025-01-27T06:00:00-08:00,44,61,988.73,1.3,1.3
2025-01-27T07:00:00-08:00,45,61,989.37,1.6,1.6
2025-01-27T08:00:00-08:00,42,63,990,1.7,1.7
2025-01-27T09:00:00-08:00,39,66,990.51,1.8,1.8
2025-01-27T10:00:00-08:00,37,67,990.86,1.7,1.7
2025-01-27T11:00:00-08:00,34,68,990.52,1.4,1.4
2025-01-27T12:00:00-08:00,32,70,989.43,2,2
2025-01-27T13:00:00-08:00,27,76,988.49,3,3
2025-01-27T14:00:00-08:00,23,80,988.2,3.4,3.4
2025-01-27T15:00:00-08:00,26,74,988.17,5.1,5.1
2025-01-27T16:00:00-08:00,28,73,988.34,6.7,6.7
2025-01-27T17:00:00-08:00,32,68,988.98,3.3,3.3
2025-01-27T18:00:00-08:00,33,67,989.45,3.1,3.1
2025-01-27T19:00:00-08:00,36,65,989.7,6.1,6.1
2025-01-27T20:00:00-08:00,38,64,989.81,7.3,7.3
2025-01-27T21:00:00-08:00,37,64,989.75,8.5,8.5
2025-01-27T22:00:00-08:00,35,64,989.87,10.2,10.2
2025-01-27T23:00:00-08:00,35,63,989.85,10.2,10.2
2025-01-28T00:00:00-08:00,35,62,989.47,11.5,11.5
2025-01-28T01:00:00-08:00,35,62,989.35,13.8,13.8
2025-01-28T02:00:00-08:00,35,61,989.16,15.1,15.1
2025-01-28T03:00:00-08:00,35,61,988.86,15.4,15.4
2025-01-28T04:00:00-08:00,35,61,988.4,15.5,15.5
2025-01-28T05:00:00-08:00,34,62,988.39,15.5,15.5
2025-01-28T06:00:00-08:00,33,63,988.55,16.1,16.1
2025-01-28T07:00:00-08:00,33,64,988.9,20.6,20.6
2025-01-28T08:00:00-08:00,32,66,989.01,23.8,23.9
2025-01-28T09:00:00-08:00,32,68,989.52,34.6,36.5
2025-01-28T10:00:00-08:00,31,71,989.19,25.8,26.1
2025-01-28T11:00:00-08:00,30,73,988.51,17.6,17.6
2025-01-28T12:00:00-08:00,29,75,987.4,17.4,17.4
2025-01-28T13:00:00-08:00,24,81,986.5,20.1,20.1
2025-01-28T14:00:00-08:00,22,84,986.15,19.5,19.5
2025-01-28T15:00:00-08:00,29,77,986.32,19.4,19.4
2025-01-28T16:00:00-08:00,28,78,986.47,12.3,12.3
2025-01-28T17:00:00-08:00,38,69,986.93,10.7,10.7
2025-01-28T18:00:00-08:00,42,65,987.4,13.4,13.4
2025-01-28T19:00:00-08:00,43,64,987.87,16,16
2025-01-28T20:00:00-08:00,44,64,988.17,19.2,19.2
2025-01-28T21:00:00-08:00,45,64,988.54,13.7,13.7
2025-01-28T22:00:00-08:00,46,64,988.96,12.2,12.2
2025-01-28T23:00:00-08:00,47,64,989.06,16.4,16.4
2025-01-29T00:00:00-08:00,47,63,988.83,17.6,17.6
2025-01-29T01:00:00-08:00,49,61,988.79,18.6,18.6
2025-01-29T02:00:00-08:00,50,60,988.95,20.2,20.2
2025-01-29T03:00:00-08:00,50,60,989.22,22,22
2025-01-29T04:00:00-08:00,47,60,989.41,23.6,23.6
2025-01-29T05:00:00-08:00,46,58,989.89,22.4,22.4
2025-01-29T06:00:00-08:00,45,57,990.52,21.2,21.2
2025-01-29T07:00:00-08:00,45,57,991.09,21.2,21.2
2025-01-29T08:00:00-08:00,42,61,991.54,17.6,17.6
2025-01-29T09:00:00-08:00,43,64,992.07,10.7,10.7
2025-01-29T10:00:00-08:00,37,67,991.99,8.7,8.7
2025-01-29T11:00:00-08:00,33,68,991.49,10.1,10.1
2025-01-29T12:00:00-08:00,31,70,990.4,15,15
2025-01-29T13:00:00-08:00,26,77,989.08,20.5,20.5
2025-01-29T14:00:00-08:00,22,81,988.66,20,20
2025-01-29T15:00:00-08:00,29,74,988.77,19.4,19.4
2025-01-29T16:00:00-08:00,30,73,989.14,14.9,14.9
2025-01-29T17:00:00-08:00,40,65,989.9,21,21
2025-01-29T18:00:00-08:00,44,64,990.47,25.6,25.6
2025-01-29T19:00:00-08:00,46,63,990.91,25.9,26
2025-01-29T20:00:00-08:00,47,61,991.28,29.1,29.4
2025-01-29T21:00:00-08:00,47,60,991.79,33,33.9
2025-01-29T22:00:00-08:00,47,60,992.33,33.4,34.5
2025-01-29T23:00:00-08:00,47,60,992.63,34.6,36
2025-01-30T00:00:00-08:00,46,59,992.84,31.4,31.8
2025-01-30T01:00:00-08:00,48,57,992.95,33.2,34.1
2025-01-30T02:00:00-08:00,48,57,992.97,35.3,36.7
2025-01-30T03:00:00-08:00,47,59,993.07,38.4,41.3
2025-01-30T04:00:00-08:00,47,61,993.19,40.6,45.2
2025-01-30T05:00:00-08:00,45,61,993.35,35.8,37.9
2025-01-30T06:00:00-08:00,43,62,993.52,35.9,38.1
2025-01-30T07:00:00-08:00,43,62,993.93,38.6,42.6
2025-01-30T08:00:00-08:00,43,63,994.43,43.3,50.8
2025-01-30T09:00:00-08:00,40,65,995.1,34.5,37.7
2025-01-30T10:00:00-08:00,37,66,995.55,21.1,21.2
2025-01-30T11:00:00-08:00,34,67,995.35,19.4,19.4
2025-01-30T12:00:00-08:00,33,68,994.77,23,23
2025-01-30T13:00:00-08:00,26,77,993.7,24.3,24.4
2025-01-30T14:00:00-08:00,20,85,993.16,24.2,24.3
2025-01-30T15:00:00-08:00,24,78,993.11,29.5,30.4
2025-01-30T16:00:00-08:00,24,79,992.92,27.2,27.9
2025-01-30T17:00:00-08:00,30,73,993.2,17,17
2025-01-30T18:00:00-08:00,30,73,993.21,14.1,14.1
2025-01-30T19:00:00-08:00,30,72,993.62,17.4,17.4
2025-01-30T20:00:00-08:00,32,70,994.02,24.6,24.6
2025-01-30T21:00:00-08:00,34,68,994.44,29.5,29.9
2025-01-30T22:00:00-08:00,36,65,994.69,34.1,35.2
2025-01-30T23:00:00-08:00,35,65,994.71,38,40.6
2025-01-31T00:00:00-08:00,34,65,994.9,38.2,40.8
2025-01-31T01:00:00-08:00,36,62,994.56,40,43.3
2025-01-31T02:00:00-08:00,35,62,994.59,37.4,39.3
2025-01-31T03:00:00-08:00,36,61,994.37,38.6,40.9
2025-01-31T04:00:00-08:00,36,60,994.1,32.8,33.2
2025-01-31T05:00:00-08:00,34,62,994.36,33.3,33.9
2025-01-31T06:00:00-08:00,34,62,994.74,30.9,31.1
2025-01-31T07:00:00-08:00,34,63,995.27,32.6,33.1
2025-01-31T08:00:00-08:00,31,68,995.49,30,30.5
2025-01-31T09:00:00-08:00,31,69,996.12,37.1,40.5
2025-01-31T10:00:00-08:00,31,70,996.26,39.8,45.1
2025-01-31T11:00:00-08:00,28,73,995.41,38.6,43.8
2025-01-31T12:00:00-08:00,26,77,994.36,34.6,37.8
2025-01-31T13:00:00-08:00,21,82,993.06,27.9,28.9
2025-01-31T14:00:00-08:00,17,88,992.38,25.5,25.7
2025-01-31T15:00:00-08:00,20,83,992.3,30.3,31.8
2025-01-31T16:00:00-08:00,26,80,992.44,28.3,29.3
2025-01-31T17:00:00-08:00,39,67,992.96,26.3,26.4
2025-01-31T18:00:00-08:00,42,65,993.13,25.9,26
2025-01-31T19:00:00-08:00,43,64,993.2,25.2,25.3
2025-01-31T20:00:00-08:00,44,63,993.38,32.6,34.1
2025-01-31T21:00:00-08:00,44,62,993.4,38.4,41.6
2025-01-31T22:00:00-08:00,45,62,993.14,37.4,39.8
2025-01-31T23:00:00-08:00,45,61,993.07,36.6,38.5
2025-02-01T00:00:00-08:00,46,59,992.63,35.1,36.2
2025-02-01T01:00:00-08:00,47,58,992.46,35,35.9
2025-02-01T02:00:00-08:00,46,59,992.05,34.1,34.9
2025-02-01T03:00:00-08:00,45,58,991.8,26.6,26.6
2025-02-01T04:00:00-08:00,44,57,991.42,20.3,20.3
2025-02-01T05:00:00-08:00,43,57,991.46,16.8,16.8
2025-02-01T06:00:00-08:00,43,56,991.45,17.8,17.8
2025-02-01T07:00:00-08:00,41,58,991.8,19.1,19.1
2025-02-01T08:00:00-08:00,37,63,991.95,27.7,28.2
2025-02-01T09:00:00-08:00,33,69,991.88,38.6,43.8
2025-02-01T10:00:00-08:00,29,72,992.03,38.6,44.3
2025-02-01T11:00:00-08:00,26,74,991.54,38.8,45.4
2025-02-01T12:00:00-08:00,25,77,990.55,38.6,45.5
2025-02-01T13:00:00-08:00,21,86,989.37,34.9,39
2025-02-01T14:00:00-08:00,19,91,988.81,34.2,38
2025-02-01T15:00:00-08:00,25,83,988.81,27.7,28.6
2025-02-01T16:00:00-08:00,24,84,988.59,24.2,24.3
2025-02-01T17:00:00-08:00,32,75,989.01,29.1,30
2025-02-01T18:00:00-08:00,36,72,989.49,28.4,29.1
2025-02-01T19:00:00-08:00,41,69,989.72,26.3,26.5
2025-02-01T20:00:00-08:00,45,68,989.85,22.5,22.5
2025-02-01T21:00:00-08:00,46,67,990.16,28.6,29.3
2025-02-01T22:00:00-08:00,45,66,990.53,35,37.2
2025-02-01T23:00:00-08:00,46,65,990.55,35.5,37.6
2025-02-02T00:00:00-08:00,47,64,990.05,35.2,37.2
2025-02-02T01:00:00-08:00,47,64,989.97,34.6,36.4
2025-02-02T02:00:00-08:00,47,64,990.24,35.1,37.1
2025-02-02T03:00:00-08:00,49,62,990.2,33.6,34.9
2025-02-02T04:00:00-08:00,49,61,990.21,30.2,30.6
2025-02-02T05:00:00-08:00,49,60,990.25,30.9,31.3
2025-02-02T06:00:00-08:00,50,60,990.42,32.2,32.8
2025-02-02T07:00:00-08:00,48,61,990.72,31.8,32.4
2025-02-02T08:00:00-08:00,43,66,990.8,37.5,42
2025-02-02T09:00:00-08:00,37,71,990.88,42.7,52.5
2025-02-02T10:00:00-08:00,33,75,990.64,41.9,52.1
2025-02-02T11:00:00-08:00,30,77,989.78,43.9,56.8
2025-02-02T12:00:00-08:00,27,80,988.65,40.1,48.8
2025-02-02T13:00:00-08:00,22,89,987.53,37.5,43.8
2025-02-02T14:00:00-08:00,20,92,986.84,38,44.6
2025-02-02T15:00:00-08:00,24,87,986.75,36.1,41.1
2025-02-02T16:00:00-08:00,28,87,986.79,46.3,62.6
2025-02-02T17:00:00-08:00,36,78,987.09,49.9,71.1
2025-02-02T18:00:00-08:00,39,75,987.26,53.3,77.5
2025-02-02T19:00:00-08:00,41,73,987.4,49.6,68.3
2025-02-02T20:00:00-08:00,43,71,987.6,47.2,61.8
2025-02-02T21:00:00-08:00,42,70,987.62,42,50
2025-02-02T22:00:00-08:00,42,69,987.64,42.3,50.3
2025-02-02T23:00:00-08:00,43,67,987.58,42.2,49.8
2025-02-03T00:00:00-08:00,44,65,987.1,40,45.4
2025-02-03T01:00:00-08:00,44,64,986.76,37.7,41
2025-02-03T02:00:00-08:00,44,64,986.59,37.9,42.4
2025-02-03T03:00:00-08:00,46,62,986.18,31.6,32.3
2025-02-03T04:00:00-08:00,45,62,985.86,25.3,25.4
2025-02-03T05:00:00-08:00,43,62,985.71,19.9,19.9
2025-02-03T06:00:00-08:00,40,63,985.6,12.5,12.5
2025-02-03T07:00:00-08:00,39,63,986.06,11.1,11.1
2025-02-03T08:00:00-08:00,37,67,986.14,19.5,19.5
2025-02-03T09:00:00-08:00,31,73,986.01,22,23.3
2025-02-03T10:00:00-08:00,32,76,986.19,35.9,42.8
2025-02-03T11:00:00-08:00,29,82,985.39,42.4,53.6
2025-02-03T12:00:00-08:00,25,86,984.33,39.6,48.2
2025-02-03T13:00:00-08:00,23,90,983.4,42.5,53.7
2025-02-03T14:00:00-08:00,19,97,982.84,41.2,50.8
2025-02-03T15:00:00-08:00,25,90,982.66,39.3,46.9
2025-02-03T16:00:00-08:00,26,87,983.02,35.8,40.6
2025-02-03T17:00:00-08:00,32,77,983.11,31.4,33.4
2025-02-03T18:00:00-08:00,38,72,983.58,36,40.1
2025-02-03T19:00:00-08:00,42,70,983.48,39.7,46
2025-02-03T20:00:00-08:00,42,70,983.6,42.6,51.5
2025-02-03T21:00:00-08:00,45,68,983.73,36.3,39.6
2025-02-03T22:00:00-08:00,49,66,984.48,28.4,29
2025-02-03T23:00:00-08:00,50,65,985.08,25.9,26
2025-02-04T00:00:00-08:00,51,65,985.11,24.2,24.2
2025-02-04T01:00:00-08:00,52,65,985.04,33.1,34.8
2025-02-04T02:00:00-08:00,53,65,984.75,34.7,37
2025-02-04T03:00:00-08:00,54,63,984.81,32.8,34.1
2025-02-04T04:00:00-08:00,53,64,984.72,31.6,32.8
2025-02-04T05:00:00-08:00,52,64,984.98,31.2,32.3
2025-02-04T06:00:00-08:00,51,64,985.58,23.5,23.5
2025-02-04T07:00:00-08:00,48,65,985.9,20.1,20.1
2025-02-04T08:00:00-08:00,46,66,986.63,12.1,12.1
2025-02-04T09:00:00-08:00,44,67,987.02,13.1,13.1
2025-02-04T10:00:00-08:00,43,68,987.24,18.4,18.4
2025-02-04T11:00:00-08:00,40,70,987.04,16.5,16.5
2025-02-04T12:00:00-08:00,36,72,986.44,16.5,16.5
2025-02-04T13:00:00-08:00,30,79,985.65,16,16
2025-02-04T14:00:00-08:00,26,82,985.47,14.9,14.9
2025-02-04T15:00:00-08:00,31,77,985.5,6.4,6.4
2025-02-04T16:00:00-08:00,33,76,985.92,4,4
2025-02-04T17:00:00-08:00,41,69,986.62,6.2,6.2
2025-02-04T18:00:00-08:00,45,68,987.44,8.2,8.2
2025-02-04T19:00:00-08:00,45,68,987.81,8.9,8.9
2025-02-04T20:00:00-08:00,46,67,988.08,9.3,9.3
2025-02-04T21:00:00-08:00,47,67,988.23,7.7,7.7
2025-02-04T22:00:00-08:00,49,66,988.84,9.5,9.5
2025-02-04T23:00:00-08:00,52,65,988.89,8.7,8.7
2025-02-05T00:00:00-08:00,54,64,989.04,8,8
2025-02-05T01:00:00-08:00,55,64,989.11,5.1,5.1
2025-02-05T02:00:00-08:00,54,64,989.14,6.9,6.9
2025-02-05T03:00:00-08:00,55,64,988.76,5.1,5.1
2025-02-05T04:00:00-08:00,55,64,988.58,3.1,3.1
2025-02-05T05:00:00-08:00,55,64,988.91,8.8,8.8
2025-02-05T06:00:00-08:00,56,64,989.32,13.2,13.2
2025-02-05T07:00:00-08:00,56,64,990.08,16.2,16.2
2025-02-05T08:00:00-08:00,55,66,990.48,19,19
2025-02-05T09:00:00-08:00,54,67,990.74,13.2,13.2
2025-02-05T10:00:00-08:00,53,69,990.73,10.2,10.2
2025-02-05T11:00:00-08:00,52,70,990.23,13.4,13.4
2025-02-05T12:00:00-08:00,51,72,989.42,14.3,14.3
2025-02-05T13:00:00-08:00,50,72,988.39,12.6,12.6
2025-02-05T14:00:00-08:00,49,73,987.53,11.8,11.8
2025-02-05T15:00:00-08:00,47,74,986.73,11.1,11.1
2025-02-05T16:00:00-08:00,39,81,986.2,8.2,8.2
2025-02-05T17:00:00-08:00,46,74,986.37,7.1,7.1
2025-02-05T18:00:00-08:00,51,72,986.9,13.5,13.5
2025-02-05T19:00:00-08:00,55,70,987.24,26.9,27.1
2025-02-05T20:00:00-08:00,54,71,987.4,33.3,35.2
2025-02-05T21:00:00-08:00,55,71,987.5,35.6,38.3
2025-02-05T22:00:00-08:00,54,71,987.6,33.3,35.1
2025-02-05T23:00:00-08:00,54,70,987.67,22.6,22.6
2025-02-06T00:00:00-08:00,54,71,987.39,31.4,32.8
2025-02-06T01:00:00-08:00,54,70,987.15,37.6,42.1
2025-02-06T02:00:00-08:00,54,70,986.92,43,51.9
2025-02-06T03:00:00-08:00,55,69,986.77,41.7,49.2
2025-02-06T04:00:00-08:00,54,69,986.72,31.5,33.3
2025-02-06T05:00:00-08:00,54,69,986.82,29.4,30.2
2025-02-06T06:00:00-08:00,56,68,987.37,21.2,21.6
2025-02-06T07:00:00-08:00,57,68,988.3,4.9,4.9
2025-02-06T08:00:00-08:00,57,68,988.91,1.3,1.3
2025-02-06T09:00:00-08:00,56,69,989.13,1.3,1.3
2025-02-06T11:00:00-08:00,77,66,989.07,5.5,5.5
2025-02-06T12:00:00-08:00,53,72,988.23,3.5,3.5
2025-02-06T13:00:00-08:00,50,74,987.81,2.6,2.6
2025-02-06T14:00:00-08:00,50,72,987.72,0.6,0.6
2025-02-06T15:00:00-08:00,51,70,987.65,0.1,0.1
2025-02-06T16:00:00-08:00,56,69,987.91,0.5,0.5
2025-02-06T17:00:00-08:00,58,68,987.85,1.3,1.3
2025-02-06T18:00:00-08:00,58,68,988.12,3.1,3.1
2025-02-06T19:00:00-08:00,59,68,988.37,2.9,2.9
2025-02-06T20:00:00-08:00,58,68,988.54,2.6,2.6
2025-02-06T21:00:00-08:00,58,69,988.95,1.3,1.3
2025-02-06T22:00:00-08:00,57,69,989.01,0.2,0.2
2025-02-06T23:00:00-08:00,57,69,989.14,0.2,0.2
2025-02-07T00:00:00-08:00,57,69,989.19,0.3,0.3
2025-02-07T01:00:00-08:00,58,69,989.04,1.4,1.4
2025-02-07T02:00:00-08:00,59,68,988.71,1.2,1.2
2025-02-07T03:00:00-08:00,57,69,988.61,0.1,0.1
2025-02-07T04:00:00-08:00,57,70,988.84,0.1,0.1
2025-02-07T11:00:00-08:00,67,68,991.35,6,6
2025-02-07T12:00:00-08:00,55,71,990.56,3.2,3.2
2025-02-07T13:00:00-08:00,48,73,989.87,2.1,2.1
2025-02-07T14:00:00-08:00,45,73,989.58,2.1,2.1
2025-02-07T15:00:00-08:00,46,72,989.64,2.9,2.9
2025-02-07T16:00:00-08:00,46,70,989.8,2.3,2.3
2025-02-07T17:00:00-08:00,47,69,989.72,1.8,1.8
2025-02-07T18:00:00-08:00,49,67,990.24,1.7,1.7
2025-02-07T19:00:00-08:00,47,68,990.41,2,2
2025-02-07T20:00:00-08:00,47,68,990.65,2.8,2.8
2025-02-07T21:00:00-08:00,49,67,990.92,4.5,4.5
2025-02-07T22:00:00-08:00,50,67,990.78,4,4
2025-02-07T23:00:00-08:00,51,65,990.65,4.1,4.1
2025-02-08T00:00:00-08:00,52,63,990.58,9.1,9.1
2025-02-08T01:00:00-08:00,51,62,990.42,8,8
2025-02-08T02:00:00-08:00,50,62,990.21,7.9,7.9
2025-02-08T03:00:00-08:00,49,61,989.86,7.1,7.1
2025-02-08T04:00:00-08:00,49,60,989.72,7.1,7.1
2025-02-08T05:00:00-08:00,47,60,989.92,5.2,5.2
2025-02-08T06:00:00-08:00,46,59,990.25,4.8,4.8
2025-02-08T07:00:00-08:00,46,60,990.76,6.2,6.2
2025-02-08T08:00:00-08:00,44,64,990.72,7.3,7.3
2025-02-08T09:00:00-08:00,44,68,991.06,12.4,12.4
2025-02-08T10:00:00-08:00,42,69,991.04,15,15
2025-02-08T11:00:00-08:00,40,71,990.45,14,14
2025-02-08T12:00:00-08:00,37,74,989.5,13.1,13.1
2025-02-08T13:00:00-08:00,34,77,988.68,15.1,15.1
2025-02-08T14:00:00-08:00,31,79,988.19,17.2,17.2
2025-02-08T15:00:00-08:00,34,77,987.93,13.3,13.3
2025-02-08T16:00:00-08:00,35,75,988.08,10,10
2025-02-08T17:00:00-08:00,39,70,988.28,5.2,5.2
2025-02-08T18:00:00-08:00,43,68,988.47,5.8,5.8
2025-02-08T19:00:00-08:00,45,67,988.7,7.3,7.3
2025-02-08T20:00:00-08:00,47,65,989.04,10.5,10.5
2025-02-08T21:00:00-08:00,46,64,989.22,10.8,10.8
2025-02-08T22:00:00-08:00,44,63,989.25,9,9
2025-02-08T23:00:00-08:00,41,62,989.03,7,7
2025-02-09T00:00:00-08:00,42,61,988.68,6.7,6.7
2025-02-09T01:00:00-08:00,43,60,988.62,6.2,6.2
2025-02-09T02:00:00-08:00,41,60,988.35,4.3,4.3
2025-02-09T03:00:00-08:00,38,59,988,2.1,2.1
2025-02-09T04:00:00-08:00,40,58,987.75,2.5,2.5
2025-02-09T05:00:00-08:00,38,58,987.96,1.8,1.8
2025-02-09T06:00:00-08:00,40,57,988.5,2.6,2.6
2025-02-09T07:00:00-08:00,40,58,988.93,3,3
2025-02-09T08:00:00-08:00,33,64,988.74,3,3
2025-02-09T09:00:00-08:00,27,70,989.2,3.3,3.3
2025-02-09T10:00:00-08:00,22,74,989.24,2,2
2025-02-09T11:00:00-08:00,22,76,988.38,5.1,5.1
2025-02-09T12:00:00-08:00,19,78,987.01,4,4
2025-02-09T13:00:00-08:00,18,83,986.31,8.2,8.2
2025-02-09T14:00:00-08:00,17,90,985.87,18.5,18.5
2025-02-09T15:00:00-08:00,21,83,985.81,21.1,21.1
2025-02-09T16:00:00-08:00,20,86,985.47,15.6,15.6
2025-02-09T17:00:00-08:00,25,75,986.38,12.5,12.5
2025-02-09T18:00:00-08:00,26,71,987.28,6,6
2025-02-09T19:00:00-08:00,28,68,987.42,4.3,4.3
2025-02-09T20:00:00-08:00,31,67,988.19,6,6
2025-02-09T21:00:00-08:00,35,66,988.39,12.9,12.9
2025-02-09T22:00:00-08:00,37,65,988.56,16.4,16.4
2025-02-09T23:00:00-08:00,40,63,988.8,16.7,16.7
2025-02-10T00:00:00-08:00,40,63,988.69,17.4,17.4
2025-02-10T01:00:00-08:00,41,61,988.32,16.7,16.7
2025-02-10T02:00:00-08:00,43,60,988.09,15.9,15.9
2025-02-10T03:00:00-08:00,44,58,987.9,15.4,15.4
2025-02-10T04:00:00-08:00,44,58,988.05,13,13
2025-02-10T05:00:00-08:00,43,58,988.41,11.3,11.3
2025-02-10T06:00:00-08:00,42,58,988.35,9.8,9.8
2025-02-10T07:00:00-08:00,42,60,988.58,8.8,8.8
2025-02-10T08:00:00-08:00,41,63,989.04,11.8,11.8
2025-02-10T09:00:00-08:00,42,66,989.11,15.6,15.6
2025-02-10T10:00:00-08:00,39,68,989.16,17.6,17.6
2025-02-10T11:00:00-08:00,36,70,988.59,18.3,18.3
2025-02-10T12:00:00-08:00,33,72,987.66,13,13
2025-02-10T13:00:00-08:00,29,75,986.26,9.6,9.6
2025-02-10T14:00:00-08:00,24,80,985.44,5.8,5.8
2025-02-10T15:00:00-08:00,27,76,985.16,4.7,4.7
2025-02-10T16:00:00-08:00,26,78,985.35,3.8,3.8
2025-02-10T17:00:00-08:00,39,68,986.16,6.8,6.8
2025-02-10T18:00:00-08:00,42,66,986.82,8.3,8.3
2025-02-10T19:00:00-08:00,42,65,986.91,5.3,5.3
2025-02-10T20:00:00-08:00,43,65,987.49,4.5,4.5
2025-02-10T21:00:00-08:00,42,65,987.9,3.9,3.9
2025-02-10T22:00:00-08:00,42,65,987.58,4,4
2025-02-10T23:00:00-08:00,42,65,986.97,3.1,3.1
2025-02-11T00:00:00-08:00,39,64,986.61,2.8,2.8
2025-02-11T01:00:00-08:00,38,63,986.02,2.4,2.4
2025-02-11T02:00:00-08:00,38,63,985.8,1.9,1.9
2025-02-11T03:00:00-08:00,37,64,985.44,1.9,1.9
2025-02-11T04:00:00-08:00,38,64,985.14,2.2,2.2
2025-02-11T05:00:00-08:00,39,64,985.14,2.3,2.3
2025-02-11T06:00:00-08:00,38,63,985.36,2.6,2.6
2025-02-11T07:00:00-08:00,38,64,985.88,2.4,2.4
2025-02-11T08:00:00-08:00,37,64,985.82,2.4,2.4
2025-02-11T09:00:00-08:00,37,65,985.75,3.6,3.6
2025-02-11T10:00:00-08:00,35,67,985.38,5.1,5.1
2025-02-11T11:00:00-08:00,33,69,984.94,6.2,6.2
2025-02-11T12:00:00-08:00,30,71,983.84,7.8,7.8
2025-02-11T13:00:00-08:00,29,74,982.8,10.9,10.9
2025-02-11T14:00:00-08:00,29,76,982.64,10.3,10.3
2025-02-11T15:00:00-08:00,32,71,982.38,7.4,7.4
2025-02-11T16:00:00-08:00,27,74,982.29,3.8,3.8
2025-02-11T17:00:00-08:00,31,68,983.08,3.6,3.6
2025-02-11T18:00:00-08:00,32,67,983.27,4.1,4.1
2025-02-11T19:00:00-08:00,36,65,983.07,5.5,5.5
2025-02-11T20:00:00-08:00,38,63,983.27,8.8,8.8
2025-02-11T21:00:00-08:00,42,63,983.38,11.5,11.5
2025-02-11T22:00:00-08:00,45,62,983.71,10.3,10.3
2025-02-11T23:00:00-08:00,46,62,983.72,8.3,8.3
2025-02-12T00:00:00-08:00,45,63,983.76,6.8,6.8
2025-02-12T01:00:00-08:00,45,62,983.97,5.6,5.6
2025-02-12T02:00:00-08:00,47,63,983.74,5.3,5.3
2025-02-12T03:00:00-08:00,47,63,983.16,5.2,5.2
2025-02-12T04:00:00-08:00,47,63,983.02,4.9,4.9
2025-02-12T05:00:00-08:00,46,63,983.26,5.2,5.2
2025-02-12T06:00:00-08:00,48,63,983.74,6.4,6.4
2025-02-12T07:00:00-08:00,51,63,984.41,10.9,10.9
2025-02-12T08:00:00-08:00,53,62,985.11,11,11
2025-02-12T09:00:00-08:00,51,63,985.4,13.7,13.7
2025-02-12T10:00:00-08:00,49,64,985.44,12.4,12.4
2025-02-12T11:00:00-08:00,50,64,985.28,9.2,9.2
2025-02-12T12:00:00-08:00,50,64,984.56,4.8,4.8
2025-02-12T13:00:00-08:00,48,65,983.96,4.3,4.3
2025-02-12T14:00:00-08:00,49,65,983.55,3.7,3.7
2025-02-12T15:00:00-08:00,48,66,983.37,2.9,2.9
2025-02-12T16:00:00-08:00,46,66,983.48,2.2,2.2
2025-02-12T17:00:00-08:00,49,64,983.28,1.1,1.1
2025-02-12T18:00:00-08:00,50,64,983.63,2.5,2.5
2025-02-12T19:00:00-08:00,50,65,984.2,4.3,4.3
2025-02-12T20:00:00-08:00,50,64,984.92,4,4
2025-02-12T21:00:00-08:00,50,65,985.46,1.8,1.8
2025-02-12T22:00:00-08:00,53,64,985.8,2.5,2.5
2025-02-12T23:00:00-08:00,55,64,985.64,2.2,2.2
2025-02-13T00:00:00-08:00,56,63,985.3,1.9,1.9
2025-02-13T01:00:00-08:00,57,63,985.5,0.9,0.9
2025-02-13T02:00:00-08:00,57,64,985.18,0.4,0.4
2025-02-13T03:00:00-08:00,57,64,984.83,0.4,0.4
2025-02-13T04:00:00-08:00,56,65,984.88,0.2,0.2
2025-02-13T05:00:00-08:00,56,65,985.27,0.2,0.2
2025-02-13T06:00:00-08:00,57,65,986.03,0.2,0.2
2025-02-13T07:00:00-08:00,56,66,986.21,0.9,0.9
2025-02-13T08:00:00-08:00,56,66,986.88,1.4,1.4
2025-02-13T09:00:00-08:00,57,66,986.95,3,3
2025-02-13T10:00:00-08:00,60,66,986.96,4.3,4.3
2025-02-13T11:00:00-08:00,63,65,986.94,2.4,2.4
2025-02-13T12:00:00-08:00,64,64,986.81,0.9,0.9
2025-02-13T13:00:00-08:00,63,65,985.98,1.5,1.5
2025-02-13T14:00:00-08:00,62,65,985.16,0.9,0.9
2025-02-13T15:00:00-08:00,64,64,984.49,2.3,2.3
2025-02-13T16:00:00-08:00,64,64,984.6,0.9,0.9
2025-02-13T17:00:00-08:00,63,61,985.38,0.2,0.2
2025-02-13T18:00:00-08:00,62,62,985.34,0.6,0.6
2025-02-13T19:00:00-08:00,61,64,985.59,2,2
2025-02-13T20:00:00-08:00,60,65,986.1,5.7,5.7
2025-02-13T21:00:00-08:00,59,66,986.07,2.6,2.6
2025-02-13T22:00:00-08:00,59,65,986.58,5.7,5.7
2025-02-13T23:00:00-08:00,59,66,987.18,5,5
2025-02-14T00:00:00-08:00,59,66,987.37,5.6,5.6
2025-02-14T01:00:00-08:00,59,65,987.59,5.7,5.7
2025-02-14T02:00:00-08:00,59,65,987.65,5.3,5.3
2025-02-14T03:00:00-08:00,61,64,987.78,4.3,4.3
2025-02-14T04:00:00-08:00,61,63,987.7,4.4,4.4
2025-02-14T05:00:00-08:00,61,64,988.32,5.6,5.6
2025-02-14T06:00:00-08:00,59,64,989.11,4.7,4.7
2025-02-14T07:00:00-08:00,58,65,989.93,3.1,3.1
2025-02-14T08:00:00-08:00,59,65,990.67,5.3,5.3
2025-02-14T09:00:00-08:00,56,66,991.08,3,3
2025-02-14T10:00:00-08:00,56,66,991.17,2.9,2.9
2025-02-14T11:00:00-08:00,53,66,990.71,2.1,2.1
2025-02-14T12:00:00-08:00,49,68,990.08,1.5,1.5
2025-02-14T13:00:00-08:00,44,70,989.33,1.1,1.1
2025-02-14T14:00:00-08:00,40,72,988.76,1.2,1.2
2025-02-14T15:00:00-08:00,44,68,988.78,1.8,1.8
2025-02-14T16:00:00-08:00,44,70,988.85,2.7,2.7
2025-02-14T17:00:00-08:00,48,67,989.23,3.5,3.5
2025-02-14T18:00:00-08:00,49,67,989.5,4.5,4.5
2025-02-14T19:00:00-08:00,50,65,990.02,6.7,6.7
2025-02-14T20:00:00-08:00,51,64,991.07,9.1,9.1
2025-02-14T21:00:00-08:00,52,64,991.72,9.5,9.5
2025-02-14T22:00:00-08:00,53,62,992.05,10.8,10.8
2025-02-14T23:00:00-08:00,53,62,992.33,11.8,11.8
2025-02-15T00:00:00-08:00,53,61,991.99,9.3,9.3
2025-02-15T01:00:00-08:00,53,59,992.15,7.1,7.1
2025-02-15T02:00:00-08:00,51,58,992.15,4.2,4.2
2025-02-15T03:00:00-08:00,51,58,992.3,3.1,3.1
2025-02-15T04:00:00-08:00,51,58,992.64,3.1,3.1
2025-02-15T05:00:00-08:00,51,57,992.83,3.9,3.9
2025-02-15T06:00:00-08:00,52,57,993.64,4.6,4.6
2025-02-15T07:00:00-08:00,52,58,994.59,5.9,5.9
2025-02-15T08:00:00-08:00,51,62,995.05,6.3,6.3
2025-02-15T09:00:00-08:00,48,66,995.05,7.1,7.1
2025-02-15T10:00:00-08:00,41,69,994.87,6.1,6.1
2025-02-15T11:00:00-08:00,35,71,994.6,3.2,3.2
2025-02-15T12:00:00-08:00,30,73,993.71,2.2,2.2
2025-02-15T13:00:00-08:00,29,77,992.64,3,3
2025-02-15T14:00:00-08:00,26,80,991.91,2.9,2.9
2025-02-15T15:00:00-08:00,26,79,991.82,3,3
2025-02-15T16:00:00-08:00,24,80,992.14,2,2
2025-02-15T17:00:00-08:00,28,73,992.53,2.3,2.3
2025-02-15T18:00:00-08:00,30,71,992.72,2,2
2025-02-15T19:00:00-08:00,33,69,992.54,3.9,3.9
2025-02-15T20:00:00-08:00,37,68,992.64,6.5,6.5
2025-02-15T21:00:00-08:00,40,66,992.92,5.4,5.4
2025-02-15T22:00:00-08:00,39,65,992.69,4.1,4.1
2025-02-15T23:00:00-08:00,38,65,992.36,3.4,3.4
2025-02-16T00:00:00-08:00,39,63,991.87,2.9,2.9
2025-02-16T01:00:00-08:00,39,62,991.3,2.2,2.2
2025-02-16T02:00:00-08:00,37,62,990.73,1,1
2025-02-16T03:00:00-08:00,36,62,990.43,0.6,0.6
2025-02-16T04:00:00-08:00,39,60,990.17,0.7,0.7
2025-02-16T05:00:00-08:00,39,60,990.24,0.7,0.7
2025-02-16T06:00:00-08:00,38,60,990.28,0.8,0.8
2025-02-16T07:00:00-08:00,37,62,990.48,0.7,0.7
2025-02-16T08:00:00-08:00,33,68,990.67,0.8,0.8
2025-02-16T09:00:00-08:00,24,73,990.29,0.7,0.7
2025-02-16T10:00:00-08:00,21,76,989.81,0.4,0.4
2025-02-16T11:00:00-08:00,19,79,989.01,0.9,0.9
2025-02-16T12:00:00-08:00,17,81,987.84,0.7,0.7
2025-02-16T13:00:00-08:00,17,83,986.49,4.6,4.6
2025-02-16T14:00:00-08:00,16,85,985.64,9.5,9.5
2025-02-16T15:00:00-08:00,17,84,985.26,8.2,8.2
2025-02-16T16:00:00-08:00,16,84,985.14,1.4,1.4
2025-02-16T17:00:00-08:00,19,77,985.3,1.2,1.2
2025-02-16T18:00:00-08:00,22,73,985.39,3.3,3.3
2025-02-16T19:00:00-08:00,25,71,985.35,4.4,4.4
2025-02-16T20:00:00-08:00,28,69,985.46,4.5,4.5
2025-02-16T21:00:00-08:00,33,67,985.5,6.5,6.5
2025-02-16T22:00:00-08:00,35,66,985.5,5.5,5.5
2025-02-16T23:00:00-08:00,38,64,985.82,5.2,5.2
2025-02-17T00:00:00-08:00,39,63,985.96,4.7,4.7
2025-02-17T01:00:00-08:00,40,62,985.94,3.1,3.1
2025-02-17T02:00:00-08:00,41,61,985.73,2.9,2.9
2025-02-17T03:00:00-08:00,41,61,985.44,2.6,2.6
2025-02-17T04:00:00-08:00,43,59,985.31,2.7,2.7
2025-02-17T05:00:00-08:00,42,59,985.58,2.5,2.5
2025-02-17T06:00:00-08:00,42,59,986.17,2.2,2.2
2025-02-17T07:00:00-08:00,39,62,986.95,2.5,2.5
2025-02-17T08:00:00-08:00,33,67,987.04,10.2,10.2
2025-02-17T09:00:00-08:00,30,71,986.75,12.8,12.8
2025-02-17T10:00:00-08:00,27,74,986.34,23.4,23.4
2025-02-17T11:00:00-08:00,24,77,985.77,20.9,21
2025-02-17T12:00:00-08:00,24,78,985.29,13.6,13.6
2025-02-17T13:00:00-08:00,24,80,984.19,16.8,16.8
2025-02-17T14:00:00-08:00,24,81,983.95,18.1,18.1
2025-02-17T15:00:00-08:00,32,80,984.04,12.6,12.6
2025-02-17T16:00:00-08:00,35,78,984.14,8,8
2025-02-17T17:00:00-08:00,40,74,984.5,8.6,8.6
2025-02-17T18:00:00-08:00,42,72,984.98,10.2,10.2
2025-02-17T19:00:00-08:00,43,70,985.27,10.7,10.7
2025-02-17T20:00:00-08:00,43,70,985.64,14.9,14.9
2025-02-17T21:00:00-08:00,45,69,985.99,16.2,16.2
2025-02-17T22:00:00-08:00,49,67,986.34,17.1,17.1
2025-02-17T23:00:00-08:00,49,67,986.48,27.8,28.1
2025-02-18T00:00:00-08:00,49,67,986.32,29.2,30.1
2025-02-18T01:00:00-08:00,47,67,986.22,19.9,19.9
2025-02-18T02:00:00-08:00,48,66,986.12,11.9,11.9
2025-02-18T03:00:00-08:00,48,66,986.04,8.7,8.7
2025-02-18T04:00:00-08:00,48,65,986.14,7.5,7.5
2025-02-18T05:00:00-08:00,48,65,986.5,7.8,7.8
2025-02-18T06:00:00-08:00,47,66,987.22,11.2,11.2
2025-02-18T07:00:00-08:00,47,66,988.02,18.9,18.9
2025-02-18T08:00:00-08:00,44,68,988.62,19.3,19.3
2025-02-18T09:00:00-08:00,41,70,988.64,20.1,20.1
2025-02-18T10:00:00-08:00,39,71,988.53,21.7,21.7
2025-02-18T11:00:00-08:00,36,73,987.76,20.7,20.7
2025-02-18T12:00:00-08:00,33,75,987.21,18.6,18.6
2025-02-18T13:00:00-08:00,30,78,986.7,19.6,19.6
2025-02-18T14:00:00-08:00,27,81,986.49,21.3,21.3
2025-02-18T15:00:00-08:00,30,80,986.58,19.8,19.8
2025-02-18T16:00:00-08:00,30,81,986.55,16.6,16.6
2025-02-18T17:00:00-08:00,35,76,987.02,15.8,15.8
2025-02-18T18:00:00-08:00,41,71,987.74,15.6,15.6
2025-02-18T19:00:00-08:00,42,70,988.14,16.7,16.7
2025-02-18T20:00:00-08:00,44,69,988.48,18.7,18.7
2025-02-18T21:00:00-08:00,45,68,988.97,20.8,20.8
2025-02-18T22:00:00-08:00,46,66,989.39,22.3,22.3
2025-02-18T23:00:00-08:00,47,65,989.13,20,20
2025-02-19T00:00:00-08:00,47,64,988.99,16.8,16.8
2025-02-19T01:00:00-08:00,46,63,988.7,12.8,12.8
2025-02-19T02:00:00-08:00,41,63,988.36,6.1,6.1
2025-02-19T03:00:00-08:00,40,62,988.35,3.4,3.4
2025-02-19T04:00:00-08:00,40,61,989.26,2.8,2.8
2025-02-19T05:00:00-08:00,41,60,989.63,3,3
2025-02-19T06:00:00-08:00,40,60,989.69,3.3,3.3
2025-02-19T07:00:00-08:00,38,63,990.1,4.1,4.1
2025-02-19T08:00:00-08:00,34,69,990.33,12.8,12.8
2025-02-19T09:00:00-08:00,28,75,990.46,8.8,8.8
2025-02-19T10:00:00-08:00,21,79,990.27,2.7,2.7
2025-02-19T11:00:00-08:00,22,81,989.78,4.9,4.9
2025-02-19T12:00:00-08:00,21,83,988.75,11.8,12.3
2025-02-19T13:00:00-08:00,23,84,987.82,28.1,29.1
2025-02-19T14:00:00-08:00,25,84,987.49,28,28.7
2025-02-19T15:00:00-08:00,23,83,987.44,13.6,13.6
2025-02-19T16:00:00-08:00,20,85,987.15,6.9,6.9
2025-02-19T17:00:00-08:00,27,79,987.31,15.5,15.5
2025-02-19T18:00:00-08:00,32,75,987.51,20.1,20.1
2025-02-19T19:00:00-08:00,36,73,987.56,27,27.9
2025-02-19T20:00:00-08:00,41,71,987.79,35.4,38.5
2025-02-19T21:00:00-08:00,40,69,987.85,21.1,21.2
2025-02-19T22:00:00-08:00,40,67,987.76,18.9,18.9
2025-02-19T23:00:00-08:00,41,66,987.43,18.3,18.3
2025-02-20T00:00:00-08:00,41,65,987.33,17.6,17.6
2025-02-20T01:00:00-08:00,42,64,986.96,15.8,15.8
2025-02-20T02:00:00-08:00,41,63,986.44,13.6,13.6
2025-02-20T03:00:00-08:00,41,62,986.1,12.9,12.9
2025-02-20T04:00:00-08:00,42,62,985.84,11.5,11.5
2025-02-20T05:00:00-08:00,41,61,986.14,8.9,8.9
2025-02-20T06:00:00-08:00,41,62,986.4,9,9
2025-02-20T07:00:00-08:00,38,65,986.88,12,12
2025-02-20T08:00:00-08:00,33,70,987.14,16.7,16.7
2025-02-20T09:00:00-08:00,28,75,987.12,20.4,20.5
2025-02-20T10:00:00-08:00,23,78,986.9,7.9,7.9
2025-02-20T11:00:00-08:00,23,80,986.34,9.9,9.9
2025-02-20T12:00:00-08:00,21,82,985.32,15.5,15.5
2025-02-20T13:00:00-08:00,20,84,984.44,18.5,18.5
2025-02-20T14:00:00-08:00,18,87,984,7.6,7.6
2025-02-20T15:00:00-08:00,20,86,983.93,10.1,10.1
2025-02-20T16:00:00-08:00,21,87,983.82,11.8,11.8
2025-02-20T17:00:00-08:00,25,81,984.05,11.9,11.9
2025-02-20T18:00:00-08:00,29,78,984.65,13.4,13.4
2025-02-20T19:00:00-08:00,29,75,985.19,11.6,11.6
2025-02-20T20:00:00-08:00,25,74,985.84,6.1,6.1
2025-02-20T21:00:00-08:00,29,73,986.43,12.9,12.9
2025-02-20T22:00:00-08:00,32,71,986.86,12.8,12.8
2025-02-20T23:00:00-08:00,36,70,987.09,20.8,20.8
2025-02-21T00:00:00-08:00,39,68,987.33,25.3,25.3
2025-02-21T01:00:00-08:00,41,66,987.51,21.1,21.1
2025-02-21T02:00:00-08:00,40,64,987.29,11.2,11.2
2025-02-21T03:00:00-08:00,39,63,987.16,7.7,7.7
2025-02-21T04:00:00-08:00,37,63,987.4,6.5,6.5
2025-02-21T05:00:00-08:00,37,63,988.1,6.2,6.2
2025-02-21T06:00:00-08:00,36,62,988.5,5.9,5.9
2025-02-21T07:00:00-08:00,34,65,989.04,4.9,4.9
2025-02-21T08:00:00-08:00,26,71,989.35,4.8,4.8
2025-02-21T09:00:00-08:00,21,76,989.49,3.9,3.9
2025-02-21T10:00:00-08:00,16,80,989.49,0.8,0.8
2025-02-21T11:00:00-08:00,15,82,989.12,0.4,0.4
2025-02-21T12:00:00-08:00,13,85,988.62,0.5,0.5
2025-02-21T13:00:00-08:00,12,86,988.15,1.2,1.2
2025-02-21T14:00:00-08:00,14,87,988.12,3.2,3.2
2025-02-21T15:00:00-08:00,16,84,988.26,3.3,3.3
2025-02-21T16:00:00-08:00,17,85,988.59,2.7,2.7
2025-02-21T17:00:00-08:00,19,80,989.13,2.8,2.8
2025-02-21T18:00:00-08:00,22,76,989.49,3.3,3.3
2025-02-21T19:00:00-08:00,26,73,990.01,5.6,5.6
2025-02-21T20:00:00-08:00,27,71,990.47,6.6,6.6
2025-02-21T21:00:00-08:00,27,70,990.78,4,4
2025-02-21T22:00:00-08:00,27,68,990.71,3.9,3.9
2025-02-21T23:00:00-08:00,26,67,990.82,2.3,2.3
2025-02-22T00:00:00-08:00,25,66,991.17,1.7,1.7
2025-02-22T01:00:00-08:00,26,65,991.54,1,1
2025-02-22T02:00:00-08:00,26,65,991.42,0.9,0.9
2025-02-22T03:00:00-08:00,29,63,991.48,3.3,3.3
2025-02-22T04:00:00-08:00,30,62,991.57,2.6,2.6
2025-02-22T05:00:00-08:00,29,62,992.27,1.4,1.4
2025-02-22T06:00:00-08:00,29,61,993.14,1,1
2025-02-22T07:00:00-08:00,26,64,993.45,2.1,2.2
2025-02-22T08:00:00-08:00,20,71,993.67,1.9,1.9
2025-02-22T09:00:00-08:00,14,77,993.98,0.8,0.8
2025-02-22T10:00:00-08:00,13,80,994.21,0.8,0.8
2025-02-22T11:00:00-08:00,13,82,993.89,1.1,1.1
2025-02-22T12:00:00-08:00,13,84,993.1,1.4,1.4
2025-02-22T13:00:00-08:00,13,85,992.23,5.8,5.8
2025-02-22T14:00:00-08:00,15,87,991.9,9.5,9.5
2025-02-22T15:00:00-08:00,13,86,991.78,3.5,3.5
2025-02-22T16:00:00-08:00,12,84,992.03,2.6,2.6
2025-02-22T17:00:00-08:00,14,81,992.55,3.6,3.6
2025-02-22T18:00:00-08:00,16,77,992.97,5.2,5.2
2025-02-22T19:00:00-08:00,19,74,993.43,4.8,4.8
2025-02-22T20:00:00-08:00,21,72,993.9,6,6
2025-02-22T21:00:00-08:00,24,71,994.39,6.8,6.8
2025-02-22T22:00:00-08:00,26,69,994.61,6.8,6.8
2025-02-22T23:00:00-08:00,27,67,994.87,6.3,6.3
2025-02-23T00:00:00-08:00,28,66,994.87,5.5,5.5
2025-02-23T01:00:00-08:00,29,64,994.34,6.1,6.1
2025-02-23T02:00:00-08:00,28,64,994.08,5,5
2025-02-23T03:00:00-08:00,30,63,994.02,3.1,3.1
2025-02-23T04:00:00-08:00,30,62,993.78,2.3,2.3
2025-02-23T05:00:00-08:00,30,62,993.6,2.1,2.1
2025-02-23T06:00:00-08:00,29,62,993.72,1.7,1.7
2025-02-23T07:00:00-08:00,28,65,994.22,1.7,1.7
2025-02-23T08:00:00-08:00,23,72,994.29,1.7,1.7
2025-02-23T09:00:00-08:00,19,77,994.39,1.9,1.9
2025-02-23T10:00:00-08:00,16,82,994.31,2.6,2.6
2025-02-23T11:00:00-08:00,14,84,993.65,4.4,4.4
2025-02-23T12:00:00-08:00,12,86,992.09,3.2,3.2
2025-02-23T13:00:00-08:00,11,89,990.6,2.7,2.7
2025-02-23T14:00:00-08:00,12,92,989.99,8.1,8.1
2025-02-23T15:00:00-08:00,17,88,990.92,26.3,27.2
2025-02-23T16:00:00-08:00,15,86,991.63,9,9
2025-02-23T17:00:00-08:00,16,81,992.14,5.6,5.6
2025-02-23T18:00:00-08:00,18,77,992.16,5.2,5.2
2025-02-23T19:00:00-08:00,20,75,991.75,5.7,5.7
2025-02-23T20:00:00-08:00,22,74,991.65,8.7,8.7
2025-02-23T21:00:00-08:00,24,72,991.7,11.3,11.3
2025-02-23T22:00:00-08:00,26,71,991.63,10.4,10.4
2025-02-23T23:00:00-08:00,29,69,991.7,9.6,9.6
2025-02-24T00:00:00-08:00,31,68,991.72,8.8,8.8
2025-02-24T01:00:00-08:00,32,67,991.74,7.9,7.9
2025-02-24T02:00:00-08:00,33,66,991.39,8.1,8.1
2025-02-24T03:00:00-08:00,35,65,990.85,7.8,7.8
2025-02-24T04:00:00-08:00,35,65,990.43,7.8,7.8
2025-02-24T05:00:00-08:00,34,66,990.48,10.5,10.5
2025-02-24T06:00:00-08:00,34,66,990.84,11.9,11.9
2025-02-24T07:00:00-08:00,33,68,991.39,7.5,7.5
2025-02-24T08:00:00-08:00,28,74,991.42,13.9,13.9
2025-02-24T09:00:00-08:00,24,78,991.38,23.5,23.6
2025-02-24T10:00:00-08:00,22,81,991.1,31.7,34.1
2025-02-24T11:00:00-08:00,20,84,990.26,32.5,35.3
2025-02-24T12:00:00-08:00,20,85,989.06,32.5,35
2025-02-24T13:00:00-08:00,19,88,987.83,34,37.2
2025-02-24T14:00:00-08:00,19,90,987.3,26.9,28
2025-02-24T15:00:00-08:00,18,87,987.2,11.3,11.3
2025-02-24T16:00:00-08:00,18,85,986.98,3.4,3.4
2025-02-24T17:00:00-08:00,23,81,987.07,5.4,5.4
2025-02-24T18:00:00-08:00,31,77,987.35,7.6,7.6
2025-02-24T19:00:00-08:00,36,75,987.66,10.9,10.9
2025-02-24T20:00:00-08:00,37,73,987.77,9.8,9.8
2025-02-24T21:00:00-08:00,35,73,987.96,10.7,10.7
2025-02-24T22:00:00-08:00,36,71,988.27,11.4,11.4
2025-02-24T23:00:00-08:00,36,70,988.33,10.4,10.4
2025-02-25T00:00:00-08:00,36,69,987.85,8.9,8.9
2025-02-25T01:00:00-08:00,36,68,987.74,7.9,7.9
2025-02-25T02:00:00-08:00,38,66,987.37,9.7,9.7
2025-02-25T03:00:00-08:00,39,66,986.91,8.6,8.6
2025-02-25T04:00:00-08:00,39,64,986.59,6.7,6.7
2025-02-25T05:00:00-08:00,39,64,986.7,6.3,6.3
2025-02-25T06:00:00-08:00,38,64,986.88,6.6,6.6
2025-02-25T07:00:00-08:00,35,67,986.93,8.4,8.4
2025-02-25T08:00:00-08:00,32,73,986.92,16.9,16.9
2025-02-25T09:00:00-08:00,29,78,986.83,11.2,11.2
2025-02-25T10:00:00-08:00,24,82,986.42,10.2,10.2
2025-02-25T11:00:00-08:00,22,86,985.55,13.5,13.5
2025-02-25T12:00:00-08:00,23,87,984.6,29.7,32.2
2025-02-25T13:00:00-08:00,25,88,983.55,34.8,38.9
2025-02-25T14:00:00-08:00,20,90,982.89,21.3,21.7
2025-02-25T15:00:00-08:00,19,91,982.49,12.9,12.9
2025-02-25T16:00:00-08:00,21,90,982.57,12.2,12.2
2025-02-25T17:00:00-08:00,26,84,982.87,10.4,10.4
2025-02-25T18:00:00-08:00,29,80,983.16,9.4,9.4
2025-02-25T19:00:00-08:00,30,80,983.17,12.3,12.3
2025-02-25T20:00:00-08:00,31,78,983.71,12.2,12.2
2025-02-25T21:00:00-08:00,33,76,984.07,13.3,13.3
2025-02-25T22:00:00-08:00,34,75,984.04,14.5,14.5
2025-02-25T23:00:00-08:00,33,74,984.15,12.4,12.4
2025-02-26T00:00:00-08:00,34,72,984.39,11.1,11.1
2025-02-26T01:00:00-08:00,36,71,984.47,12.1,12.1
2025-02-26T02:00:00-08:00,37,67,983.95,10.1,10.1
2025-02-26T03:00:00-08:00,36,66,983.58,7.5,7.5
2025-02-26T04:00:00-08:00,34,65,983.81,6.1,6.1
2025-02-26T05:00:00-08:00,32,66,984.23,5.8,5.8
2025-02-26T06:00:00-08:00,33,66,984.85,6.6,6.6
2025-02-26T07:00:00-08:00,30,69,985.57,8.2,8.2
2025-02-26T08:00:00-08:00,28,76,986.07,12.5,12.5
2025-02-26T09:00:00-08:00,26,82,986.4,17.4,17.4
2025-02-26T10:00:00-08:00,22,86,986.56,18.1,18.1
2025-02-26T11:00:00-08:00,19,89,986.4,18.8,18.8
2025-02-26T12:00:00-08:00,20,91,985.81,31.3,33.3
2025-02-26T13:00:00-08:00,17,93,985.11,29.2,30.3
2025-02-26T14:00:00-08:00,13,99,984.37,18,18.1
2025-02-26T15:00:00-08:00,13,99,984.18,12.9,12.9
2025-02-26T16:00:00-08:00,15,98,984.2,14.9,14.9
2025-02-26T17:00:00-08:00,18,94,984.32,16.4,16.4
2025-02-26T18:00:00-08:00,22,89,984.95,19.3,19.3
2025-02-26T19:00:00-08:00,18,84,985.61,7.3,7.3
2025-02-26T20:00:00-08:00,14,80,986.13,2.4,2.4
2025-02-26T21:00:00-08:00,15,79,986.78,4.7,4.7
2025-02-26T22:00:00-08:00,16,76,987.25,2.3,2.3
2025-02-26T23:00:00-08:00,17,74,987.35,1.8,1.8
2025-02-27T00:00:00-08:00,18,73,987.7,1.9,1.9
2025-02-27T01:00:00-08:00,19,71,987.8,3.3,3.3
2025-02-27T02:00:00-08:00,20,71,987.59,5.4,5.4
2025-02-27T03:00:00-08:00,21,70,987.75,3.6,3.6
2025-02-27T04:00:00-08:00,21,68,988.01,2.4,2.4
2025-02-27T05:00:00-08:00,21,67,988.34,2,2
2025-02-27T06:00:00-08:00,20,68,988.68,2.5,2.5
2025-02-27T07:00:00-08:00,19,70,989.67,2.9,2.9
2025-02-27T08:00:00-08:00,12,78,989.82,1.3,1.3
2025-02-27T09:00:00-08:00,9,85,989.78,0.6,0.6
2025-02-27T10:00:00-08:00,7,89,989.38,0.2,0.2
2025-02-27T11:00:00-08:00,6,92,988.76,0.2,0.2
2025-02-27T12:00:00-08:00,5,94,987.9,0.2,0.2
2025-02-27T13:00:00-08:00,5,95,986.48,0.1,0.1
2025-02-27T14:00:00-08:00,5,96,985.94,0.1,0.1
2025-02-27T15:00:00-08:00,4,98,985.64,0.1,0.1
2025-02-27T16:00:00-08:00,8,95,985.38,2.6,2.6
2025-02-27T17:00:00-08:00,10,91,985.36,2.6,2.6
2025-02-27T18:00:00-08:00,13,85,985.5,3.7,3.7
2025-02-27T19:00:00-08:00,11,82,985.89,2.3,2.3
2025-02-27T20:00:00-08:00,12,80,986.18,1.2,1.2
2025-02-27T21:00:00-08:00,14,78,986.54,1.9,1.9
2025-02-27T22:00:00-08:00,14,76,986.15,1.1,1.1
2025-02-27T23:00:00-08:00,15,74,985.72,1.6,1.6
2025-02-28T00:00:00-08:00,15,72,985.32,0.6,0.6
2025-02-28T01:00:00-08:00,17,70,985.11,0.5,0.5
2025-02-28T02:00:00-08:00,17,69,985.03,0.6,0.6
2025-02-28T03:00:00-08:00,16,69,984.66,0.5,0.5
2025-02-28T04:00:00-08:00,17,69,984.54,0.2,0.2
2025-02-28T05:00:00-08:00,18,68,985.04,0.6,0.6
2025-02-28T06:00:00-08:00,17,70,985.35,0.5,0.5
2025-02-28T07:00:00-08:00,17,70,985.46,1.5,1.5
2025-02-28T08:00:00-08:00,14,76,985.54,1.4,1.4
2025-02-28T09:00:00-08:00,12,81,985.61,1.2,1.2
2025-02-28T10:00:00-08:00,11,85,985.36,7.3,7.3
2025-02-28T11:00:00-08:00,20,84,985.02,8.4,8.4
2025-02-28T12:00:00-08:00,32,81,984.77,11.7,11.7
2025-02-28T13:00:00-08:00,32,81,984.31,11.9,11.9
2025-02-28T14:00:00-08:00,28,83,984.02,10.3,10.3
2025-02-28T15:00:00-08:00,28,82,984,8.1,8.1
2025-02-28T16:00:00-08:00,27,81,983.85,6.8,6.8
2025-02-28T17:00:00-08:00,28,79,984.16,5,5
2025-02-28T18:00:00-08:00,30,76,984.51,6.2,6.2
2025-02-28T19:00:00-08:00,39,72,984.98,8.4,8.4
2025-02-28T20:00:00-08:00,42,72,985.17,13.9,13.9
2025-02-28T21:00:00-08:00,41,73,985.14,17.7,17.7
2025-02-28T22:00:00-08:00,41,72,985.28,21,21
2025-02-28T23:00:00-08:00,41,71,985.25,24.8,24.9
