time_stamp,humidity,humidity_a,humidity_b,temperature,temperature_a,temperature_b,pressure,pressure_a,pressure_b,voc,voc_a,voc_b,scattering_coefficient,scattering_coefficient_a,scattering_coefficient_b,deciviews,deciviews_a,deciviews_b,visual_range,visual_range_a,visual_range_b,pm2.5_atm,pm2.5_atm_a,pm2.5_atm_b,pm2.5_cf_1,pm2.5_cf_1_a,pm2.5_cf_1_b
2025-07-01T00:00:00Z,34,30,38,93,94,92,986.6,986.85,986.35,79,,79,7.9,7.7,8.1,6.7,6.5,6.8,200.1,202.6,197.7,2.3,2.3,2.3,2.3,2.3,2.3
2025-07-01T01:00:00Z,36,33,40,92,93,91,986.86,987.1,986.62,272,,272,8.4,8.1,8.6,6.9,6.8,7.1,194.8,198.1,191.6,2.5,2.5,2.6,2.5,2.5,2.6
2025-07-01T02:00:00Z,39,36,43,90,91,89,987.35,987.57,987.12,447,,447,9,8.8,9.2,7.3,7.2,7.4,187.5,189.6,185.4,2.8,2.8,2.8,2.8,2.8,2.8
2025-07-01T03:00:00Z,41,37,45,89,90,88,987.26,987.47,987.04,345,,345,9.2,9,9.5,7.5,7.3,7.6,185.1,187.8,182.4,2.9,2.9,2.9,2.9,2.9,2.9
2025-07-01T04:00:00Z,45,41,49,88,89,87,987.42,987.66,987.18,234,,234,9.6,9.5,9.8,7.7,7.6,7.8,180.9,182.7,179.1,3.1,3.1,3.1,3.1,3.1,3.1
2025-07-01T05:00:00Z,48,43,52,86,87,85,987.48,987.71,987.25,235,,235,9.4,9.1,9.7,7.5,7.4,7.7,183.6,186.7,180.7,3.1,3,3.1,3.1,3,3.1
2025-07-01T06:00:00Z,50,45,54,84,85,83,987.79,988.01,987.56,314,,314,9.7,9.4,10.1,7.7,7.5,7.9,180.1,183.7,176.7,3.2,3.3,3.2,3.2,3.3,3.2
2025-07-01T07:00:00Z,50,45,54,83,84,82,987.89,988.11,987.67,223,,223,8.6,8.2,9,7.1,6.8,7.3,192,197.1,187.2,2.8,2.7,2.8,2.8,2.7,2.8
2025-07-01T08:00:00Z,51,47,56,82,83,81,987.99,988.21,987.77,255,,255,8.1,7.9,8.3,6.8,6.7,6.9,197.9,200.5,195.4,2.6,2.6,2.6,2.6,2.6,2.6
2025-07-01T09:00:00Z,54,49,59,81,82,80,988.22,988.44,988,560,,560,8.4,8,8.9,7,6.7,7.2,194,199.3,189,2.7,2.6,2.7,2.7,2.6,2.7
2025-07-01T10:00:00Z,56,51,61,80,81,79,988.83,989.08,988.58,686,,686,9.4,8.8,9.9,7.5,7.2,7.9,183.3,189.2,177.8,3.1,3,3.2,3.1,3,3.2
2025-07-01T11:00:00Z,54,50,59,81,82,80,989.37,989.62,989.11,739,,739,9.9,9.5,10.3,7.8,7.6,8.1,178,181.9,174.2,3.3,3.3,3.3,3.3,3.3,3.3
2025-07-01T12:00:00Z,50,45,54,83,84,82,989.91,990.15,989.66,519,,519,10.7,10.2,11.1,8.2,8,8.5,171.2,175.5,167,3.8,3.7,3.9,3.8,3.7,3.9
2025-07-01T13:00:00Z,45,41,49,86,87,85,990.18,990.41,989.94,230,,230,13.8,13.4,14.2,9.8,9.6,10,146.7,149.4,144.1,5.3,5.3,5.3,5.3,5.3,5.3
2025-07-01T14:00:00Z,41,37,45,88,89,87,990.35,990.63,990.06,53,,53,18.9,18.3,19.6,11.8,11.6,12.1,119.3,122.2,116.5,7.7,7.7,7.8,7.7,7.7,7.8
2025-07-01T15:00:00Z,38,34,42,90,91,89,990.37,990.66,990.07,52,,52,22.8,22.1,23.5,13.2,12.9,13.4,104.5,106.9,102.2,9.6,9.5,9.8,9.6,9.5,9.8
2025-07-01T16:00:00Z,28,24,31,100,101,99,990.25,990.54,989.97,52,,52,22.1,21.2,22.9,12.9,12.6,13.2,106.9,110.2,103.9,8.7,8.9,8.5,8.7,8.9,8.5
2025-07-01T17:00:00Z,26,23,30,100,101,99,990.1,990.38,989.81,57,,57,17.7,17.1,18.4,11.4,11.2,11.6,124.6,127.7,121.7,6.5,6.9,6.2,6.5,6.9,6.2
2025-07-01T18:00:00Z,28,25,32,97,99,96,989.75,990.02,989.47,58,,58,18.1,17.3,18.8,11.5,11.2,11.8,123.1,126.8,119.6,7.1,7,7.1,7.1,7,7.1
2025-07-01T19:00:00Z,29,26,33,97,98,96,989.7,989.98,989.43,57,,57,19.5,18.7,20.4,12.1,11.8,12.4,116.6,120.2,113.3,7.8,7.7,7.9,7.8,7.7,7.9
2025-07-01T20:00:00Z,30,26,33,97,98,95,989.58,989.83,989.32,57,,57,21.1,20.2,22,12.6,12.3,12.9,110.3,113.9,107,8.6,8.5,8.8,8.6,8.5,8.8
2025-07-01T21:00:00Z,29,26,33,96,97,94,989.49,989.75,989.23,60,,60,23.8,23,24.6,13.5,13.2,13.8,101.1,103.7,98.6,10.1,10,10.2,10.1,10,10.2
2025-07-01T22:00:00Z,30,26,33,95,97,94,989.27,989.53,989.02,61,,61,25.3,24.3,26.2,13.9,13.7,14.2,96.7,99.5,94,10.8,10.7,10.9,10.8,10.7,10.9
2025-07-01T23:00:00Z,30,26,33,94,96,93,989.18,989.44,988.92,62,,62,27,25.9,28.1,14.4,14.1,14.7,92.1,95,89.3,11.8,11.6,12,11.8,11.6,12
2025-07-02T00:00:00Z,31,28,35,93,94,91,989.3,989.53,989.06,63,,63,29,27.6,30.5,15,14.6,15.4,87,90.4,83.7,12.9,12.6,13.2,12.9,12.6,13.2
2025-07-02T01:00:00Z,34,31,38,91,92,89,989.5,989.73,989.26,62,,62,29.9,28.7,31.1,15.2,14.9,15.5,85,87.7,82.4,13.4,13.2,13.5,13.4,13.2,13.5
2025-07-02T02:00:00Z,37,33,41,88,89,87,990.05,990.27,989.83,72,,72,32,30.7,33.2,15.8,15.4,16.1,80.7,83.2,78.3,14.6,14.5,14.8,14.6,14.5,14.8
2025-07-02T03:00:00Z,40,36,44,86,87,85,990.47,990.67,990.27,402,,402,33.9,32.6,35.3,16.2,15.9,16.6,76.9,79.5,74.5,15.7,15.5,15.9,15.7,15.5,15.9
2025-07-02T04:00:00Z,43,39,47,85,86,84,990.68,990.88,990.48,576,,576,37,35.6,38.5,16.9,16.6,17.3,71.6,73.9,69.5,17.4,17.2,17.6,17.4,17.2,17.6
2025-07-02T05:00:00Z,45,41,50,84,85,83,990.8,991,990.6,696,,696,38.2,36.5,40,17.2,16.8,17.6,69.8,72.5,67.2,18.2,17.8,18.5,18.2,17.8,18.5
2025-07-02T06:00:00Z,47,43,52,83,84,82,990.89,991.1,990.68,721,,721,39.2,37.3,41.1,17.4,17,17.8,68.4,71.3,65.7,18.7,18.2,19.2,18.7,18.2,19.2
2025-07-02T07:00:00Z,49,45,54,82,83,81,990.88,991.09,990.67,812,,812,38.5,36.5,40.4,17.3,16.8,17.7,69.5,72.5,66.6,18.4,17.9,18.8,18.4,17.9,18.8
2025-07-02T08:00:00Z,51,47,56,80,82,79,990.88,991.1,990.67,868,,868,37.6,35.1,40.2,17.1,16.5,17.6,70.7,74.8,67,18.5,18.2,18.8,18.5,18.2,18.8
2025-07-02T09:00:00Z,53,49,58,79,80,78,990.99,991.2,990.77,826,,826,38,35.1,40.9,17.2,16.5,17.8,70.1,74.7,66,18.9,18.4,19.3,18.9,18.4,19.3
2025-07-02T10:00:00Z,56,51,60,78,79,77,991.21,991.42,991,842,,842,40,36.8,43.1,17.6,16.9,18.2,67.3,72,63.1,20.2,19.6,20.8,20.2,19.6,20.8
2025-07-02T11:00:00Z,54,49,59,80,81,79,991.63,991.85,991.42,822,,822,40.3,37.6,43.1,17.6,17.1,18.2,66.8,70.8,63.2,20.2,19.8,20.5,20.2,19.8,20.5
2025-07-02T12:00:00Z,47,43,52,85,86,84,991.76,991.99,991.53,459,,459,37.8,35.8,39.8,17.1,16.7,17.5,70.5,73.6,67.6,17.9,17.7,18.2,17.9,17.7,18.2
2025-07-02T13:00:00Z,41,37,45,89,90,88,991.77,992.02,991.51,62,,62,35.8,34.2,37.4,16.7,16.3,17,73.6,76.4,71,16.8,16.4,17.1,16.8,16.4,17.1
2025-07-02T14:00:00Z,38,34,42,91,92,90,991.68,991.95,991.4,51,,51,32.5,30.8,34.1,15.9,15.5,16.3,79.6,83,76.5,15.2,14.7,15.7,15.2,14.7,15.7
2025-07-02T15:00:00Z,35,31,39,94,95,93,991.27,991.54,991.01,52,,52,32.7,31,34.3,15.9,15.5,16.3,79.2,82.5,76.2,15.4,14.9,15.8,15.4,14.9,15.8
2025-07-02T16:00:00Z,26,23,30,100,101,99,990.78,991.06,990.5,57,,57,29.4,28,30.8,15.1,14.7,15.5,86.1,89.5,83,13,13,12.9,13,13,12.9
2025-07-02T17:00:00Z,25,21,28,102,103,101,990.54,990.81,990.28,56,,56,29.3,27.7,30.9,15.1,14.6,15.5,86.4,90.2,82.8,12.7,12.7,12.7,12.7,12.7,12.7
2025-07-02T18:00:00Z,26,23,30,99,100,98,990.25,990.45,990.04,59,,59,29.6,28.1,31,15.1,14.7,15.5,85.8,89.2,82.5,13,13.1,13,13,13.1,13
2025-07-02T19:00:00Z,26,23,29,98,100,97,990.1,990.37,989.84,62,,62,28,26.7,29.4,14.7,14.4,15.1,89.4,92.8,86.2,12.1,12.1,12.1,12.1,12.1,12.1
2025-07-02T20:00:00Z,27,24,30,98,99,97,989.57,989.83,989.31,61,,61,28.5,27.3,29.8,14.9,14.5,15.2,88.1,91.2,85.3,12.3,12.4,12.3,12.3,12.4,12.3
2025-07-02T21:00:00Z,27,24,31,98,99,97,989.15,989.39,988.91,60,,60,28.9,27.5,30.3,15,14.6,15.3,87.3,90.7,84.2,12.6,12.5,12.6,12.6,12.5,12.6
2025-07-02T22:00:00Z,28,25,32,97,98,96,988.7,988.91,988.48,59,,59,29.8,28.5,31.2,15.2,14.9,15.6,85.1,88.2,82.3,13.2,13,13.4,13.2,13,13.4
2025-07-02T23:00:00Z,29,26,32,96,97,95,988.7,988.92,988.49,60,,60,30.9,29.7,32.1,15.5,15.2,15.8,82.9,85.5,80.5,13.7,13.6,13.8,13.7,13.6,13.8
2025-07-03T00:00:00Z,31,28,34,94,95,93,988.69,988.91,988.48,61,,61,34.7,33,36.4,16.4,16,16.8,75.6,78.7,72.7,15.6,15.2,16,15.6,15.2,16
2025-07-03T01:00:00Z,34,30,37,93,94,91,989.2,989.4,989,58,,58,38.4,36.8,40,17.2,16.9,17.6,69.6,72.1,67.3,17.5,17.2,17.9,17.5,17.2,17.9
2025-07-03T02:00:00Z,37,33,40,91,92,90,989.76,989.96,989.56,57,,57,37.6,36.1,39.1,17.1,16.7,17.4,70.8,73.2,68.6,17.1,16.9,17.2,17.1,16.9,17.2
2025-07-03T03:00:00Z,40,36,44,89,90,88,990,990.21,989.79,56,,56,34.5,33.3,35.6,16.4,16.1,16.6,75.9,78.1,73.9,15.5,15.4,15.7,15.5,15.4,15.7
2025-07-03T04:00:00Z,42,38,46,88,89,87,990.16,990.37,989.96,172,,172,33.9,32.7,35.1,16.2,15.9,16.5,77,79.2,74.9,15.2,15,15.4,15.2,15,15.4
2025-07-03T05:00:00Z,44,40,48,86,87,85,990.31,990.5,990.13,208,,208,26.3,25.2,27.4,14.3,13.9,14.6,93.8,96.9,90.9,11.4,11.2,11.6,11.4,11.2,11.6
2025-07-03T06:00:00Z,47,43,51,84,86,83,990.16,990.36,989.95,213,,213,25.3,24.3,26.3,13.9,13.6,14.2,96.7,99.6,93.9,10.7,10.6,10.9,10.7,10.6,10.9
2025-07-03T07:00:00Z,48,44,53,84,85,83,989.99,990.19,989.79,273,,273,24,23,24.9,13.5,13.2,13.8,100.6,103.7,97.7,10,9.8,10.1,10,9.8,10.1
2025-07-03T08:00:00Z,50,46,55,82,83,81,990.26,990.46,990.05,367,,367,25,24,26,13.9,13.5,14.2,97.5,100.6,94.7,10.3,10.2,10.5,10.3,10.2,10.5
2025-07-03T09:00:00Z,52,48,57,81,82,80,990.56,990.79,990.34,487,,487,25.4,24.3,26.5,14,13.6,14.3,96.4,99.6,93.3,10.7,10.5,10.8,10.7,10.5,10.8
2025-07-03T10:00:00Z,54,49,58,80,81,79,990.98,991.16,990.81,648,,648,26.3,24.9,27.7,14.2,13.8,14.6,93.9,97.7,90.3,11,10.7,11.2,11,10.7,11.2
2025-07-03T11:00:00Z,52,48,57,82,83,81,991.46,991.66,991.26,815,,815,27.4,26.1,28.7,14.6,14.2,14.9,91,94.4,87.8,11.6,11.4,11.8,11.6,11.4,11.8
2025-07-03T12:00:00Z,48,44,52,85,87,84,991.85,992.07,991.64,600,,600,23.7,22.8,24.6,13.5,13.2,13.7,101.6,104.5,98.7,9.7,9.6,9.8,9.7,9.6,9.8
2025-07-03T13:00:00Z,44,40,48,89,90,88,992.1,992.35,991.86,344,,344,22,21.3,22.6,12.9,12.7,13.1,107.3,109.8,104.9,9,8.8,9.2,9,8.8,9.2
2025-07-03T14:00:00Z,41,37,45,92,93,91,992.08,992.35,991.82,51,,51,20.2,19.5,20.8,12.3,12.1,12.5,114,116.7,111.5,7.9,7.8,8,7.9,7.8,8
2025-07-03T15:00:00Z,37,33,41,95,96,94,991.79,992.06,991.52,52,,52,18.8,18.2,19.4,11.8,11.6,12,120,122.7,117.4,7.1,7.1,7.2,7.1,7.1,7.2
2025-07-03T16:00:00Z,28,24,31,103,105,102,991.7,991.97,991.43,53,,53,16,15.4,16.5,10.7,10.5,10.9,133.7,136.9,130.6,5.2,5.5,4.8,5.2,5.5,4.8
2025-07-03T17:00:00Z,26,23,29,105,106,103,991.43,991.7,991.17,55,,55,15.2,14.5,15.9,10.4,10.1,10.7,138.2,142.6,133.9,4.8,5.1,4.5,4.8,5.1,4.5
2025-07-03T18:00:00Z,27,23,30,103,104,102,991.21,991.47,990.95,58,,58,15.3,14.7,15.9,10.4,10.2,10.7,137.5,140.8,134.3,4.9,5.3,4.5,4.9,5.3,4.5
2025-07-03T19:00:00Z,27,24,30,102,103,100,990.91,991.17,990.65,60,,60,14.7,14,15.3,10.1,9.8,10.4,141.4,145.6,137.3,4.5,4.9,4.2,4.5,4.9,4.2
2025-07-03T20:00:00Z,28,25,31,101,102,100,990.69,990.95,990.44,59,,59,15.2,14.7,15.7,10.4,10.2,10.6,137.9,140.9,135.1,4.8,5.3,4.4,4.8,5.3,4.4
2025-07-03T21:00:00Z,30,26,33,100,101,99,990.66,990.92,990.4,57,,57,15.4,14.9,15.9,10.5,10.2,10.7,136.9,140,133.9,4.9,5.3,4.5,4.9,5.3,4.5
2025-07-03T22:00:00Z,30,27,34,100,101,98,990.51,990.75,990.26,57,,57,15.1,14.7,15.6,10.3,10.2,10.5,138.6,141.3,136,4.8,5.2,4.4,4.8,5.2,4.4
2025-07-03T23:00:00Z,31,27,35,99,100,97,990.54,990.78,990.3,58,,58,17.6,17,18.2,11.3,11.1,11.6,125.4,128.2,122.7,6.1,6.4,5.8,6.2,6.4,5.9
2025-07-04T00:00:00Z,32,29,36,97,98,95,990.63,990.86,990.4,60,,60,15.2,14.8,15.6,10.4,10.2,10.5,138.1,140.5,135.9,5.2,5.2,5.2,5.2,5.2,5.2
2025-07-04T01:00:00Z,34,31,38,94,96,93,991.34,991.57,991.12,62,,62,17.4,16.9,17.8,11.3,11.1,11.4,126.4,128.6,124.3,6.3,6.3,6.3,6.3,6.3,6.3
2025-07-04T02:00:00Z,39,35,43,92,93,90,991.87,992.11,991.64,59,,59,23.6,23,24.2,13.4,13.2,13.6,101.8,103.8,99.8,9.2,9.2,9.2,9.2,9.2,9.2
2025-07-04T03:00:00Z,44,40,48,90,91,88,992.64,992.86,992.41,56,,56,27.8,26.8,28.7,14.7,14.4,14.9,90,92.5,87.7,11.1,11,11.3,11.1,11,11.3
2025-07-04T04:00:00Z,46,42,50,88,89,87,992.4,992.61,992.2,56,,56,35.6,34.3,37,16.6,16.3,16.9,74,76.3,71.8,15.7,15.5,15.9,15.7,15.5,15.9
2025-07-04T05:00:00Z,47,42,51,88,89,86,992.17,992.37,991.98,93,,93,36.1,34.8,37.4,16.7,16.5,17,73.1,75.3,71.1,16,15.8,16.2,16,15.8,16.2
2025-07-04T06:00:00Z,49,44,53,86,87,85,992.72,992.94,992.51,361,,361,36.5,35.5,37.5,16.8,16.6,17.1,72.5,74.2,70.9,16.1,16,16.3,16.1,16,16.3
2025-07-04T07:00:00Z,49,45,54,86,87,85,992.78,993,992.56,412,,412,35.7,34.5,37,16.7,16.4,16.9,73.8,75.9,71.7,15.7,15.5,15.9,15.7,15.5,15.9
2025-07-04T08:00:00Z,51,46,55,86,87,84,992.88,993.11,992.65,484,,484,39.5,38.2,40.9,17.5,17.2,17.8,67.9,69.9,66,17.6,17.5,17.6,17.6,17.5,17.6
2025-07-04T09:00:00Z,52,48,57,85,86,84,992.93,993.17,992.69,641,,641,43.9,42.2,45.5,18.3,18,18.7,62.3,64.3,60.4,19.9,19.8,20.1,19.9,19.8,20.1
2025-07-04T10:00:00Z,52,47,57,86,87,85,992.93,993.17,992.68,704,,704,40.5,38.9,42.2,17.7,17.4,18,66.5,68.8,64.3,18,17.8,18.2,18,17.8,18.2
2025-07-04T11:00:00Z,52,47,56,86,87,85,993.45,993.7,993.2,639,,639,35.9,34.4,37.4,16.7,16.4,17,73.5,76,71.1,15.7,15.5,15.9,15.7,15.5,15.9
2025-07-04T12:00:00Z,49,45,54,87,88,86,994.02,994.28,993.75,241,,241,28.4,27.5,29.3,14.8,14.6,15.1,88.5,90.6,86.5,11.7,11.7,11.8,11.7,11.7,11.8
2025-07-04T13:00:00Z,48,44,53,88,89,87,994.94,995.22,994.67,59,,59,28,27,29.1,14.7,14.4,15,89.3,92.1,86.8,11.6,11.5,11.8,11.6,11.5,11.8
2025-07-04T14:00:00Z,47,43,51,89,90,88,995.41,995.69,995.13,51,,51,23.2,22.2,24.2,13.3,13,13.6,103,106.3,99.9,9.4,9.2,9.6,9.4,9.2,9.6
2025-07-04T15:00:00Z,47,43,52,90,91,89,995.54,995.82,995.25,51,,51,13.3,12.7,13.9,9.5,9.3,9.8,150.3,154.4,146.5,4.8,4.7,4.9,4.8,4.7,4.9
2025-07-04T16:00:00Z,45,41,49,92,93,91,995.04,995.33,994.76,51,,51,12.2,11.8,12.6,9,8.8,9.2,158.3,161.6,155.2,4.2,4.1,4.3,4.2,4.1,4.3
2025-07-04T17:00:00Z,41,37,45,96,97,94,994.08,994.37,993.8,51,,51,17.7,17,18.4,11.4,11.1,11.6,124.8,128.1,121.7,6.7,6.6,6.7,6.7,6.6,6.7
2025-07-04T18:00:00Z,39,35,43,97,98,96,993.9,994.19,993.6,53,,53,25.3,24.6,26.1,14,13.7,14.2,96.5,98.7,94.4,10.4,10.3,10.4,10.4,10.3,10.4
2025-07-04T19:00:00Z,37,32,41,99,100,98,993.63,993.92,993.33,53,,53,32.7,31.1,34.4,15.9,15.5,16.3,79.2,82.5,76.1,13.7,13.6,13.9,13.7,13.6,13.9
2025-07-04T20:00:00Z,33,30,37,101,102,100,993.29,993.59,993,54,,54,29.4,28,30.8,15.1,14.7,15.5,86.1,89.4,83,11.7,12.1,11.4,11.7,12.1,11.4
2025-07-04T21:00:00Z,32,28,36,101,102,99,992.64,992.94,992.34,58,,58,24.3,23.2,25.4,13.6,13.3,14,99.6,103.1,96.4,9.3,9.6,9,9.3,9.6,9
2025-07-04T22:00:00Z,34,30,38,100,101,99,992.16,992.44,991.88,57,,57,24.3,23.2,25.4,13.6,13.3,14,99.7,103.1,96.4,9.3,9.5,9,9.3,9.5,9
2025-07-04T23:00:00Z,34,30,38,99,100,98,991.75,992.02,991.48,59,,59,23.6,22.6,24.6,13.4,13.1,13.7,101.7,105,98.6,9.2,9.5,8.9,9.2,9.5,8.9
2025-07-05T00:00:00Z,35,31,38,97,99,96,991.51,991.77,991.24,61,,61,24.9,24,25.8,13.8,13.6,14.1,97.8,100.4,95.3,9.8,10.1,9.6,9.9,10.1,9.6
2025-07-05T01:00:00Z,37,33,41,95,97,94,991.62,991.88,991.35,61,,61,28.7,27.5,29.8,14.9,14.6,15.2,87.8,90.7,85.1,11.9,11.8,12.1,12.4,12.2,12.6
2025-07-05T02:00:00Z,40,36,44,93,94,92,992.21,992.48,991.93,112,,112,62.3,60,64.6,21.4,21,21.7,46,47.6,44.6,28.3,27.9,28.6,30.5,30,31
2025-07-05T03:00:00Z,42,38,47,91,93,90,992.83,993.09,992.58,473,,473,115.7,111.4,120,27,26.6,27.3,26.2,27.2,25.3,44.8,44.5,45.2,58.8,57.9,59.7
2025-07-05T04:00:00Z,45,41,49,90,91,89,993.02,993.27,992.77,681,,681,171.2,165.4,177.1,30.7,30.4,31,18.1,18.7,17.5,59.9,59.1,60.8,90.9,89.6,92.2
2025-07-05T05:00:00Z,46,42,51,89,90,88,993.08,993.32,992.83,572,,572,174.7,168.5,180.9,30.9,30.6,31.2,17.8,18.4,17.2,61.1,60.1,62,92.7,91.3,94.1
2025-07-05T06:00:00Z,48,44,53,88,89,87,992.85,993.08,992.63,240,,240,131.4,126.5,136.2,28.2,27.8,28.5,23.3,24.1,22.5,49.3,48.8,49.8,69.7,68.6,70.8
2025-07-05T07:00:00Z,50,46,55,87,88,86,992.68,992.93,992.43,57,,57,79.7,77,82.5,23.6,23.3,23.9,36.9,38.1,35.8,35.5,35.3,35.8,40.2,39.7,40.7
2025-07-05T08:00:00Z,53,48,57,86,87,84,992.61,992.86,992.37,188,,188,61.9,59.6,64.3,21.3,21,21.6,46.2,47.8,44.8,29.5,29.3,29.6,30.1,29.8,30.3
2025-07-05T09:00:00Z,54,49,58,85,86,84,992.56,992.82,992.3,71,,71,54.3,51.9,56.7,20.2,19.8,20.5,51.9,54,50,25.9,25.7,26.1,25.9,25.7,26.1
2025-07-05T10:00:00Z,54,50,59,84,85,83,992.41,992.68,992.14,51,,51,54,51.4,56.6,20.1,19.7,20.5,52.1,54.4,50,25.8,25.5,26.2,25.8,25.5,26.2
2025-07-05T11:00:00Z,53,49,58,85,86,84,992.53,992.79,992.26,230,,230,57.8,55.5,60.1,20.7,20.4,21.1,49.1,50.9,47.5,27.8,27.6,28,27.8,27.6,28
2025-07-05T12:00:00Z,50,45,54,87,88,86,992.61,992.88,992.35,71,,71,57.9,55.5,60.3,20.7,20.4,21.1,49.1,50.9,47.4,27.6,27.3,27.9,27.7,27.4,28
2025-07-05T13:00:00Z,45,40,49,92,93,90,992.42,992.7,992.14,50,,50,59.5,56.9,62.1,21,20.6,21.3,47.9,49.8,46.1,28.4,28,28.8,28.6,28.2,29
2025-07-05T14:00:00Z,42,38,46,94,95,93,992.13,992.43,991.83,51,,51,64.3,61.3,67.2,21.6,21.2,22,44.8,46.7,43,30.5,30.2,30.7,31.3,31,31.7
2025-07-05T15:00:00Z,39,35,43,96,98,95,992.02,992.3,991.73,51,,51,61.3,58.4,64.2,21.2,20.8,21.6,46.7,48.7,44.8,28.8,28.3,29.3,29.1,28.6,29.7
2025-07-05T16:00:00Z,29,26,33,106,107,104,991.83,992.12,991.53,53,,53,49.7,46.1,53.2,19.4,18.8,20,56,59.7,52.8,21.6,21.7,21.4,21.6,21.7,21.4
2025-07-05T17:00:00Z,28,24,32,106,107,105,991.52,991.82,991.23,56,,56,45.1,41.6,48.6,18.6,17.9,19.2,60.8,65.1,57.1,19.3,19.5,19,19.3,19.5,19
2025-07-05T18:00:00Z,27,24,31,105,106,103,990.82,991.1,990.53,62,,62,39.9,37.2,42.7,17.6,17,18.1,67.3,71.4,63.7,16.9,16.9,16.9,16.9,16.9,16.9
2025-07-05T19:00:00Z,28,24,31,104,105,102,989.9,990.18,989.62,63,,63,36.8,34.4,39.3,16.9,16.3,17.4,72,76.1,68.2,15.5,15.5,15.6,15.5,15.5,15.6
2025-07-05T20:00:00Z,29,25,32,102,103,101,988.96,989.22,988.7,65,,65,35.1,32.8,37.4,16.5,16,17,74.8,79,71,14.8,14.9,14.8,14.8,14.9,14.8
2025-07-05T21:00:00Z,29,25,32,101,102,99,988.63,988.88,988.38,67,,67,33.1,31.2,35,16,15.6,16.5,78.5,82.3,75,13.9,14,13.8,13.9,14,13.8
2025-07-05T22:00:00Z,29,26,33,99,101,98,988.25,988.48,988.02,69,,69,32.4,30.8,33.9,15.9,15.5,16.2,79.9,83,76.9,13.5,13.8,13.3,13.5,13.8,13.3
2025-07-05T23:00:00Z,31,28,35,98,99,97,987.81,988.04,987.58,65,,65,36.1,34.4,37.8,16.7,16.3,17.1,73.2,76.1,70.5,15.4,15.6,15.2,15.4,15.6,15.2
2025-07-06T00:00:00Z,33,30,37,97,98,96,987.91,988.17,987.65,63,,63,38.4,36.3,40.5,17.2,16.8,17.7,69.6,72.9,66.5,16.6,16.4,16.8,16.6,16.4,16.8
2025-07-06T01:00:00Z,36,32,39,95,96,94,988.01,988.25,987.77,63,,63,38.4,36.9,39.9,17.2,16.9,17.5,69.6,71.9,67.4,16.9,16.8,17,16.9,16.8,17
2025-07-06T02:00:00Z,38,34,42,94,95,93,987.98,988.22,987.74,61,,61,40.9,39.1,42.7,17.8,17.4,18.1,66,68.5,63.6,18.3,18.2,18.5,18.3,18.2,18.5
2025-07-06T03:00:00Z,45,41,49,92,93,91,987.97,988.2,987.75,118,,118,32.2,30.6,33.8,15.8,15.4,16.2,80.2,83.5,77.2,14.4,14.1,14.7,14.4,14.1,14.7
2025-07-06T04:00:00Z,49,45,53,90,91,89,988.15,988.36,987.94,502,,502,30.3,29,31.6,15.3,15,15.7,84.2,87.1,81.4,13.7,13.3,14,13.7,13.3,14
2025-07-06T05:00:00Z,50,46,55,90,91,89,987.69,987.91,987.46,386,,386,29.9,28.6,31.2,15.2,14.9,15.6,85,88,82.2,13.5,13.4,13.6,13.5,13.4,13.6
2025-07-06T06:00:00Z,52,47,56,89,90,87,987.08,987.31,986.85,416,,416,30.5,29.2,31.8,15.4,15.1,15.7,83.7,86.5,81,13.8,13.5,14,13.8,13.5,14
2025-07-06T07:00:00Z,54,50,59,88,89,87,986.53,986.77,986.3,411,,411,33.2,31.8,34.5,16.1,15.7,16.4,78.3,80.9,75.9,15.3,15.1,15.5,15.3,15.1,15.5
2025-07-06T08:00:00Z,58,53,63,86,87,85,985.89,986.13,985.64,561,,561,39.2,37.5,40.8,17.4,17,17.7,68.4,70.9,66.1,18.4,18.2,18.7,18.4,18.2,18.7
2025-07-06T09:00:00Z,54,49,59,86,87,85,985.93,986.18,985.67,158,,158,49.1,47.2,51,19.3,19,19.6,56.6,58.5,54.7,23.3,23.2,23.5,23.3,23.2,23.5
2025-07-06T10:00:00Z,52,48,57,86,87,85,986.15,986.42,985.88,56,,56,48,45.8,50.2,19.1,18.7,19.5,57.7,60.1,55.5,22.7,22.2,23.2,22.7,22.2,23.2
2025-07-06T11:00:00Z,54,49,58,87,88,86,986.18,986.45,985.91,380,,380,43.1,41.3,44.8,18.2,17.9,18.5,63.2,65.4,61.1,20.3,19.9,20.7,20.3,19.9,20.7
2025-07-06T12:00:00Z,53,48,58,88,89,87,986.58,986.85,986.31,557,,557,26.9,25.7,28.2,14.4,14.1,14.8,92.1,95.4,89.1,12.1,11.9,12.4,12.1,11.9,12.4
2025-07-06T13:00:00Z,50,45,54,90,91,89,987.06,987.34,986.79,250,,250,10.3,9.8,10.8,8.1,7.8,8.3,174.3,178.8,170.1,3.6,3.4,3.8,3.6,3.4,3.8
2025-07-06T14:00:00Z,48,44,53,91,92,90,987.01,987.3,986.72,149,,149,7.1,6.9,7.3,6.1,6,6.3,210.9,213.6,208.2,2,2,2,2,2,2
2025-07-06T15:00:00Z,49,45,54,91,92,89,987.16,987.44,986.87,235,,235,9,8.6,9.3,7.3,7.1,7.5,187.8,191.9,183.8,2.8,2.7,2.9,2.8,2.7,2.9
2025-07-06T16:00:00Z,49,45,54,91,93,90,987.46,987.75,987.17,443,,443,12.4,11.8,13,9.1,8.8,9.4,157,161.7,152.5,4.6,4.4,4.7,4.6,4.4,4.7
2025-07-06T17:00:00Z,49,44,54,92,93,91,987.43,987.73,987.14,516,,516,13.2,12.5,13.9,9.5,9.1,9.8,151.2,156.2,146.4,4.9,4.8,5.1,4.9,4.8,5.1
2025-07-06T18:00:00Z,50,45,54,91,93,90,987.2,987.48,986.91,508,,508,13.1,12.5,13.7,9.5,9.2,9.7,151.5,156,147.3,4.9,4.9,4.9,4.9,4.9,4.9
2025-07-06T19:00:00Z,44,40,49,96,97,95,986.51,986.8,986.22,312,,312,12.5,11.8,13.2,9.2,8.8,9.5,156.1,161.2,151.2,4.5,4.4,4.7,4.5,4.4,4.7
2025-07-06T20:00:00Z,42,38,46,98,99,96,986.12,986.42,985.82,161,,161,9.6,9.1,10.2,7.7,7.4,8,181.1,186.8,175.8,3.1,3.1,3.2,3.1,3.1,3.2
2025-07-06T21:00:00Z,54,50,59,91,92,90,986.58,986.88,986.28,283,,283,6.8,6.5,7.2,6,5.8,6.2,214.4,219.3,209.8,2.1,2,2.2,2.1,2,2.2
2025-07-06T22:00:00Z,58,53,63,86,87,85,987.17,987.46,986.88,391,,391,3.5,3.5,3.6,3.5,3.5,3.6,273.8,275.6,272.1,0.6,0.6,0.6,0.6,0.6,0.6
2025-07-06T23:00:00Z,57,53,62,83,84,82,987.68,987.96,987.4,339,,339,5.5,5.2,5.9,5.1,4.8,5.3,234.4,240.3,228.7,1.5,1.5,1.6,1.6,1.5,1.6
2025-07-07T00:00:00Z,58,53,62,82,83,81,988.49,988.78,988.2,428,,428,10.4,9.7,11.1,8.1,7.7,8.4,173.8,180.5,167.6,3.9,3.8,4,3.9,3.8,4
2025-07-07T01:00:00Z,58,54,63,80,81,79,989.29,989.59,989,566,,566,32.1,29.8,34.3,15.8,15.2,16.3,80.5,85.2,76.2,15.7,15.3,16.2,15.7,15.3,16.2
2025-07-07T02:00:00Z,57,52,62,79,80,78,989.9,990.2,989.61,627,,627,38.3,35.7,40.9,17.2,16.6,17.8,69.7,73.8,66,19.7,19.3,20.1,19.7,19.3,20.1
2025-07-07T03:00:00Z,57,52,62,79,80,78,990.01,990.3,989.73,622,,622,37.9,35.1,40.7,17.1,16.5,17.7,70.3,74.8,66.3,19.6,19.2,20,19.6,19.2,20
2025-07-07T04:00:00Z,57,52,61,78,79,77,990.27,990.56,989.99,604,,604,38.9,35.9,41.9,17.4,16.7,18,68.8,73.4,64.7,20.2,19.7,20.8,20.2,19.7,20.8
2025-07-07T05:00:00Z,56,51,61,78,79,77,989.8,990.09,989.5,512,,512,42.9,39.2,46.6,18.2,17.4,18.9,63.5,68.4,59.2,22.7,22,23.5,22.7,22,23.5
2025-07-07T06:00:00Z,56,51,60,78,79,77,989.77,990.06,989.47,527,,527,39.9,36.8,43.1,17.6,16.9,18.2,67.4,72,63.2,20.7,20.2,21.3,20.7,20.2,21.3
2025-07-07T07:00:00Z,56,51,61,77,78,76,989.99,990.29,989.7,423,,423,32.6,29.9,35.2,15.9,15.2,16.5,79.5,85.1,74.6,16.7,16.3,17.1,16.7,16.3,17.1
2025-07-07T08:00:00Z,56,51,61,77,78,76,990.5,990.8,990.2,361,,361,29.4,26.9,31.9,15.1,14.4,15.7,86.2,92.2,80.8,15.2,14.9,15.5,15.2,14.9,15.5
2025-07-07T09:00:00Z,56,51,61,77,78,76,991.01,991.32,990.7,393,,393,34.1,31,37.1,16.3,15.5,17,76.6,82.5,71.5,17.8,17.3,18.2,17.8,17.3,18.2
2025-07-07T10:00:00Z,55,50,60,77,78,76,991.5,991.8,991.2,215,,215,40.6,37,44.2,17.7,16.9,18.4,66.4,71.7,61.8,21.7,21.2,22.2,21.7,21.2,22.2
2025-07-07T11:00:00Z,53,49,58,77,78,76,992.25,992.56,991.95,264,,264,47.3,43.2,51.3,19,18.2,19.7,58.4,63,54.5,25.8,25.4,26.2,25.8,25.4,26.2
2025-07-07T12:00:00Z,52,47,56,79,80,78,992.56,992.87,992.25,390,,390,45.6,41.7,49.6,18.7,17.9,19.4,60.2,65,56.1,24.3,23.4,25.1,24.3,23.4,25.1
2025-07-07T13:00:00Z,48,44,53,81,82,79,992.83,993.13,992.52,364,,364,50.4,46.8,54,19.5,18.9,20.1,55.4,59,52.2,26.4,25.8,27,26.4,25.8,27.1
2025-07-07T14:00:00Z,45,41,50,83,84,81,993.03,993.36,992.71,160,,160,57.9,53.6,62.1,20.7,20.1,21.4,49.1,52.5,46.1,29.9,29.5,30.3,30.5,29.8,31.2
2025-07-07T15:00:00Z,41,37,45,85,86,84,993.21,993.52,992.9,50,,50,66,62.2,69.8,21.9,21.4,22.4,43.7,46.1,41.6,32.3,31.9,32.6,34.2,33.5,35
2025-07-07T16:00:00Z,30,26,33,97,98,96,992.97,993.3,992.64,52,,52,64.6,61.2,68,21.7,21.2,22.1,44.6,46.7,42.6,30.7,30.4,31,31.8,31.3,32.4
2025-07-07T17:00:00Z,27,24,30,98,99,97,992.93,993.26,992.6,57,,57,68,64.3,71.6,22.1,21.7,22.6,42.6,44.7,40.6,31.9,31.6,32.3,33.7,33.1,34.3
2025-07-07T18:00:00Z,30,26,33,96,97,95,992.63,992.94,992.32,54,,54,74.3,70,78.7,22.9,22.4,23.5,39.3,41.5,37.4,34.1,33.5,34.7,37.3,36.4,38.3
2025-07-07T19:00:00Z,31,27,34,94,95,93,992.29,992.56,992.01,58,,58,82.5,78.4,86.6,23.9,23.4,24.3,35.8,37.5,34.2,36.8,36.3,37.3,41.8,40.9,42.7
2025-07-07T20:00:00Z,31,28,34,94,96,93,991.9,992.19,991.61,57,,57,89,84.4,93.5,24.6,24.1,25,33.4,35.1,31.9,38.7,38.2,39.3,45.3,44.3,46.3
2025-07-07T21:00:00Z,30,27,34,95,96,94,991.82,992.09,991.54,58,,58,91,86.5,95.4,24.8,24.3,25.2,32.7,34.3,31.3,39.4,39,39.8,46.5,45.8,47.3
2025-07-07T22:00:00Z,31,28,35,94,95,93,991.69,991.97,991.41,58,,58,91.7,87.2,96.1,24.9,24.4,25.3,32.5,34,31.1,39.7,39.2,40.1,47.1,46.2,48
2025-07-07T23:00:00Z,33,29,36,91,92,90,992.05,992.32,991.78,61,,61,91.2,86.9,95.6,24.8,24.4,25.2,32.6,34.1,31.3,39.6,39.1,40.1,47.1,46.2,48
