sensor_index,name,latitude,longitude
262261,B L Zen,34.042206,-118.51095
262343,SOUTH RIVIERA,34.0346,-118.513794
262437,Crestwood Hills Preschool,34.076538,-118.48832
262449,Rivas Canyon/Oracle Pl,34.056217,-118.51816
263027,676 Palisades Drive 90272,34.065613,-118.43338
1970,AQMD_NASA_14,33.99827,-118.437546
2649,Porter Ranch,34.294777,-118.57907
2946,Venice,33.99251,-118.47207
265253,Atwater,34.11493,-118.26095
265417,Upper Riv,34.061935,-118.50202
265735,Charnock Rd,34.022358,-118.41111
4054,Semillas,34.085045,-118.18156
266279,Patrae Street,33.984486,-118.42341
4417,Point Fermin,33.70755,-118.291084
267621,Pali Circle No 1,34.074394,-118.56352
267631,Pali circle #2,34.074413,-118.564255
267669,17220 Palisades Cir.,34.07476,-118.56347
5804,Oxford Triangle,33.987106,-118.45132
5810,Hunting Palisades,34.03836,-118.51824
6170,CCA Hillcrest and Obama,34.021492,-118.34324
6220,CCA 27th and Brighton,34.030903,-118.301506
6472,AQMD_NASA_34,34.111187,-118.21065
268708,PCE,34.077957,-118.56903
7290,Hacienda,34.180466,-118.41769
269902,Nelavida,34.119698,-118.233154
270654,Highlands,34.073345,-118.563644
8862,CCA Helena and Medio,34.051643,-118.4802
271012,676 Palisades Drive 90272,34.065613,-118.43338
271303,Tomarian,34.083347,-118.27821
9168,CCA Bates and Sunset,34.09818,-118.28198
9274,CCA Crownridge and Royal Woods,34.133804,-118.47423
10544,R1180_UMCW,33.782234,-118.26753
272935,Velaslavasay Panorama,34.034176,-118.28468
11006,Home-garage,33.974392,-118.3839
273367,Pali Purple,34.037914,-118.51946
12272,Huntington,34.082874,-118.189514
274436,1418926,34.030994,-118.52077
275634,Highlands,34.07115,-118.55153
276088,Linnie Canal Venice,33.984573,-118.46658
13967,Vedanta Courtyard,34.10655,-118.32698
15901,Colfax Meadows,34.14978,-118.383026
279504,Palisades Outside,34.058384,-118.549805
17793,Hollywood (KD8DRX-PAII-1),34.10424,-118.3317
281340,Hewitt,34.20407,-118.38328
20700,Gallery Lane,34.157288,-118.38509
284000,Backyard,34.070507,-118.37995
284002,Elysian Heights,34.092693,-118.24888
284042,SC,34.048904,-118.311356
284134,Pico & Centinella,34.028515,-118.45275
22567,TF home outside,33.963295,-118.45176
23635,Westchester,33.96655,-118.391396
288248,Roof,34.081184,-118.29977
26479,"Valley Vista Blvd and Stone Canyon Ave, Sherman Oaks",34.14562,-118.46077
27109,AQMD_NASA_248,34.16477,-118.59115
28529,R1180_LEEW,33.777233,-118.243095
29697,CSUN Live Oak,34.23818,-118.528336
292727,Avalon,33.97198,-118.42548
292775,Milford Airway II,34.106506,-118.178345
292925,"22023 Bryant St, West Hills, CA 91304",34.226997,-118.60692
293651,PurpleAir 83:BC,34.116005,-118.21946
294053,El Medio,34.050697,-118.53205
32339,Ackerman,34.116642,-118.22908
32969,Nichols Canyon Road,34.122124,-118.36022
33181,Little Holmby,34.073853,-118.43859
34481,Playa Vista,33.971844,-118.42094
34517,Westland School,34.129498,-118.486015
296843,Bottom of moon canyon,34.10688,-118.21276
35027,Comstock-Dunkirk,34.055313,-118.4213
36143,Brentwood School East Campus,34.067047,-118.46885
36359,Brentwood School West Campus,34.06109,-118.47584
36717,Village Green,34.020527,-118.36168
37217,"Forrester drive, Los Angeles, Ca 90064",34.040783,-118.402084
299439,Vinton Ave,34.022186,-118.40363
37551,Granada Hills,34.280663,-118.471855
37885,Veteran,34.026787,-118.421555
38399,Lindenhurst and Crescent Heights,34.066563,-118.365456
300669,3rd Ave,34.04941,-118.31949
38649,875 Terrace 49,34.114075,-118.21108
302278,Sky Valley Road,34.127068,-118.508385
40449,Backyard,34.036194,-118.459694
302888,146 N. Meyler Street,33.737934,-118.2892
304070,MacArthur Park Outside,34.05634,-118.27962
304902,Old Ranch Road Air,34.0693,-118.504265
306510,HOLLYWOOD CHURCH OF GOD,34.0248,-118.34612
46481,Upper south shores,33.729404,-118.31744
48397,Tujunga Village,34.146645,-118.37487
310639,Koreatown,34.05603,-118.292564
49327,MVT Outside,34.104347,-118.271454
312711,Great Oak Cir,34.126484,-118.18886
313261,The Avenue Hollywood,34.10068,-118.34547
51323,Venice Beach,33.994316,-118.47991
313507,Patio,34.04682,-118.52792
314771,BlueberryHill,34.03427,-118.2086
315083,5112 Melrose,34.083305,-118.31232
315103,Madelia Ave & Valley Vista,34.145103,-118.45397
315225,Mid-City/Midtown Crossing,34.04643,-118.34065
315573,So many geese,34.07209,-118.260124
315803,Garey Building East Courtyard Balcony,34.047817,-118.23476
315825,Porch - Sequoia,34.13627,-118.27125
316549,Pacoima Charter School,34.2702,-118.41459
55503,CCA Borden and Carl,34.274612,-118.406845
55537,Park Beloit,34.04084,-118.44235
56087,CCA Montague and Telfair,34.24868,-118.4098
56109,Hill Dr.,34.143806,-118.21793
56207,CCA Haddon and Weidner,34.265656,-118.43358
56239,West Mar Vista,34.008266,-118.43928
57515,R1180_WILH,33.78625,-118.286026
64765,Riverwood ranch,34.275894,-118.318
67241,Elysian Pk NE,34.090786,-118.24284
71813,Sunland,34.273727,-118.305725
73135,Troon Avenue,34.040134,-118.41064
73229,Green Verdugo Hill,34.254223,-118.34204
74069,Coolidge Place,34.101658,-118.246605
75133,Brentwood Park,34.055813,-118.48607
76371,Porter Ranch (Corbin),34.28159,-118.57216
76627,Bancroft Ave,34.09721,-118.25768
76759,"Pagoda Place, Montecito Heights",34.08747,-118.202
77097,Vikings Eagle Penguin,34.14193,-118.19898
78091,Bel Air Hills,34.112766,-118.46301
78373,Briar Summit,34.124516,-118.371796
78635,Baltimore St,34.118977,-118.21224
79085,Ashwood,34.00323,-118.44888
81219,Highland Hall Waldorf School,34.24554,-118.50561
81663,1909 pelham,34.05029,-118.43107
81731,Los Feliz,34.119446,-118.31143
82071,Varna,34.155815,-118.42443
82363,South Carthay Whitworth,34.057076,-118.37345
82609,171xx Escalon Dr,34.135338,-118.50378
83089,Hancock Park,34.075016,-118.3376
83465,Farlin Air,34.06741,-118.46436
84069,Tarzana-Aleman,34.14787,-118.56422
84101,taftpr,34.07165,-118.55768
84323,Lockhurst Sensor,34.18091,-118.647896
84627,Lark,34.103767,-118.213554
85359,Hollywoodland,34.121635,-118.32282
85645,AEnv,34.26045,-118.33701
85985,Kester Av,34.147858,-118.45907
86071,Invalid,34.1195,-118.22425
86075,Beverly Glen,34.124817,-118.44569
86185,Silver Lake,34.099808,-118.266624
86559,"Lower Peck Park, San Pedro, CA",33.75025,-118.29792
87129,Voets front porch,33.970142,-118.37188
87181,Granada Hills,34.304108,-118.51413
87355,"Encino, Luverne Pl",34.14827,-118.5075
88895,Wilshire Blvd - Westholme Ave,34.061493,-118.434616
91479,Ithaca,34.073586,-118.17434
93203,Truxton,33.961735,-118.39327
94397,Edgeware Triangle,34.067867,-118.254196
96837,Tacuba St. outdoor,34.110126,-118.21719
96903,Northridge,34.22511,-118.509384
99345,PB Wicks St and Van Nuys,34.229027,-118.4006
102490,SK,34.157776,-118.576744
108340,Osage Triangle outside,33.96232,-118.3794
113320,Upper Mount Olympus,34.116047,-118.36865
118601,Trego Pl,34.329723,-118.42647
118887,Kindeva,34.233128,-118.56809
119601,Warner Ave,34.06289,-118.429825
122949,Kent's yard,33.978977,-118.40048
124627,Parc Du Nord,34.005493,-118.42474
124961,La Fayette PP / Marathon,34.08,-118.272934
125031,Hollywood Dell,34.112953,-118.32981
128709,GIBSON ST. AND SHENANDOAH,34.037346,-118.38636
133117,Lincoln and Ave 51,34.120197,-118.2049
133597,W 14th St & S Meyler,33.732033,-118.29679
135616,View Park,33.994335,-118.335236
142608,Villa Marina Townhomes,33.98141,-118.43665
150020,Deck,34.093136,-118.27378
155385,Cedros,34.17332,-118.453445
155793,Woking,34.115887,-118.28102
175353,Hazen-Mullholland,34.118793,-118.39649
175415,Aldergrove,34.326363,-118.424774
175667,O Street,33.792194,-118.25144
176911,Sunland: Odell & Wentworth,34.267456,-118.31285
188495,Adams Hill,34.13109,-118.236374
198489,Fletcher Square,34.120472,-118.24426
206827,Kentwood South,33.960133,-118.40416
208491,UPC STU,34.0204,-118.285774
208493,HSC SHN,34.05986,-118.20495
210109,LMU EHS - Sullivan Field,33.966686,-118.4154
212477,New Meyler,33.72372,-118.297
212913,Eldred St.,34.108383,-118.208466
216023,1325 Drumm Ave.,33.791748,-118.24437
216251,Glamis and Lev,34.24727,-118.42988
219899,Calvary Christian School,34.048492,-118.553055
223265,Jefferson Park,34.02754,-118.32316
224187,Berryman,33.996197,-118.40669
225561,Fox and Hounds,34.14103,-118.3722
225879,Patio,34.094112,-118.272125
239985,Los Feliz Square,34.10861,-118.29374
240281,W88th St - Outdoors,33.956985,-118.40638
240923,Westwood - Cashmere,34.06745,-118.45832
243681,Outdoor sensor,34.071854,-118.46221
244053,Mercado La Paloma (Outdoor),34.0173,-118.278366
244817,Hummingbird Haven,33.961567,-118.40924
245025,West Hollywood,34.08614,-118.37481
245029,Saint Clair Ave,34.15604,-118.399
249261,Driftwood,33.97729,-118.464264
251641,ER hilltop,34.131023,-118.21003
251647,Porch,34.095333,-118.21106
251757,Gateway Adolescent,34.08525,-118.256645
251927,Pacific Ave,34.00667,-118.42652
253391,Patio,34.14682,-118.38869
253399,Atlas Street - El Sereno,34.097996,-118.16358
253407,Outside,34.105206,-118.37642
253411,JTD,34.087795,-118.46347
255627,Mid City (Hauser & Washington),34.03941,-118.35993
255637,East Donas,34.130634,-118.379105
256219,Laurel Canyon,34.121105,-118.3887
256271,Upper Mandeville Canyon North,34.123466,-118.50628
256421,Los Angeles Ecovillage,34.07242,-118.29083
256435,Gems,34.081936,-118.19699
256493,Mission Hills,34.253353,-118.46088
256643,Mt. Mycelium,34.129284,-118.202034
256653,Rose Scharlin - Outside,34.10041,-118.25393
256803,Wonderland Park,34.11454,-118.390015
256839,Hollyvista,34.101208,-118.27743
256923,California and 7th,33.994522,-118.463684
256977,N Carmelina Outside,34.06367,-118.48448
257141,Dryad Rd,34.034534,-118.510254
257145,2282 Mandaville Cyn,34.078,-118.49999
257593,Old Porter Ranch,34.264275,-118.539375
257599,1199 TOWER GROVE,34.09169,-118.42392
257643,Mango Way,34.068108,-118.49737
257651,Lower Bel Air,34.081745,-118.44605
257799,3rd/Orange,34.069298,-118.341354
257857,Mory,34.080036,-118.285385
257879,W Ave 46,34.100723,-118.209854
257941,KK,33.992657,-118.43893
258239,Museum Terrace Apartments,34.06458,-118.35452
258263,Encino Hills,34.143604,-118.48678
258282,front porch,34.120335,-118.26629
258287,2449 Mandeville,34.081234,-118.503075
258513,Bobbys Air Monitor,34.0633,-118.414185
258541,Sunny Heights,34.10691,-118.22383
258565,PurpleAir-7866,34.252827,-118.56362
259187,Astral/Nichols,34.11726,-118.35694
259223,2046 Malcolm,34.046715,-118.43126
259233,Wayne,34.114483,-118.28128
259239,Upper Mandeville Canyon,34.105244,-118.5032
259651,Lemoyne and Baxter Streets,34.09009,-118.253204
259915,Kingman Ave,34.036663,-118.508224
260011,Canton ETC,34.132378,-118.38391
260023,Ocean Charter School,33.984497,-118.426956
260081,CHIME Institute's Schwarzenegger Community School,34.165092,-118.56317
260249,Bristol,34.05337,-118.486946
260355,Carlin G,34.10128,-118.21174
260679,Pavia,34.053314,-118.50381
260723,Commonwealth,34.09462,-118.28599
260839,Lil’ Outside Air Sniffer,34.05732,-118.37817
260855,Carpenter Ave,34.138866,-118.39183
260863,Corsica Backyard,34.046143,-118.50706
261099,Bel Air—Verano Road,34.094723,-118.46247
261235,South East Corner of Yard,34.121384,-118.50636
261309,Residence,34.0724,-118.56015
261363,Chastain Parkway,34.076817,-118.55111
261361,Lowell Ave - El Sereno,34.087543,-118.16267
261643,BERKELEY HALL SCHOOL,34.12829,-118.483444
261651,El Medio Palisair,34.052162,-118.53205
261751,Lawndale Dr,34.13415,-118.22714
261755,HOA3 Palisades Highlands Pool,34.07634,-118.5632
