file,n_rows,min_date,max_date
sensor_102490_history.csv,796,2025-01-26 20:00:00-08:00,2025-02-28 23:00:00-08:00
sensor_10544_history.csv,1408,2025-01-01 00:00:00-08:00,2025-02-28 23:00:00-08:00
sensor_108340_history.csv,1416,2025-01-01 00:00:00-08:00,2025-02-28 23:00:00-08:00
sensor_11006_history.csv,0,,
sensor_113320_history.csv,1356,2025-01-01 00:00:00-08:00,2025-02-28 23:00:00-08:00
sensor_118601_history.csv,1404,2025-01-01 00:00:00-08:00,2025-02-28 23:00:00-08:00
sensor_118887_history.csv,1236,2025-01-08 12:00:00-08:00,2025-02-28 23:00:00-08:00
sensor_119601_history.csv,0,,
sensor_12272_history.csv,1414,2025-01-01 00:00:00-08:00,2025-02-28 23:00:00-08:00
sensor_122949_history.csv,1416,2025-01-01 00:00:00-08:00,2025-02-28 23:00:00-08:00
sensor_124627_history.csv,1416,2025-01-01 00:00:00-08:00,2025-02-28 23:00:00-08:00
sensor_124961_history.csv,1416,2025-01-01 00:00:00-08:00,2025-02-28 23:00:00-08:00
sensor_125031_history.csv,1391,2025-01-01 00:00:00-08:00,2025-02-28 23:00:00-08:00
sensor_128709_history.csv,493,2025-02-08 11:00:00-08:00,2025-02-28 23:00:00-08:00
sensor_133117_history.csv,1407,2025-01-01 00:00:00-08:00,2025-02-28 23:00:00-08:00
sensor_133597_history.csv,1388,2025-01-01 00:00:00-08:00,2025-02-28 23:00:00-08:00
sensor_135616_history.csv,1416,2025-01-01 00:00:00-08:00,2025-02-28 23:00:00-08:00
sensor_13967_history.csv,1416,2025-01-01 00:00:00-08:00,2025-02-28 23:00:00-08:00
sensor_142608_history.csv,1416,2025-01-01 00:00:00-08:00,2025-02-28 23:00:00-08:00
sensor_150020_history.csv,880,2025-01-01 00:00:00-08:00,2025-02-06 19:00:00-08:00
sensor_155385_history.csv,985,2025-01-17 07:00:00-08:00,2025-02-28 23:00:00-08:00
sensor_155793_history.csv,0,,
sensor_15901_history.csv,1416,2025-01-01 00:00:00-08:00,2025-02-28 23:00:00-08:00
sensor_175353_history.csv,1416,2025-01-01 00:00:00-08:00,2025-02-28 23:00:00-08:00
sensor_175415_history.csv,1408,2025-01-01 00:00:00-08:00,2025-02-28 23:00:00-08:00
sensor_175667_history.csv,1024,2025-01-16 15:00:00-08:00,2025-02-28 23:00:00-08:00
sensor_176911_history.csv,1186,2025-01-10 14:00:00-08:00,2025-02-28 23:00:00-08:00
sensor_17793_history.csv,1416,2025-01-01 00:00:00-08:00,2025-02-28 23:00:00-08:00
sensor_188495_history.csv,1416,2025-01-01 00:00:00-08:00,2025-02-28 23:00:00-08:00
sensor_1970_history.csv,873,2025-01-23 15:00:00-08:00,2025-02-28 23:00:00-08:00
sensor_198489_history.csv,1162,2025-01-11 14:00:00-08:00,2025-02-28 23:00:00-08:00
sensor_206827_history.csv,1416,2025-01-01 00:00:00-08:00,2025-02-28 23:00:00-08:00
sensor_20700_history.csv,1273,2025-01-01 00:00:00-08:00,2025-02-28 23:00:00-08:00
sensor_208491_history.csv,1318,2025-01-01 00:00:00-08:00,2025-02-28 23:00:00-08:00
sensor_208493_history.csv,1230,2025-01-01 05:00:00-08:00,2025-02-28 23:00:00-08:00
sensor_210109_history.csv,1416,2025-01-01 00:00:00-08:00,2025-02-28 23:00:00-08:00
sensor_212477_history.csv,1397,2025-01-01 00:00:00-08:00,2025-02-28 23:00:00-08:00
sensor_212913_history.csv,0,,
sensor_216023_history.csv,1073,2025-01-06 17:00:00-08:00,2025-02-28 23:00:00-08:00
sensor_216251_history.csv,1368,2025-01-01 00:00:00-08:00,2025-02-28 23:00:00-08:00
sensor_219899_history.csv,0,,
sensor_223265_history.csv,1416,2025-01-01 00:00:00-08:00,2025-02-28 23:00:00-08:00
sensor_224187_history.csv,1416,2025-01-01 00:00:00-08:00,2025-02-28 23:00:00-08:00
sensor_225561_history.csv,1405,2025-01-01 00:00:00-08:00,2025-02-28 23:00:00-08:00
sensor_22567_history.csv,1416,2025-01-01 00:00:00-08:00,2025-02-28 23:00:00-08:00
sensor_225879_history.csv,1396,2025-01-01 00:00:00-08:00,2025-02-28 23:00:00-08:00
sensor_23635_history.csv,1416,2025-01-01 00:00:00-08:00,2025-02-28 23:00:00-08:00
sensor_239985_history.csv,1395,2025-01-01 00:00:00-08:00,2025-02-28 23:00:00-08:00
sensor_240281_history.csv,1416,2025-01-01 00:00:00-08:00,2025-02-28 23:00:00-08:00
sensor_240923_history.csv,1401,2025-01-01 00:00:00-08:00,2025-02-28 23:00:00-08:00
sensor_243681_history.csv,1416,2025-01-01 00:00:00-08:00,2025-02-28 23:00:00-08:00
sensor_244053_history.csv,1261,2025-01-07 11:00:00-08:00,2025-02-28 23:00:00-08:00
sensor_244817_history.csv,1415,2025-01-01 00:00:00-08:00,2025-02-28 23:00:00-08:00
sensor_245025_history.csv,1416,2025-01-01 00:00:00-08:00,2025-02-28 23:00:00-08:00
sensor_245029_history.csv,1416,2025-01-01 00:00:00-08:00,2025-02-28 23:00:00-08:00
sensor_249261_history.csv,1416,2025-01-01 00:00:00-08:00,2025-02-28 23:00:00-08:00
sensor_251641_history.csv,1015,2025-01-17 12:00:00-08:00,2025-02-28 23:00:00-08:00
sensor_251647_history.csv,1104,2025-01-13 16:00:00-08:00,2025-02-28 23:00:00-08:00
sensor_251757_history.csv,391,2025-01-14 09:00:00-08:00,2025-02-28 15:00:00-08:00
sensor_251927_history.csv,927,2025-01-21 09:00:00-08:00,2025-02-28 23:00:00-08:00
sensor_253391_history.csv,0,,
sensor_253399_history.csv,874,2025-01-20 14:00:00-08:00,2025-02-28 23:00:00-08:00
sensor_253407_history.csv,661,2025-02-01 11:00:00-08:00,2025-02-28 23:00:00-08:00
sensor_253411_history.csv,874,2025-01-23 14:00:00-08:00,2025-02-28 23:00:00-08:00
sensor_255627_history.csv,1138,2025-01-12 14:00:00-08:00,2025-02-28 23:00:00-08:00
sensor_255637_history.csv,923,2025-01-21 13:00:00-08:00,2025-02-28 23:00:00-08:00
sensor_256219_history.csv,0,,
sensor_256271_history.csv,757,2025-01-28 11:00:00-08:00,2025-02-28 23:00:00-08:00
sensor_256421_history.csv,1037,2025-01-16 16:00:00-08:00,2025-02-28 23:00:00-08:00
sensor_256435_history.csv,1092,2025-01-12 11:00:00-08:00,2025-02-28 23:00:00-08:00
sensor_256493_history.csv,472,2025-02-09 08:00:00-08:00,2025-02-28 23:00:00-08:00
sensor_256643_history.csv,972,2025-01-19 12:00:00-08:00,2025-02-28 23:00:00-08:00
sensor_256653_history.csv,699,2025-01-24 15:00:00-08:00,2025-02-25 13:00:00-08:00
sensor_256803_history.csv,945,2025-01-20 15:00:00-08:00,2025-02-28 23:00:00-08:00
sensor_256839_history.csv,993,2025-01-18 15:00:00-08:00,2025-02-28 23:00:00-08:00
sensor_256923_history.csv,730,2025-01-29 14:00:00-08:00,2025-02-28 23:00:00-08:00
sensor_256977_history.csv,657,2025-02-01 15:00:00-08:00,2025-02-28 23:00:00-08:00
sensor_257141_history.csv,946,2025-01-20 11:00:00-08:00,2025-02-28 23:00:00-08:00
sensor_257145_history.csv,516,2025-02-07 12:00:00-08:00,2025-02-28 23:00:00-08:00
sensor_257593_history.csv,873,2025-01-23 15:00:00-08:00,2025-02-28 23:00:00-08:00
sensor_257599_history.csv,895,2025-01-22 17:00:00-08:00,2025-02-28 23:00:00-08:00
sensor_257643_history.csv,581,2025-02-04 08:00:00-08:00,2025-02-28 23:00:00-08:00
sensor_257651_history.csv,942,2025-01-20 18:00:00-08:00,2025-02-28 23:00:00-08:00
sensor_257799_history.csv,1014,2025-01-15 20:00:00-08:00,2025-02-28 23:00:00-08:00
sensor_257857_history.csv,987,2025-01-18 21:00:00-08:00,2025-02-28 23:00:00-08:00
sensor_257879_history.csv,948,2025-01-20 12:00:00-08:00,2025-02-28 23:00:00-08:00
sensor_257941_history.csv,690,2025-01-30 13:00:00-08:00,2025-02-28 23:00:00-08:00
sensor_258239_history.csv,727,2025-01-29 17:00:00-08:00,2025-02-28 23:00:00-08:00
sensor_258263_history.csv,880,2025-01-23 08:00:00-08:00,2025-02-28 23:00:00-08:00
sensor_258282_history.csv,151,2025-02-22 13:00:00-08:00,2025-02-28 23:00:00-08:00
sensor_258287_history.csv,445,2025-02-08 11:00:00-08:00,2025-02-28 23:00:00-08:00
sensor_258513_history.csv,664,2025-02-01 08:00:00-08:00,2025-02-28 23:00:00-08:00
sensor_258541_history.csv,830,2025-01-25 10:00:00-08:00,2025-02-28 23:00:00-08:00
sensor_258565_history.csv,0,,
sensor_259187_history.csv,595,2025-01-31 08:00:00-08:00,2025-02-28 23:00:00-08:00
sensor_259223_history.csv,865,2025-01-23 18:00:00-08:00,2025-02-28 23:00:00-08:00
sensor_259233_history.csv,830,2025-01-22 16:00:00-08:00,2025-02-28 23:00:00-08:00
sensor_259239_history.csv,850,2025-01-24 12:00:00-08:00,2025-02-28 23:00:00-08:00
sensor_259651_history.csv,946,2025-01-20 14:00:00-08:00,2025-02-28 23:00:00-08:00
sensor_259915_history.csv,680,2025-01-31 16:00:00-08:00,2025-02-28 23:00:00-08:00
sensor_260011_history.csv,568,2025-02-05 08:00:00-08:00,2025-02-28 23:00:00-08:00
sensor_260023_history.csv,519,2025-02-05 12:00:00-08:00,2025-02-28 23:00:00-08:00
sensor_260081_history.csv,446,2025-02-10 10:00:00-08:00,2025-02-28 23:00:00-08:00
sensor_260249_history.csv,459,2025-02-09 21:00:00-08:00,2025-02-28 23:00:00-08:00
sensor_260355_history.csv,634,2025-02-02 14:00:00-08:00,2025-02-28 23:00:00-08:00
sensor_260679_history.csv,528,2025-02-07 00:00:00-08:00,2025-02-28 23:00:00-08:00
sensor_260723_history.csv,636,2025-02-02 12:00:00-08:00,2025-02-28 23:00:00-08:00
sensor_260839_history.csv,705,2025-01-30 11:00:00-08:00,2025-02-28 23:00:00-08:00
sensor_260855_history.csv,226,2025-02-19 14:00:00-08:00,2025-02-28 23:00:00-08:00
sensor_260863_history.csv,15,2025-02-28 09:00:00-08:00,2025-02-28 23:00:00-08:00
sensor_261099_history.csv,0,,
sensor_261235_history.csv,611,2025-02-03 13:00:00-08:00,2025-02-28 23:00:00-08:00
sensor_261309_history.csv,442,2025-02-10 13:00:00-08:00,2025-02-28 23:00:00-08:00
sensor_261361_history.csv,0,,
sensor_261363_history.csv,443,2025-02-06 14:00:00-08:00,2025-02-28 23:00:00-08:00
sensor_261643_history.csv,428,2025-02-10 10:00:00-08:00,2025-02-28 23:00:00-08:00
sensor_261651_history.csv,422,2025-02-11 10:00:00-08:00,2025-02-28 23:00:00-08:00
sensor_261751_history.csv,432,2025-02-06 19:00:00-08:00,2025-02-24 18:00:00-08:00
sensor_261755_history.csv,471,2025-02-09 08:00:00-08:00,2025-02-28 23:00:00-08:00
sensor_262261_history.csv,423,2025-02-11 09:00:00-08:00,2025-02-28 23:00:00-08:00
sensor_262343_history.csv,0,,
sensor_262437_history.csv,208,2025-02-20 08:00:00-08:00,2025-02-28 23:00:00-08:00
sensor_262449_history.csv,216,2025-02-19 22:00:00-08:00,2025-02-28 23:00:00-08:00
sensor_263027_history.csv,0,,
sensor_26479_history.csv,1416,2025-01-01 00:00:00-08:00,2025-02-28 23:00:00-08:00
sensor_2649_history.csv,1408,2025-01-01 00:00:00-08:00,2025-02-28 23:00:00-08:00
sensor_265253_history.csv,0,,
sensor_265417_history.csv,0,,
sensor_265735_history.csv,0,,
sensor_266279_history.csv,0,,
sensor_267621_history.csv,0,,
sensor_267631_history.csv,0,,
sensor_267669_history.csv,0,,
sensor_268708_history.csv,0,,
sensor_269902_history.csv,0,,
sensor_270654_history.csv,0,,
sensor_271012_history.csv,0,,
sensor_27109_history.csv,1416,2025-01-01 00:00:00-08:00,2025-02-28 23:00:00-08:00
sensor_271303_history.csv,0,,
sensor_272935_history.csv,0,,
sensor_273367_history.csv,0,,
sensor_274436_history.csv,0,,
sensor_275634_history.csv,0,,
sensor_276088_history.csv,0,,
sensor_279504_history.csv,0,,
sensor_281340_history.csv,0,,
sensor_284000_history.csv,0,,
sensor_284002_history.csv,0,,
sensor_284042_history.csv,0,,
sensor_284134_history.csv,0,,
sensor_28529_history.csv,1416,2025-01-01 00:00:00-08:00,2025-02-28 23:00:00-08:00
sensor_288248_history.csv,0,,
sensor_292635_history.csv,0,,
sensor_292727_history.csv,0,,
sensor_292775_history.csv,0,,
sensor_292925_history.csv,0,,
sensor_293651_history.csv,0,,
sensor_294053_history.csv,0,,
sensor_2946_history.csv,1242,2025-01-02 14:00:00-08:00,2025-02-28 23:00:00-08:00
sensor_296843_history.csv,0,,
sensor_29697_history.csv,1413,2025-01-01 00:00:00-08:00,2025-02-28 23:00:00-08:00
sensor_299439_history.csv,0,,
sensor_300669_history.csv,0,,
sensor_302278_history.csv,0,,
sensor_302888_history.csv,0,,
sensor_304070_history.csv,0,,
sensor_304902_history.csv,0,,
sensor_306510_history.csv,0,,
sensor_310639_history.csv,0,,
sensor_312711_history.csv,0,,
sensor_313261_history.csv,0,,
sensor_313507_history.csv,0,,
sensor_314771_history.csv,0,,
sensor_315083_history.csv,0,,
sensor_315103_history.csv,0,,
sensor_315225_history.csv,0,,
sensor_315573_history.csv,0,,
sensor_315803_history.csv,0,,
sensor_315825_history.csv,0,,
sensor_316549_history.csv,0,,
sensor_32339_history.csv,1416,2025-01-01 00:00:00-08:00,2025-02-28 23:00:00-08:00
sensor_32969_history.csv,1416,2025-01-01 00:00:00-08:00,2025-02-28 23:00:00-08:00
sensor_33181_history.csv,1293,2025-01-01 00:00:00-08:00,2025-02-28 23:00:00-08:00
sensor_34481_history.csv,1411,2025-01-01 00:00:00-08:00,2025-02-28 23:00:00-08:00
sensor_34517_history.csv,1247,2025-01-01 00:00:00-08:00,2025-02-28 23:00:00-08:00
sensor_35027_history.csv,1377,2025-01-01 00:00:00-08:00,2025-02-28 23:00:00-08:00
sensor_36143_history.csv,1022,2025-01-01 00:00:00-08:00,2025-02-19 07:00:00-08:00
sensor_36359_history.csv,1229,2025-01-01 00:00:00-08:00,2025-02-28 23:00:00-08:00
sensor_36717_history.csv,1416,2025-01-01 00:00:00-08:00,2025-02-28 23:00:00-08:00
sensor_37217_history.csv,842,2025-01-01 00:00:00-08:00,2025-02-05 13:00:00-08:00
sensor_37551_history.csv,1416,2025-01-01 00:00:00-08:00,2025-02-28 23:00:00-08:00
sensor_37885_history.csv,1410,2025-01-01 00:00:00-08:00,2025-02-28 23:00:00-08:00
sensor_38399_history.csv,1393,2025-01-01 00:00:00-08:00,2025-02-28 23:00:00-08:00
sensor_38649_history.csv,1415,2025-01-01 00:00:00-08:00,2025-02-28 23:00:00-08:00
sensor_40449_history.csv,1414,2025-01-01 00:00:00-08:00,2025-02-28 23:00:00-08:00
sensor_4054_history.csv,0,,
sensor_4417_history.csv,1416,2025-01-01 00:00:00-08:00,2025-02-28 23:00:00-08:00
sensor_46481_history.csv,155,2025-01-08 14:00:00-08:00,2025-02-17 18:00:00-08:00
sensor_48397_history.csv,1416,2025-01-01 00:00:00-08:00,2025-02-28 23:00:00-08:00
sensor_49327_history.csv,1416,2025-01-01 00:00:00-08:00,2025-02-28 23:00:00-08:00
sensor_51323_history.csv,1408,2025-01-01 00:00:00-08:00,2025-02-28 23:00:00-08:00
sensor_55503_history.csv,1356,2025-01-01 00:00:00-08:00,2025-02-28 23:00:00-08:00
sensor_55537_history.csv,1299,2025-01-01 00:00:00-08:00,2025-02-25 02:00:00-08:00
sensor_56087_history.csv,106,2024-12-04 10:00:00-08:00,2024-12-12 11:00:00-08:00
sensor_56109_history.csv,1313,2025-01-01 00:00:00-08:00,2025-02-28 23:00:00-08:00
sensor_56207_history.csv,1208,2025-01-01 00:00:00-08:00,2025-02-27 17:00:00-08:00
sensor_56239_history.csv,1416,2025-01-01 00:00:00-08:00,2025-02-28 23:00:00-08:00
sensor_57515_history.csv,1415,2025-01-01 00:00:00-08:00,2025-02-28 23:00:00-08:00
sensor_5804_history.csv,1416,2025-01-01 00:00:00-08:00,2025-02-28 23:00:00-08:00
sensor_5810_history.csv,785,2025-01-01 00:00:00-08:00,2025-02-28 23:00:00-08:00
sensor_6170_history.csv,1416,2025-01-01 00:00:00-08:00,2025-02-28 23:00:00-08:00
sensor_6220_history.csv,1155,2025-01-11 21:00:00-08:00,2025-02-28 23:00:00-08:00
sensor_6472_history.csv,1406,2025-01-01 00:00:00-08:00,2025-02-28 23:00:00-08:00
sensor_64765_history.csv,1408,2025-01-01 00:00:00-08:00,2025-02-28 23:00:00-08:00
sensor_67241_history.csv,1416,2025-01-01 00:00:00-08:00,2025-02-28 23:00:00-08:00
sensor_71813_history.csv,1415,2025-01-01 00:00:00-08:00,2025-02-28 23:00:00-08:00
sensor_7290_history.csv,1411,2025-01-01 00:00:00-08:00,2025-02-28 23:00:00-08:00
sensor_73135_history.csv,1401,2025-01-01 00:00:00-08:00,2025-02-28 23:00:00-08:00
sensor_73229_history.csv,1307,2025-01-01 00:00:00-08:00,2025-02-28 23:00:00-08:00
sensor_74069_history.csv,1416,2025-01-01 00:00:00-08:00,2025-02-28 23:00:00-08:00
sensor_75133_history.csv,156,2025-02-22 12:00:00-08:00,2025-02-28 23:00:00-08:00
sensor_76371_history.csv,0,,
sensor_76627_history.csv,0,,
sensor_76759_history.csv,1416,2025-01-01 00:00:00-08:00,2025-02-28 23:00:00-08:00
sensor_77097_history.csv,0,,
sensor_78091_history.csv,1414,2025-01-01 00:00:00-08:00,2025-02-28 23:00:00-08:00
sensor_78373_history.csv,0,,
sensor_78635_history.csv,1372,2025-01-01 00:00:00-08:00,2025-02-28 23:00:00-08:00
sensor_79085_history.csv,1416,2025-01-01 00:00:00-08:00,2025-02-28 23:00:00-08:00
sensor_81219_history.csv,1377,2025-01-01 00:00:00-08:00,2025-02-28 23:00:00-08:00
sensor_81663_history.csv,1414,2025-01-01 00:00:00-08:00,2025-02-28 23:00:00-08:00
sensor_81731_history.csv,1357,2025-01-01 00:00:00-08:00,2025-02-28 23:00:00-08:00
sensor_82071_history.csv,1416,2025-01-01 00:00:00-08:00,2025-02-28 23:00:00-08:00
sensor_82363_history.csv,1416,2025-01-01 00:00:00-08:00,2025-02-28 23:00:00-08:00
sensor_82609_history.csv,1212,2025-01-01 00:00:00-08:00,2025-02-28 23:00:00-08:00
sensor_83089_history.csv,1416,2025-01-01 00:00:00-08:00,2025-02-28 23:00:00-08:00
sensor_83465_history.csv,1401,2025-01-01 00:00:00-08:00,2025-02-28 23:00:00-08:00
sensor_84069_history.csv,1416,2025-01-01 00:00:00-08:00,2025-02-28 23:00:00-08:00
sensor_84101_history.csv,158,2025-01-01 00:00:00-08:00,2025-01-07 13:00:00-08:00
sensor_84323_history.csv,1409,2025-01-01 00:00:00-08:00,2025-02-28 23:00:00-08:00
sensor_84627_history.csv,1183,2025-01-10 17:00:00-08:00,2025-02-28 23:00:00-08:00
sensor_85359_history.csv,1416,2025-01-01 00:00:00-08:00,2025-02-28 23:00:00-08:00
sensor_85645_history.csv,1399,2025-01-01 00:00:00-08:00,2025-02-28 23:00:00-08:00
sensor_85985_history.csv,1416,2025-01-01 00:00:00-08:00,2025-02-28 23:00:00-08:00
sensor_86071_history.csv,1416,2025-01-01 00:00:00-08:00,2025-02-28 23:00:00-08:00
sensor_86075_history.csv,1410,2025-01-01 00:00:00-08:00,2025-02-28 23:00:00-08:00
sensor_86185_history.csv,1280,2025-01-01 00:00:00-08:00,2025-02-28 23:00:00-08:00
sensor_86559_history.csv,1416,2025-01-01 00:00:00-08:00,2025-02-28 23:00:00-08:00
sensor_87129_history.csv,1416,2025-01-01 00:00:00-08:00,2025-02-28 23:00:00-08:00
sensor_87181_history.csv,1413,2025-01-01 00:00:00-08:00,2025-02-28 23:00:00-08:00
sensor_87355_history.csv,1412,2025-01-01 00:00:00-08:00,2025-02-28 23:00:00-08:00
sensor_8862_history.csv,1416,2025-01-01 00:00:00-08:00,2025-02-28 23:00:00-08:00
sensor_88895_history.csv,1416,2025-01-01 00:00:00-08:00,2025-02-28 23:00:00-08:00
sensor_91479_history.csv,0,,
sensor_9168_history.csv,1407,2025-01-01 00:00:00-08:00,2025-02-28 23:00:00-08:00
sensor_9274_history.csv,1416,2025-01-01 00:00:00-08:00,2025-02-28 23:00:00-08:00
sensor_93203_history.csv,1402,2025-01-01 00:00:00-08:00,2025-02-28 23:00:00-08:00
sensor_94397_history.csv,1416,2025-01-01 00:00:00-08:00,2025-02-28 23:00:00-08:00
sensor_96837_history.csv,1416,2025-01-01 00:00:00-08:00,2025-02-28 23:00:00-08:00
sensor_96903_history.csv,1416,2025-01-01 00:00:00-08:00,2025-02-28 23:00:00-08:00
sensor_99345_history.csv,1223,2025-01-01 00:00:00-08:00,2025-02-22 14:00:00-08:00
