time_stamp,avg_pm25,n_sensors
2025-01-01 00:00:00-08:00,140.60521739130436,115
2025-01-01 01:00:00-08:00,141.6295652173913,115
2025-01-01 02:00:00-08:00,135.4982608695652,115
2025-01-01 03:00:00-08:00,131.53739130434784,115
2025-01-01 04:00:00-08:00,126.37826086956522,115
2025-01-01 05:00:00-08:00,121.86637931034483,116
2025-01-01 06:00:00-08:00,116.2051724137931,116
2025-01-01 07:00:00-08:00,117.94608695652174,115
2025-01-01 08:00:00-08:00,117.6198275862069,116
2025-01-01 09:00:00-08:00,113.31739130434782,115
2025-01-01 10:00:00-08:00,106.7304347826087,115
2025-01-01 11:00:00-08:00,102.76608695652175,115
2025-01-01 12:00:00-08:00,92.56782608695652,115
2025-01-01 13:00:00-08:00,83.37217391304348,115
2025-01-01 14:00:00-08:00,81.77826086956522,115
2025-01-01 15:00:00-08:00,81.84260869565217,115
2025-01-01 16:00:00-08:00,84.28086956521739,115
2025-01-01 17:00:00-08:00,88.77739130434782,115
2025-01-01 18:00:00-08:00,94.70086956521739,115
2025-01-01 19:00:00-08:00,100.65043478260868,115
2025-01-01 20:00:00-08:00,104.40173913043478,115
2025-01-01 21:00:00-08:00,103.70260869565219,115
2025-01-01 22:00:00-08:00,103.26086956521739,115
2025-01-01 23:00:00-08:00,102.71217391304347,115
2025-01-02 00:00:00-08:00,102.16782608695651,115
2025-01-02 01:00:00-08:00,99.42260869565217,115
2025-01-02 02:00:00-08:00,97.97304347826086,115
2025-01-02 03:00:00-08:00,96.15652173913044,115
2025-01-02 04:00:00-08:00,95.22586206896551,116
2025-01-02 05:00:00-08:00,94.79310344827586,116
2025-01-02 06:00:00-08:00,95.29478260869566,115
2025-01-02 07:00:00-08:00,95.09652173913042,115
2025-01-02 08:00:00-08:00,91.52782608695651,115
2025-01-02 09:00:00-08:00,86.05130434782609,115
2025-01-02 10:00:00-08:00,86.1713043478261,115
2025-01-02 11:00:00-08:00,87.0,115
2025-01-02 12:00:00-08:00,87.59478260869565,115
2025-01-02 13:00:00-08:00,89.29826086956521,115
2025-01-02 14:00:00-08:00,90.85086206896553,116
2025-01-02 15:00:00-08:00,92.47217391304349,115
2025-01-02 16:00:00-08:00,95.3396551724138,116
2025-01-02 17:00:00-08:00,92.49827586206898,116
2025-01-02 18:00:00-08:00,96.24224137931034,116
2025-01-02 19:00:00-08:00,96.76896551724138,116
2025-01-02 20:00:00-08:00,100.46521739130435,115
2025-01-02 21:00:00-08:00,104.39396551724137,116
2025-01-02 22:00:00-08:00,106.14396551724138,116
2025-01-02 23:00:00-08:00,110.47217391304348,115
2025-01-03 00:00:00-08:00,112.4286956521739,115
2025-01-03 01:00:00-08:00,111.57672413793104,116
2025-01-03 02:00:00-08:00,109.86869565217391,115
2025-01-03 03:00:00-08:00,106.92608695652174,115
2025-01-03 04:00:00-08:00,106.92086956521739,115
2025-01-03 05:00:00-08:00,105.42086956521739,115
2025-01-03 06:00:00-08:00,104.13304347826086,115
2025-01-03 07:00:00-08:00,103.13652173913044,115
2025-01-03 08:00:00-08:00,103.99739130434781,115
2025-01-03 09:00:00-08:00,106.55130434782609,115
2025-01-03 10:00:00-08:00,112.67739130434782,115
2025-01-03 11:00:00-08:00,114.20608695652173,115
2025-01-03 12:00:00-08:00,112.02260869565218,115
2025-01-03 13:00:00-08:00,102.03478260869565,115
2025-01-03 14:00:00-08:00,102.04867256637168,113
2025-01-03 15:00:00-08:00,104.17543859649123,114
2025-01-03 16:00:00-08:00,107.83771929824562,114
2025-01-03 17:00:00-08:00,101.16902654867258,113
2025-01-03 18:00:00-08:00,102.12212389380531,113
2025-01-03 19:00:00-08:00,102.79115044247787,113
2025-01-03 20:00:00-08:00,104.31238938053097,113
2025-01-03 21:00:00-08:00,106.2,113
2025-01-03 22:00:00-08:00,107.01769911504425,113
2025-01-03 23:00:00-08:00,109.73274336283187,113
2025-01-04 00:00:00-08:00,117.17964601769911,113
2025-01-04 01:00:00-08:00,122.98053097345132,113
2025-01-04 02:00:00-08:00,123.35652173913043,115
2025-01-04 03:00:00-08:00,124.58434782608697,115
2025-01-04 04:00:00-08:00,123.3913043478261,115
2025-01-04 05:00:00-08:00,125.46,115
2025-01-04 06:00:00-08:00,126.33304347826086,115
2025-01-04 07:00:00-08:00,120.62173913043478,115
2025-01-04 08:00:00-08:00,113.69565217391305,115
2025-01-04 09:00:00-08:00,110.80782608695652,115
2025-01-04 10:00:00-08:00,110.67391304347827,115
2025-01-04 11:00:00-08:00,106.19826086956522,115
2025-01-04 12:00:00-08:00,101.99478260869564,115
2025-01-04 13:00:00-08:00,98.94601769911505,113
2025-01-04 14:00:00-08:00,96.35398230088495,113
2025-01-04 15:00:00-08:00,92.45175438596492,114
2025-01-04 16:00:00-08:00,88.42869565217393,115
2025-01-04 17:00:00-08:00,88.85701754385966,114
2025-01-04 18:00:00-08:00,91.89298245614034,114
2025-01-04 19:00:00-08:00,97.89298245614034,114
2025-01-04 20:00:00-08:00,100.94608695652174,115
2025-01-04 21:00:00-08:00,103.78782608695653,115
2025-01-04 22:00:00-08:00,103.83739130434783,115
2025-01-04 23:00:00-08:00,103.05565217391305,115
2025-01-05 00:00:00-08:00,101.11304347826086,115
2025-01-05 01:00:00-08:00,100.77155172413794,116
2025-01-05 02:00:00-08:00,100.02434782608695,115
2025-01-05 03:00:00-08:00,99.15304347826087,115
2025-01-05 04:00:00-08:00,95.68782608695652,115
2025-01-05 05:00:00-08:00,93.6456896551724,116
2025-01-05 06:00:00-08:00,92.16521739130435,115
2025-01-05 07:00:00-08:00,90.03565217391304,115
2025-01-05 08:00:00-08:00,81.54,115
2025-01-05 09:00:00-08:00,71.4,115
2025-01-05 10:00:00-08:00,68.19130434782609,115
2025-01-05 11:00:00-08:00,67.90086206896552,116
2025-01-05 12:00:00-08:00,68.13879310344828,116
2025-01-05 13:00:00-08:00,68.77931034482758,116
2025-01-05 14:00:00-08:00,69.36293103448276,116
2025-01-05 15:00:00-08:00,70.43620689655172,116
2025-01-05 16:00:00-08:00,72.55431034482758,116
2025-01-05 17:00:00-08:00,77.33793103448276,116
2025-01-05 18:00:00-08:00,80.63362068965517,116
2025-01-05 19:00:00-08:00,84.13534482758621,116
2025-01-05 20:00:00-08:00,87.36608695652174,115
2025-01-05 21:00:00-08:00,87.13879310344828,116
2025-01-05 22:00:00-08:00,88.27130434782607,115
2025-01-05 23:00:00-08:00,87.63478260869566,115
2025-01-06 00:00:00-08:00,87.47543859649122,114
2025-01-06 01:00:00-08:00,86.48157894736842,114
2025-01-06 02:00:00-08:00,85.04695652173913,115
2025-01-06 03:00:00-08:00,85.71140350877194,114
2025-01-06 04:00:00-08:00,85.35350877192982,114
2025-01-06 05:00:00-08:00,85.6061403508772,114
2025-01-06 06:00:00-08:00,85.12105263157895,114
2025-01-06 07:00:00-08:00,84.65526315789474,114
2025-01-06 08:00:00-08:00,81.40877192982457,114
2025-01-06 09:00:00-08:00,75.13391304347826,115
2025-01-06 10:00:00-08:00,74.06086956521739,115
2025-01-06 11:00:00-08:00,73.48017241379311,116
2025-01-06 12:00:00-08:00,71.66896551724139,116
2025-01-06 13:00:00-08:00,69.53275862068966,116
2025-01-06 14:00:00-08:00,70.37241379310345,116
2025-01-06 15:00:00-08:00,71.15517241379311,116
2025-01-06 16:00:00-08:00,71.87758620689655,116
2025-01-06 17:00:00-08:00,73.84017094017094,117
2025-01-06 18:00:00-08:00,77.22735042735043,117
2025-01-06 19:00:00-08:00,78.91965811965812,117
2025-01-06 20:00:00-08:00,79.3931623931624,117
2025-01-06 21:00:00-08:00,80.03333333333333,117
2025-01-06 22:00:00-08:00,81.68376068376068,117
2025-01-06 23:00:00-08:00,83.46495726495726,117
2025-01-07 00:00:00-08:00,85.05775862068967,116
2025-01-07 01:00:00-08:00,85.38275862068966,116
2025-01-07 02:00:00-08:00,85.4948275862069,116
2025-01-07 03:00:00-08:00,86.12844827586207,116
2025-01-07 04:00:00-08:00,84.73706896551724,116
2025-01-07 05:00:00-08:00,81.2948275862069,116
2025-01-07 06:00:00-08:00,79.92327586206896,116
2025-01-07 07:00:00-08:00,79.98189655172413,116
2025-01-07 08:00:00-08:00,78.0313043478261,115
2025-01-07 09:00:00-08:00,70.86,115
2025-01-07 10:00:00-08:00,75.4704347826087,115
2025-01-07 11:00:00-08:00,87.74655172413793,116
2025-01-07 12:00:00-08:00,86.28717948717949,117
2025-01-07 13:00:00-08:00,87.74827586206897,116
2025-01-07 14:00:00-08:00,90.14173913043477,115
2025-01-07 15:00:00-08:00,91.05565217391305,115
2025-01-07 16:00:00-08:00,92.59035087719299,114
2025-01-07 17:00:00-08:00,92.91217391304347,115
2025-01-07 18:00:00-08:00,96.86521739130434,115
2025-01-07 19:00:00-08:00,96.2141592920354,113
2025-01-07 20:00:00-08:00,99.92090909090908,110
2025-01-07 21:00:00-08:00,110.44466019417474,103
2025-01-07 22:00:00-08:00,103.531,100
2025-01-07 23:00:00-08:00,95.94329896907216,97
2025-01-08 00:00:00-08:00,99.14285714285714,98
2025-01-08 01:00:00-08:00,115.07070707070707,99
2025-01-08 02:00:00-08:00,140.816,100
2025-01-08 03:00:00-08:00,143.292,100
2025-01-08 04:00:00-08:00,137.33939393939394,99
2025-01-08 05:00:00-08:00,151.6795918367347,98
2025-01-08 06:00:00-08:00,143.75510204081633,98
2025-01-08 07:00:00-08:00,133.61340206185568,97
2025-01-08 08:00:00-08:00,104.69166666666666,96
2025-01-08 09:00:00-08:00,105.58333333333333,96
2025-01-08 10:00:00-08:00,105.13684210526316,95
2025-01-08 11:00:00-08:00,101.24526315789473,95
2025-01-08 12:00:00-08:00,93.23168316831683,101
2025-01-08 13:00:00-08:00,90.1029411764706,102
2025-01-08 14:00:00-08:00,98.19019607843137,102
2025-01-08 15:00:00-08:00,96.31980198019801,101
2025-01-08 16:00:00-08:00,88.229,100
2025-01-08 17:00:00-08:00,89.63333333333333,102
2025-01-08 18:00:00-08:00,98.68932038834951,103
2025-01-08 19:00:00-08:00,94.28461538461539,104
2025-01-08 20:00:00-08:00,92.28285714285715,105
2025-01-08 21:00:00-08:00,96.48557692307692,104
2025-01-08 22:00:00-08:00,104.87692307692308,104
2025-01-08 23:00:00-08:00,109.3125,104
2025-01-09 00:00:00-08:00,114.36095238095238,105
2025-01-09 01:00:00-08:00,133.65142857142857,105
2025-01-09 02:00:00-08:00,130.70285714285714,105
2025-01-09 03:00:00-08:00,125.69238095238096,105
2025-01-09 04:00:00-08:00,135.1537037037037,108
2025-01-09 05:00:00-08:00,154.42477064220182,109
2025-01-09 06:00:00-08:00,157.15871559633027,109
2025-01-09 07:00:00-08:00,162.3935779816514,109
2025-01-09 08:00:00-08:00,172.22685185185185,108
2025-01-09 09:00:00-08:00,187.3564814814815,108
2025-01-09 10:00:00-08:00,196.19537037037037,108
2025-01-09 11:00:00-08:00,172.17314814814816,108
2025-01-09 12:00:00-08:00,144.27777777777777,108
2025-01-09 13:00:00-08:00,141.44678899082567,109
2025-01-09 14:00:00-08:00,141.97064220183486,109
2025-01-09 15:00:00-08:00,153.28425925925927,108
2025-01-09 16:00:00-08:00,150.86363636363637,110
2025-01-09 17:00:00-08:00,150.03873873873874,111
2025-01-09 18:00:00-08:00,139.91454545454545,110
2025-01-09 19:00:00-08:00,132.74727272727273,110
2025-01-09 20:00:00-08:00,130.8709090909091,110
2025-01-09 21:00:00-08:00,130.65982142857143,112
2025-01-09 22:00:00-08:00,131.03893805309735,113
2025-01-09 23:00:00-08:00,129.87232142857144,112
2025-01-10 00:00:00-08:00,126.5557522123894,113
2025-01-10 01:00:00-08:00,128.55263157894737,114
2025-01-10 02:00:00-08:00,130.68157894736842,114
2025-01-10 03:00:00-08:00,134.97192982456139,114
2025-01-10 04:00:00-08:00,131.51724137931035,116
2025-01-10 05:00:00-08:00,127.2704347826087,115
2025-01-10 06:00:00-08:00,120.70347826086956,115
2025-01-10 07:00:00-08:00,114.53333333333333,114
2025-01-10 08:00:00-08:00,101.86724137931034,116
2025-01-10 09:00:00-08:00,95.47999999999999,115
2025-01-10 10:00:00-08:00,86.26173913043479,115
2025-01-10 11:00:00-08:00,85.8913043478261,115
2025-01-10 12:00:00-08:00,100.64358974358974,117
2025-01-10 13:00:00-08:00,115.75603448275862,116
2025-01-10 14:00:00-08:00,102.91779661016949,118
2025-01-10 15:00:00-08:00,90.67372881355932,118
2025-01-10 16:00:00-08:00,86.52564102564102,117
2025-01-10 17:00:00-08:00,78.65249999999999,120
2025-01-10 18:00:00-08:00,80.94117647058823,119
2025-01-10 19:00:00-08:00,83.67083333333333,120
2025-01-10 20:00:00-08:00,89.37983193277311,119
2025-01-10 21:00:00-08:00,91.37033898305084,118
2025-01-10 22:00:00-08:00,88.1042372881356,118
2025-01-10 23:00:00-08:00,90.33706896551725,116
2025-01-11 00:00:00-08:00,94.75739130434783,115
2025-01-11 01:00:00-08:00,99.97565217391303,115
2025-01-11 02:00:00-08:00,105.58173913043478,115
2025-01-11 03:00:00-08:00,113.78434782608696,115
2025-01-11 04:00:00-08:00,116.58260869565217,115
2025-01-11 05:00:00-08:00,117.65438596491228,114
2025-01-11 06:00:00-08:00,118.40173913043478,115
2025-01-11 07:00:00-08:00,118.32654867256637,113
2025-01-11 08:00:00-08:00,110.9438596491228,114
2025-01-11 09:00:00-08:00,102.42543859649123,114
2025-01-11 10:00:00-08:00,93.07567567567567,111
2025-01-11 11:00:00-08:00,88.48482142857142,112
2025-01-11 12:00:00-08:00,88.38318584070798,113
2025-01-11 13:00:00-08:00,84.62920353982301,113
2025-01-11 14:00:00-08:00,79.33421052631579,114
2025-01-11 15:00:00-08:00,81.73826086956521,115
2025-01-11 16:00:00-08:00,81.34695652173913,115
2025-01-11 17:00:00-08:00,79.84310344827587,116
2025-01-11 18:00:00-08:00,82.02672413793104,116
2025-01-11 19:00:00-08:00,83.03620689655173,116
2025-01-11 20:00:00-08:00,84.11120689655172,116
2025-01-11 21:00:00-08:00,82.71880341880342,117
2025-01-11 22:00:00-08:00,85.27179487179488,117
2025-01-11 23:00:00-08:00,82.83846153846154,117
2025-01-12 00:00:00-08:00,79.08461538461538,117
2025-01-12 01:00:00-08:00,73.05299145299146,117
2025-01-12 02:00:00-08:00,80.8059829059829,117
2025-01-12 03:00:00-08:00,82.57521367521367,117
2025-01-12 04:00:00-08:00,76.45299145299145,117
2025-01-12 05:00:00-08:00,74.22136752136751,117
2025-01-12 06:00:00-08:00,72.22478632478634,117
2025-01-12 07:00:00-08:00,71.3068376068376,117
2025-01-12 08:00:00-08:00,70.14700854700855,117
2025-01-12 09:00:00-08:00,67.4396551724138,116
2025-01-12 10:00:00-08:00,62.797435897435896,117
2025-01-12 11:00:00-08:00,71.86525423728814,118
2025-01-12 12:00:00-08:00,73.18983050847457,118
2025-01-12 13:00:00-08:00,74.53813559322033,118
2025-01-12 14:00:00-08:00,74.40252100840335,119
2025-01-12 15:00:00-08:00,71.57058823529411,119
2025-01-12 16:00:00-08:00,67.5126050420168,119
2025-01-12 17:00:00-08:00,70.32666666666667,120
2025-01-12 18:00:00-08:00,73.79749999999999,120
2025-01-12 19:00:00-08:00,78.475,120
2025-01-12 20:00:00-08:00,80.98333333333333,120
2025-01-12 21:00:00-08:00,81.34666666666666,120
2025-01-12 22:00:00-08:00,80.77,120
2025-01-12 23:00:00-08:00,81.45666666666666,120
2025-01-13 00:00:00-08:00,82.71916666666667,120
2025-01-13 01:00:00-08:00,82.79583333333333,120
2025-01-13 02:00:00-08:00,81.91083333333333,120
2025-01-13 03:00:00-08:00,80.9125,120
2025-01-13 04:00:00-08:00,80.86666666666666,120
2025-01-13 05:00:00-08:00,81.94583333333334,120
2025-01-13 06:00:00-08:00,80.47899159663865,119
2025-01-13 07:00:00-08:00,83.67796610169492,118
2025-01-13 08:00:00-08:00,77.64661016949154,118
2025-01-13 09:00:00-08:00,69.53050847457628,118
2025-01-13 10:00:00-08:00,65.32627118644068,118
2025-01-13 11:00:00-08:00,64.39999999999999,118
2025-01-13 12:00:00-08:00,64.79491525423728,118
2025-01-13 13:00:00-08:00,65.87966101694916,118
2025-01-13 14:00:00-08:00,66.72966101694915,118
2025-01-13 15:00:00-08:00,65.86050420168067,119
2025-01-13 16:00:00-08:00,66.7793388429752,121
2025-01-13 17:00:00-08:00,70.69421487603306,121
2025-01-13 18:00:00-08:00,73.53666666666666,120
2025-01-13 19:00:00-08:00,75.13833333333334,120
2025-01-13 20:00:00-08:00,74.82416666666667,120
2025-01-13 21:00:00-08:00,74.54214876033058,121
2025-01-13 22:00:00-08:00,75.83223140495869,121
2025-01-13 23:00:00-08:00,76.54380165289255,121
2025-01-14 00:00:00-08:00,78.59917355371901,121
2025-01-14 01:00:00-08:00,79.6206611570248,121
2025-01-14 02:00:00-08:00,80.5107438016529,121
2025-01-14 03:00:00-08:00,80.93305785123967,121
2025-01-14 04:00:00-08:00,82.44214876033058,121
2025-01-14 05:00:00-08:00,82.5793388429752,121
2025-01-14 06:00:00-08:00,83.4702479338843,121
2025-01-14 07:00:00-08:00,84.72416666666666,120
2025-01-14 08:00:00-08:00,78.46666666666667,120
2025-01-14 09:00:00-08:00,70.55950413223141,121
2025-01-14 10:00:00-08:00,64.45819672131147,122
2025-01-14 11:00:00-08:00,63.057377049180324,122
2025-01-14 12:00:00-08:00,62.56393442622951,122
2025-01-14 13:00:00-08:00,62.77540983606558,122
2025-01-14 14:00:00-08:00,63.61229508196721,122
2025-01-14 15:00:00-08:00,64.55081967213114,122
2025-01-14 16:00:00-08:00,66.35819672131149,122
2025-01-14 17:00:00-08:00,69.38196721311476,122
2025-01-14 18:00:00-08:00,72.9655737704918,122
2025-01-14 19:00:00-08:00,76.61475409836065,122
2025-01-14 20:00:00-08:00,78.31065573770492,122
2025-01-14 21:00:00-08:00,79.33032786885245,122
2025-01-14 22:00:00-08:00,79.46280991735537,121
2025-01-14 23:00:00-08:00,79.7702479338843,121
2025-01-15 00:00:00-08:00,79.84214876033057,121
2025-01-15 01:00:00-08:00,80.44876033057852,121
2025-01-15 02:00:00-08:00,80.17603305785123,121
2025-01-15 03:00:00-08:00,80.67933884297521,121
2025-01-15 04:00:00-08:00,81.01008403361345,119
2025-01-15 05:00:00-08:00,81.01583333333333,120
2025-01-15 06:00:00-08:00,83.63833333333334,120
2025-01-15 07:00:00-08:00,82.81596638655462,119
2025-01-15 08:00:00-08:00,75.78067226890757,119
2025-01-15 09:00:00-08:00,70.56666666666666,120
2025-01-15 10:00:00-08:00,68.905,120
2025-01-15 11:00:00-08:00,67.16916666666667,120
2025-01-15 12:00:00-08:00,65.19338842975206,121
2025-01-15 13:00:00-08:00,63.691735537190084,121
2025-01-15 14:00:00-08:00,63.54462809917355,121
2025-01-15 15:00:00-08:00,64.09504132231405,121
2025-01-15 16:00:00-08:00,65.3793388429752,121
2025-01-15 17:00:00-08:00,68.5,120
2025-01-15 18:00:00-08:00,71.53166666666668,120
2025-01-15 19:00:00-08:00,74.68333333333334,120
2025-01-15 20:00:00-08:00,77.0900826446281,121
2025-01-15 21:00:00-08:00,79.03140495867768,121
2025-01-15 22:00:00-08:00,79.26776859504132,121
2025-01-15 23:00:00-08:00,80.45867768595042,121
2025-01-16 00:00:00-08:00,79.19421487603306,121
2025-01-16 01:00:00-08:00,79.68429752066115,121
2025-01-16 02:00:00-08:00,80.75371900826445,121
2025-01-16 03:00:00-08:00,81.02231404958678,121
2025-01-16 04:00:00-08:00,80.4396694214876,121
2025-01-16 05:00:00-08:00,82.91885245901639,122
2025-01-16 06:00:00-08:00,80.60000000000001,122
2025-01-16 07:00:00-08:00,80.4685950413223,121
2025-01-16 08:00:00-08:00,75.39586776859504,121
2025-01-16 09:00:00-08:00,68.50661157024793,121
2025-01-16 10:00:00-08:00,65.52083333333333,120
2025-01-16 11:00:00-08:00,64.65619834710743,121
2025-01-16 12:00:00-08:00,64.67213114754098,122
2025-01-16 13:00:00-08:00,66.17131147540984,122
2025-01-16 14:00:00-08:00,67.32377049180327,122
2025-01-16 15:00:00-08:00,67.82459016393443,122
2025-01-16 16:00:00-08:00,68.43951612903226,124
2025-01-16 17:00:00-08:00,70.72,125
2025-01-16 18:00:00-08:00,74.8432,125
2025-01-16 19:00:00-08:00,77.56639999999999,125
2025-01-16 20:00:00-08:00,93.26532258064516,124
2025-01-16 21:00:00-08:00,106.12016129032257,124
2025-01-16 22:00:00-08:00,106.12822580645161,124
2025-01-16 23:00:00-08:00,108.625,124
2025-01-17 00:00:00-08:00,111.15403225806452,124
2025-01-17 01:00:00-08:00,91.51129032258065,124
2025-01-17 02:00:00-08:00,106.15725806451613,124
2025-01-17 03:00:00-08:00,119.86612903225806,124
2025-01-17 04:00:00-08:00,119.86693548387096,124
2025-01-17 05:00:00-08:00,119.9144,125
2025-01-17 06:00:00-08:00,97.0656,125
2025-01-17 07:00:00-08:00,101.49291338582675,127
2025-01-17 08:00:00-08:00,90.91259842519685,127
2025-01-17 09:00:00-08:00,85.48976377952756,127
2025-01-17 10:00:00-08:00,77.98188976377953,127
2025-01-17 11:00:00-08:00,75.99448818897639,127
2025-01-17 12:00:00-08:00,73.5171875,128
2025-01-17 13:00:00-08:00,72.6609375,128
2025-01-17 14:00:00-08:00,74.21171875,128
2025-01-17 15:00:00-08:00,74.51875,128
2025-01-17 16:00:00-08:00,73.734375,128
2025-01-17 17:00:00-08:00,73.22031249999999,128
2025-01-17 18:00:00-08:00,93.98359375,128
2025-01-17 19:00:00-08:00,101.046875,128
2025-01-17 20:00:00-08:00,103.4703125,128
2025-01-17 21:00:00-08:00,110.2125,128
2025-01-17 22:00:00-08:00,112.11796875,128
2025-01-17 23:00:00-08:00,115.12578124999999,128
2025-01-18 00:00:00-08:00,118.2765625,128
2025-01-18 01:00:00-08:00,121.54375,128
2025-01-18 02:00:00-08:00,120.9217054263566,129
2025-01-18 03:00:00-08:00,122.59302325581395,129
2025-01-18 04:00:00-08:00,123.10077519379846,129
2025-01-18 05:00:00-08:00,125.28139534883721,129
2025-01-18 06:00:00-08:00,125.68682170542635,129
2025-01-18 07:00:00-08:00,127.0937984496124,129
2025-01-18 08:00:00-08:00,109.82713178294574,129
2025-01-18 09:00:00-08:00,94.29302325581396,129
2025-01-18 10:00:00-08:00,87.7765625,128
2025-01-18 11:00:00-08:00,89.27656250000001,128
2025-01-18 12:00:00-08:00,88.16614173228346,127
2025-01-18 13:00:00-08:00,85.98110236220472,127
2025-01-18 14:00:00-08:00,85.1765625,128
2025-01-18 15:00:00-08:00,82.48294573643412,129
2025-01-18 16:00:00-08:00,83.15581395348838,129
2025-01-18 17:00:00-08:00,85.24728682170543,129
2025-01-18 18:00:00-08:00,89.26953125,128
2025-01-18 19:00:00-08:00,96.73125,128
2025-01-18 20:00:00-08:00,108.38125,128
2025-01-18 21:00:00-08:00,123.96999999999998,130
2025-01-18 22:00:00-08:00,128.21692307692308,130
2025-01-18 23:00:00-08:00,129.26307692307694,130
2025-01-19 00:00:00-08:00,130.55692307692308,130
2025-01-19 01:00:00-08:00,131.85923076923078,130
2025-01-19 02:00:00-08:00,133.43384615384616,130
2025-01-19 03:00:00-08:00,136.25581395348837,129
2025-01-19 04:00:00-08:00,137.37441860465117,129
2025-01-19 05:00:00-08:00,138.7736434108527,129
2025-01-19 06:00:00-08:00,136.9323076923077,130
2025-01-19 07:00:00-08:00,138.55307692307693,130
2025-01-19 08:00:00-08:00,141.2876923076923,130
2025-01-19 09:00:00-08:00,141.66434108527133,129
2025-01-19 10:00:00-08:00,130.80307692307693,130
2025-01-19 11:00:00-08:00,101.90310077519379,129
2025-01-19 12:00:00-08:00,93.6587786259542,131
2025-01-19 13:00:00-08:00,88.36870229007633,131
2025-01-19 14:00:00-08:00,87.24076923076923,130
2025-01-19 15:00:00-08:00,88.20230769230768,130
2025-01-19 16:00:00-08:00,90.70307692307692,130
2025-01-19 17:00:00-08:00,112.17307692307692,130
2025-01-19 18:00:00-08:00,112.95572519083969,131
2025-01-19 19:00:00-08:00,115.35267175572518,131
2025-01-19 20:00:00-08:00,118.72748091603053,131
2025-01-19 21:00:00-08:00,119.3206106870229,131
2025-01-19 22:00:00-08:00,119.20076335877863,131
2025-01-19 23:00:00-08:00,121.74656488549618,131
2025-01-20 00:00:00-08:00,123.4648854961832,131
2025-01-20 01:00:00-08:00,127.85419847328245,131
2025-01-20 02:00:00-08:00,131.48702290076335,131
2025-01-20 03:00:00-08:00,132.03969465648856,131
2025-01-20 04:00:00-08:00,130.12519083969468,131
2025-01-20 05:00:00-08:00,132.19621212121214,132
2025-01-20 06:00:00-08:00,134.875,132
2025-01-20 07:00:00-08:00,137.68560606060606,132
2025-01-20 08:00:00-08:00,133.2848484848485,132
2025-01-20 09:00:00-08:00,99.91590909090908,132
2025-01-20 10:00:00-08:00,88.53834586466165,133
2025-01-20 11:00:00-08:00,79.95639097744362,133
2025-01-20 12:00:00-08:00,69.89253731343284,134
2025-01-20 13:00:00-08:00,65.19776119402985,134
2025-01-20 14:00:00-08:00,61.21029411764706,136
2025-01-20 15:00:00-08:00,59.53382352941177,136
2025-01-20 16:00:00-08:00,59.697794117647064,136
2025-01-20 17:00:00-08:00,60.20441176470588,136
2025-01-20 18:00:00-08:00,62.160294117647055,136
2025-01-20 19:00:00-08:00,64.22426470588235,136
2025-01-20 20:00:00-08:00,66.76544117647059,136
2025-01-20 21:00:00-08:00,68.32867647058823,136
2025-01-20 22:00:00-08:00,69.45294117647059,136
2025-01-20 23:00:00-08:00,71.57794117647059,136
2025-01-21 00:00:00-08:00,71.32205882352942,136
2025-01-21 01:00:00-08:00,70.33676470588235,136
2025-01-21 02:00:00-08:00,72.13088235294119,136
2025-01-21 03:00:00-08:00,85.3610294117647,136
2025-01-21 04:00:00-08:00,90.56323529411765,136
2025-01-21 05:00:00-08:00,93.15182481751826,137
2025-01-21 06:00:00-08:00,106.11970802919707,137
2025-01-21 07:00:00-08:00,92.88686131386861,137
2025-01-21 08:00:00-08:00,80.06376811594203,138
2025-01-21 09:00:00-08:00,57.41870503597122,139
2025-01-21 10:00:00-08:00,55.1179856115108,139
2025-01-21 11:00:00-08:00,54.95035971223022,139
2025-01-21 12:00:00-08:00,54.537410071942446,139
2025-01-21 13:00:00-08:00,54.70863309352518,139
2025-01-21 14:00:00-08:00,55.743884892086335,139
2025-01-21 15:00:00-08:00,55.88057553956835,139
2025-01-21 16:00:00-08:00,56.02877697841726,139
2025-01-21 17:00:00-08:00,58.32302158273381,139
2025-01-21 18:00:00-08:00,61.56086956521739,138
2025-01-21 19:00:00-08:00,64.2123188405797,138
2025-01-21 20:00:00-08:00,63.10791366906475,139
2025-01-21 21:00:00-08:00,62.62785714285714,140
2025-01-21 22:00:00-08:00,62.62805755395683,139
2025-01-21 23:00:00-08:00,62.22014388489209,139
2025-01-22 00:00:00-08:00,62.36690647482014,139
2025-01-22 01:00:00-08:00,62.484892086330944,139
2025-01-22 02:00:00-08:00,62.78633093525179,139
2025-01-22 03:00:00-08:00,63.13381294964029,139
2025-01-22 04:00:00-08:00,63.13812949640287,139
2025-01-22 05:00:00-08:00,62.6241134751773,141
2025-01-22 06:00:00-08:00,63.785,140
2025-01-22 07:00:00-08:00,64.27428571428571,140
2025-01-22 08:00:00-08:00,60.92928571428572,140
2025-01-22 09:00:00-08:00,57.19785714285714,140
2025-01-22 10:00:00-08:00,55.51499999999999,140
2025-01-22 11:00:00-08:00,55.05642857142857,140
2025-01-22 12:00:00-08:00,54.675,140
2025-01-22 13:00:00-08:00,54.70928571428571,140
2025-01-22 14:00:00-08:00,55.555395683453234,139
2025-01-22 15:00:00-08:00,56.34388489208633,139
2025-01-22 16:00:00-08:00,57.291428571428575,140
2025-01-22 17:00:00-08:00,61.004316546762595,139
2025-01-22 18:00:00-08:00,62.14100719424461,139
2025-01-22 19:00:00-08:00,66.10791366906474,139
2025-01-22 20:00:00-08:00,65.84676258992806,139
2025-01-22 21:00:00-08:00,67.0841726618705,139
2025-01-22 22:00:00-08:00,68.2294964028777,139
2025-01-22 23:00:00-08:00,69.93237410071943,139
2025-01-23 00:00:00-08:00,71.15611510791368,139
2025-01-23 01:00:00-08:00,69.43381294964028,139
2025-01-23 02:00:00-08:00,68.90503597122303,139
2025-01-23 03:00:00-08:00,68.77697841726619,139
2025-01-23 04:00:00-08:00,66.5136690647482,139
2025-01-23 05:00:00-08:00,68.51438848920863,139
2025-01-23 06:00:00-08:00,78.65142857142858,140
2025-01-23 07:00:00-08:00,85.14785714285715,140
2025-01-23 08:00:00-08:00,68.44084507042254,142
2025-01-23 09:00:00-08:00,57.22112676056338,142
2025-01-23 10:00:00-08:00,55.2965034965035,143
2025-01-23 11:00:00-08:00,54.23356643356643,143
2025-01-23 12:00:00-08:00,52.90416666666667,144
2025-01-23 13:00:00-08:00,52.75138888888889,144
2025-01-23 14:00:00-08:00,52.284827586206895,145
2025-01-23 15:00:00-08:00,73.35850340136055,147
2025-01-23 16:00:00-08:00,72.85442176870748,147
2025-01-23 17:00:00-08:00,75.01643835616439,146
2025-01-23 18:00:00-08:00,76.10204081632654,147
2025-01-23 19:00:00-08:00,73.11428571428571,147
2025-01-23 20:00:00-08:00,74.19251700680272,147
2025-01-23 21:00:00-08:00,75.65578231292517,147
2025-01-23 22:00:00-08:00,75.3687074829932,147
2025-01-23 23:00:00-08:00,78.5952380952381,147
2025-01-24 00:00:00-08:00,83.9156462585034,147
2025-01-24 01:00:00-08:00,83.42925170068027,147
2025-01-24 02:00:00-08:00,84.25102040816327,147
2025-01-24 03:00:00-08:00,85.4421768707483,147
2025-01-24 04:00:00-08:00,84.89183673469388,147
2025-01-24 05:00:00-08:00,83.6938775510204,147
2025-01-24 06:00:00-08:00,83.43310810810812,148
2025-01-24 07:00:00-08:00,82.35135135135135,148
2025-01-24 08:00:00-08:00,74.82702702702703,148
2025-01-24 09:00:00-08:00,75.34965986394558,147
2025-01-24 10:00:00-08:00,72.15986394557824,147
2025-01-24 11:00:00-08:00,70.73150684931507,146
2025-01-24 12:00:00-08:00,70.38571428571429,147
2025-01-24 13:00:00-08:00,70.51360544217687,147
2025-01-24 14:00:00-08:00,73.02789115646259,147
2025-01-24 15:00:00-08:00,73.9195945945946,148
2025-01-24 16:00:00-08:00,75.27891156462584,147
2025-01-24 17:00:00-08:00,77.62702702702703,148
2025-01-24 18:00:00-08:00,82.06598639455783,147
2025-01-24 19:00:00-08:00,86.52721088435374,147
2025-01-24 20:00:00-08:00,89.04353741496598,147
2025-01-24 21:00:00-08:00,89.81756756756756,148
2025-01-24 22:00:00-08:00,85.91486486486487,148
2025-01-24 23:00:00-08:00,89.60810810810811,148
2025-01-25 00:00:00-08:00,93.78783783783783,148
2025-01-25 01:00:00-08:00,110.73243243243245,148
2025-01-25 02:00:00-08:00,93.03918918918919,148
2025-01-25 03:00:00-08:00,92.97364864864865,148
2025-01-25 04:00:00-08:00,91.67702702702704,148
2025-01-25 05:00:00-08:00,87.46081081081081,148
2025-01-25 06:00:00-08:00,102.63581081081081,148
2025-01-25 07:00:00-08:00,106.65810810810811,148
2025-01-25 08:00:00-08:00,106.45135135135135,148
2025-01-25 09:00:00-08:00,106.34285714285714,147
2025-01-25 10:00:00-08:00,110.01621621621621,148
2025-01-25 11:00:00-08:00,101.6248322147651,149
2025-01-25 12:00:00-08:00,95.45704697986577,149
2025-01-25 13:00:00-08:00,90.5,149
2025-01-25 14:00:00-08:00,87.75838926174497,149
2025-01-25 15:00:00-08:00,77.9973154362416,149
2025-01-25 16:00:00-08:00,81.11891891891892,148
2025-01-25 17:00:00-08:00,89.66333333333333,150
2025-01-25 18:00:00-08:00,113.31140939597316,149
2025-01-25 19:00:00-08:00,114.13691275167784,149
2025-01-25 20:00:00-08:00,115.49932432432433,148
2025-01-25 21:00:00-08:00,115.64563758389262,149
2025-01-25 22:00:00-08:00,113.01476510067114,149
2025-01-25 23:00:00-08:00,119.44068965517239,145
2025-01-26 00:00:00-08:00,115.53424657534246,146
2025-01-26 01:00:00-08:00,117.27602739726026,146
2025-01-26 02:00:00-08:00,120.83972602739725,146
2025-01-26 03:00:00-08:00,116.46643835616437,146
2025-01-26 04:00:00-08:00,115.33537414965986,147
2025-01-26 05:00:00-08:00,116.4190476190476,147
2025-01-26 06:00:00-08:00,116.88859060402686,149
2025-01-26 07:00:00-08:00,116.08926174496644,149
2025-01-26 08:00:00-08:00,113.888,150
2025-01-26 09:00:00-08:00,113.41600000000001,150
2025-01-26 10:00:00-08:00,112.67066666666666,150
2025-01-26 11:00:00-08:00,109.79,150
2025-01-26 12:00:00-08:00,108.79470198675497,151
2025-01-26 13:00:00-08:00,108.51390728476821,151
2025-01-26 14:00:00-08:00,107.91523178807948,151
2025-01-26 15:00:00-08:00,108.94701986754967,151
2025-01-26 16:00:00-08:00,109.96026490066225,151
2025-01-26 17:00:00-08:00,107.67417218543046,151
2025-01-26 18:00:00-08:00,112.78344370860927,151
2025-01-26 19:00:00-08:00,109.6,151
2025-01-26 20:00:00-08:00,109.1092105263158,152
2025-01-26 21:00:00-08:00,106.80789473684212,152
2025-01-26 22:00:00-08:00,107.69013157894737,152
2025-01-26 23:00:00-08:00,106.15789473684211,152
2025-01-27 00:00:00-08:00,104.5703947368421,152
2025-01-27 01:00:00-08:00,109.60131578947369,152
2025-01-27 02:00:00-08:00,113.19276315789473,152
2025-01-27 03:00:00-08:00,109.00723684210526,152
2025-01-27 04:00:00-08:00,112.59934210526315,152
2025-01-27 05:00:00-08:00,112.97450980392158,153
2025-01-27 06:00:00-08:00,109.1496732026144,153
2025-01-27 07:00:00-08:00,110.99346405228758,153
2025-01-27 08:00:00-08:00,104.28562091503268,153
2025-01-27 09:00:00-08:00,97.77105263157894,152
2025-01-27 10:00:00-08:00,99.11447368421052,152
2025-01-27 11:00:00-08:00,97.38947368421053,152
2025-01-27 12:00:00-08:00,85.42368421052632,152
2025-01-27 13:00:00-08:00,85.95855263157895,152
2025-01-27 14:00:00-08:00,89.15723684210526,152
2025-01-27 15:00:00-08:00,89.39868421052631,152
2025-01-27 16:00:00-08:00,89.96118421052631,152
2025-01-27 17:00:00-08:00,89.73178807947019,151
2025-01-27 18:00:00-08:00,92.71125827814569,151
2025-01-27 19:00:00-08:00,94.03576158940398,151
2025-01-27 20:00:00-08:00,96.53973509933775,151
2025-01-27 21:00:00-08:00,98.48609271523179,151
2025-01-27 22:00:00-08:00,98.49271523178808,151
2025-01-27 23:00:00-08:00,100.65364238410596,151
2025-01-28 00:00:00-08:00,102.47483443708609,151
2025-01-28 01:00:00-08:00,103.79271523178808,151
2025-01-28 02:00:00-08:00,105.0,151
2025-01-28 03:00:00-08:00,106.25430463576159,151
2025-01-28 04:00:00-08:00,107.41788079470199,151
2025-01-28 05:00:00-08:00,109.30263157894737,152
2025-01-28 06:00:00-08:00,106.51973684210526,152
2025-01-28 07:00:00-08:00,107.95789473684209,152
2025-01-28 08:00:00-08:00,109.84248366013072,153
2025-01-28 09:00:00-08:00,113.63464052287581,153
2025-01-28 10:00:00-08:00,102.52352941176471,153
2025-01-28 11:00:00-08:00,98.48116883116882,154
2025-01-28 12:00:00-08:00,103.78051948051949,154
2025-01-28 13:00:00-08:00,102.76428571428572,154
2025-01-28 14:00:00-08:00,105.42272727272727,154
2025-01-28 15:00:00-08:00,97.02857142857142,154
2025-01-28 16:00:00-08:00,93.4922077922078,154
2025-01-28 17:00:00-08:00,97.48692810457516,153
2025-01-28 18:00:00-08:00,100.5032894736842,152
2025-01-28 19:00:00-08:00,123.93986928104574,153
2025-01-28 20:00:00-08:00,131.40198675496688,151
2025-01-28 21:00:00-08:00,128.10263157894735,152
2025-01-28 22:00:00-08:00,132.60653594771242,153
2025-01-28 23:00:00-08:00,134.16339869281046,153
2025-01-29 00:00:00-08:00,133.52418300653596,153
2025-01-29 01:00:00-08:00,130.62679738562093,153
2025-01-29 02:00:00-08:00,133.4640522875817,153
2025-01-29 03:00:00-08:00,129.14901960784314,153
2025-01-29 04:00:00-08:00,129.9313725490196,153
2025-01-29 05:00:00-08:00,129.83790849673204,153
2025-01-29 06:00:00-08:00,135.4279220779221,154
2025-01-29 07:00:00-08:00,137.17272727272726,154
2025-01-29 08:00:00-08:00,122.140522875817,153
2025-01-29 09:00:00-08:00,110.47402597402598,154
2025-01-29 10:00:00-08:00,99.08181818181818,154
2025-01-29 11:00:00-08:00,102.3448051948052,154
2025-01-29 12:00:00-08:00,99.21168831168832,154
2025-01-29 13:00:00-08:00,101.40065359477124,153
2025-01-29 14:00:00-08:00,99.32709677419354,155
2025-01-29 15:00:00-08:00,103.13870967741936,155
2025-01-29 16:00:00-08:00,107.20580645161291,155
2025-01-29 17:00:00-08:00,104.90915032679739,153
2025-01-29 18:00:00-08:00,107.25714285714285,154
2025-01-29 19:00:00-08:00,106.16078431372549,153
2025-01-29 20:00:00-08:00,119.37532467532468,154
2025-01-29 21:00:00-08:00,130.0496732026144,153
2025-01-29 22:00:00-08:00,130.5538961038961,154
2025-01-29 23:00:00-08:00,139.39934210526317,152
2025-01-30 00:00:00-08:00,143.34183006535946,153
2025-01-30 01:00:00-08:00,138.68235294117645,153
2025-01-30 02:00:00-08:00,139.96274509803922,153
2025-01-30 03:00:00-08:00,141.85324675324676,154
2025-01-30 04:00:00-08:00,143.97662337662337,154
2025-01-30 05:00:00-08:00,143.4896103896104,154
2025-01-30 06:00:00-08:00,142.67532467532467,154
2025-01-30 07:00:00-08:00,145.3707792207792,154
2025-01-30 08:00:00-08:00,144.59346405228757,153
2025-01-30 09:00:00-08:00,140.0616883116883,154
2025-01-30 10:00:00-08:00,114.60454545454544,154
2025-01-30 11:00:00-08:00,102.70064516129032,155
2025-01-30 12:00:00-08:00,100.09225806451613,155
2025-01-30 13:00:00-08:00,99.45576923076923,156
2025-01-30 14:00:00-08:00,101.32435897435897,156
2025-01-30 15:00:00-08:00,100.20192307692308,156
2025-01-30 16:00:00-08:00,105.76410256410257,156
2025-01-30 17:00:00-08:00,99.99032258064516,155
2025-01-30 18:00:00-08:00,101.93483870967742,155
2025-01-30 19:00:00-08:00,105.61483870967743,155
2025-01-30 20:00:00-08:00,117.70774193548388,155
2025-01-30 21:00:00-08:00,129.96089743589744,156
2025-01-30 22:00:00-08:00,129.5102564102564,156
2025-01-30 23:00:00-08:00,130.09679487179486,156
2025-01-31 00:00:00-08:00,131.77564102564102,156
2025-01-31 01:00:00-08:00,134.4516129032258,155
2025-01-31 02:00:00-08:00,134.7557692307692,156
2025-01-31 03:00:00-08:00,136.15320512820514,156
2025-01-31 04:00:00-08:00,138.55833333333334,156
2025-01-31 05:00:00-08:00,139.4299363057325,157
2025-01-31 06:00:00-08:00,139.8981012658228,158
2025-01-31 07:00:00-08:00,142.58037974683546,158
2025-01-31 08:00:00-08:00,141.02025316455698,158
2025-01-31 09:00:00-08:00,133.25189873417722,158
2025-01-31 10:00:00-08:00,114.5639240506329,158
2025-01-31 11:00:00-08:00,114.8886075949367,158
2025-01-31 12:00:00-08:00,111.99050632911393,158
2025-01-31 13:00:00-08:00,110.12264150943396,159
2025-01-31 14:00:00-08:00,107.42389937106917,159
2025-01-31 15:00:00-08:00,103.07798742138365,159
2025-01-31 16:00:00-08:00,98.88490566037736,159
2025-01-31 17:00:00-08:00,99.51582278481013,158
2025-01-31 18:00:00-08:00,101.21708860759493,158
2025-01-31 19:00:00-08:00,107.15759493670888,158
2025-01-31 20:00:00-08:00,109.33734177215189,158
2025-01-31 21:00:00-08:00,113.0613924050633,158
2025-01-31 22:00:00-08:00,119.97261146496815,157
2025-01-31 23:00:00-08:00,122.85541401273885,157
2025-02-01 00:00:00-08:00,121.89299363057326,157
2025-02-01 01:00:00-08:00,121.72292993630573,157
2025-02-01 02:00:00-08:00,118.38917197452228,157
2025-02-01 03:00:00-08:00,116.31582278481014,158
2025-02-01 04:00:00-08:00,119.59620253164557,158
2025-02-01 05:00:00-08:00,120.78607594936709,158
2025-02-01 06:00:00-08:00,122.71835443037975,158
2025-02-01 07:00:00-08:00,131.47261146496817,157
2025-02-01 08:00:00-08:00,119.71012658227849,158
2025-02-01 09:00:00-08:00,120.15569620253163,158
2025-02-01 10:00:00-08:00,119.06100628930818,159
2025-02-01 11:00:00-08:00,118.03875000000001,160
2025-02-01 12:00:00-08:00,114.586875,160
2025-02-01 13:00:00-08:00,112.58875,160
2025-02-01 14:00:00-08:00,107.00625,160
2025-02-01 15:00:00-08:00,97.4055900621118,161
2025-02-01 16:00:00-08:00,93.24534161490683,161
2025-02-01 17:00:00-08:00,92.39813664596272,161
2025-02-01 18:00:00-08:00,92.89316770186335,161
2025-02-01 19:00:00-08:00,91.3055900621118,161
2025-02-01 20:00:00-08:00,99.08136645962733,161
2025-02-01 21:00:00-08:00,98.74099378881988,161
2025-02-01 22:00:00-08:00,103.32236024844721,161
2025-02-01 23:00:00-08:00,105.94161490683229,161
2025-02-02 00:00:00-08:00,109.81180124223603,161
2025-02-02 01:00:00-08:00,127.31863354037267,161
2025-02-02 02:00:00-08:00,132.5167701863354,161
2025-02-02 03:00:00-08:00,136.50124223602484,161
2025-02-02 04:00:00-08:00,133.19006211180124,161
2025-02-02 05:00:00-08:00,123.60493827160494,162
2025-02-02 06:00:00-08:00,133.62857142857143,161
2025-02-02 07:00:00-08:00,150.12670807453418,161
2025-02-02 08:00:00-08:00,150.6248447204969,161
2025-02-02 09:00:00-08:00,142.90683229813664,161
2025-02-02 10:00:00-08:00,135.8583850931677,161
2025-02-02 11:00:00-08:00,135.41242236024846,161
2025-02-02 12:00:00-08:00,131.63374233128835,163
2025-02-02 13:00:00-08:00,130.14817073170732,164
2025-02-02 14:00:00-08:00,128.21333333333334,165
2025-02-02 15:00:00-08:00,132.77454545454546,165
2025-02-02 16:00:00-08:00,136.9969512195122,164
2025-02-02 17:00:00-08:00,134.9122699386503,163
2025-02-02 18:00:00-08:00,128.28902439024392,164
2025-02-02 19:00:00-08:00,124.92804878048781,164
2025-02-02 20:00:00-08:00,123.67439024390245,164
2025-02-02 21:00:00-08:00,120.16097560975608,164
2025-02-02 22:00:00-08:00,118.87073170731706,164
2025-02-02 23:00:00-08:00,118.2560975609756,164
2025-02-03 00:00:00-08:00,117.40853658536585,164
2025-02-03 01:00:00-08:00,117.45975609756098,164
2025-02-03 02:00:00-08:00,115.52060606060607,165
2025-02-03 03:00:00-08:00,114.94878048780487,164
2025-02-03 04:00:00-08:00,113.0670731707317,164
2025-02-03 05:00:00-08:00,111.91636363636364,165
2025-02-03 06:00:00-08:00,112.67228915662649,166
2025-02-03 07:00:00-08:00,111.01265060240964,166
2025-02-03 08:00:00-08:00,112.51807228915662,166
2025-02-03 09:00:00-08:00,118.72831325301206,166
2025-02-03 10:00:00-08:00,123.86024096385542,166
2025-02-03 11:00:00-08:00,124.22289156626506,166
2025-02-03 12:00:00-08:00,120.53734939759036,166
2025-02-03 13:00:00-08:00,114.99820359281438,167
2025-02-03 14:00:00-08:00,118.75269461077845,167
2025-02-03 15:00:00-08:00,109.77349397590362,166
2025-02-03 16:00:00-08:00,97.18502994011976,167
2025-02-03 17:00:00-08:00,94.34638554216868,166
2025-02-03 18:00:00-08:00,95.82409638554218,166
2025-02-03 19:00:00-08:00,92.07530120481928,166
2025-02-03 20:00:00-08:00,92.20301204819276,166
2025-02-03 21:00:00-08:00,91.0277108433735,166
2025-02-03 22:00:00-08:00,89.9301204819277,166
2025-02-03 23:00:00-08:00,93.43072289156626,166
2025-02-04 00:00:00-08:00,110.83192771084336,166
2025-02-04 01:00:00-08:00,111.04096385542168,166
2025-02-04 02:00:00-08:00,116.93313253012049,166
2025-02-04 03:00:00-08:00,112.43253012048193,166
2025-02-04 04:00:00-08:00,114.35903614457833,166
2025-02-04 05:00:00-08:00,116.11077844311377,167
2025-02-04 06:00:00-08:00,118.15389221556886,167
2025-02-04 07:00:00-08:00,117.98502994011976,167
2025-02-04 08:00:00-08:00,114.01726190476191,168
2025-02-04 09:00:00-08:00,98.0970238095238,168
2025-02-04 10:00:00-08:00,92.83952095808384,167
2025-02-04 11:00:00-08:00,92.12514970059881,167
2025-02-04 12:00:00-08:00,89.24910179640719,167
2025-02-04 13:00:00-08:00,86.62035928143713,167
2025-02-04 14:00:00-08:00,82.76467065868263,167
2025-02-04 15:00:00-08:00,81.86826347305389,167
2025-02-04 16:00:00-08:00,79.71137724550898,167
2025-02-04 17:00:00-08:00,81.55783132530121,166
2025-02-04 18:00:00-08:00,82.14277108433735,166
2025-02-04 19:00:00-08:00,90.76807228915662,166
2025-02-04 20:00:00-08:00,101.33012048192771,166
2025-02-04 21:00:00-08:00,104.97048192771084,166
2025-02-04 22:00:00-08:00,101.65060240963855,166
2025-02-04 23:00:00-08:00,106.45180722891567,166
2025-02-05 00:00:00-08:00,104.48975903614458,166
2025-02-05 01:00:00-08:00,106.26606060606059,165
2025-02-05 02:00:00-08:00,104.12848484848486,165
2025-02-05 03:00:00-08:00,103.41325301204819,166
2025-02-05 04:00:00-08:00,109.89156626506023,166
2025-02-05 05:00:00-08:00,104.39393939393939,165
2025-02-05 06:00:00-08:00,105.34939759036145,166
2025-02-05 07:00:00-08:00,106.37409638554216,166
2025-02-05 08:00:00-08:00,105.76886227544911,167
2025-02-05 09:00:00-08:00,106.0251497005988,167
2025-02-05 10:00:00-08:00,108.2131736526946,167
2025-02-05 11:00:00-08:00,105.02142857142856,168
2025-02-05 12:00:00-08:00,101.75595238095238,168
2025-02-05 13:00:00-08:00,99.27440476190475,168
2025-02-05 14:00:00-08:00,102.37590361445781,166
2025-02-05 15:00:00-08:00,107.02181818181819,165
2025-02-05 16:00:00-08:00,103.13532934131736,167
2025-02-05 17:00:00-08:00,107.10963855421687,166
2025-02-05 18:00:00-08:00,109.26265060240964,166
2025-02-05 19:00:00-08:00,120.34670658682633,167
2025-02-05 20:00:00-08:00,116.6814371257485,167
2025-02-05 21:00:00-08:00,116.71137724550898,167
2025-02-05 22:00:00-08:00,120.67724550898203,167
2025-02-05 23:00:00-08:00,117.82095808383235,167
2025-02-06 00:00:00-08:00,121.29041916167665,167
2025-02-06 01:00:00-08:00,123.32215568862274,167
2025-02-06 02:00:00-08:00,125.06706586826348,167
2025-02-06 03:00:00-08:00,120.11616766467067,167
2025-02-06 04:00:00-08:00,110.48443113772456,167
2025-02-06 05:00:00-08:00,104.16526946107784,167
2025-02-06 06:00:00-08:00,100.07440476190476,168
2025-02-06 07:00:00-08:00,99.17619047619047,168
2025-02-06 08:00:00-08:00,100.18035714285713,168
2025-02-06 09:00:00-08:00,96.78571428571429,168
2025-02-06 10:00:00-08:00,96.34345238095237,168
2025-02-06 11:00:00-08:00,98.82754491017964,167
2025-02-06 12:00:00-08:00,98.77005988023951,167
2025-02-06 13:00:00-08:00,89.10963855421686,166
2025-02-06 14:00:00-08:00,83.12366863905325,169
2025-02-06 15:00:00-08:00,90.22619047619048,168
2025-02-06 16:00:00-08:00,97.42650602409638,166
2025-02-06 17:00:00-08:00,102.12349397590361,166
2025-02-06 18:00:00-08:00,101.8066265060241,166
2025-02-06 19:00:00-08:00,100.87185628742515,167
2025-02-06 20:00:00-08:00,98.94759036144578,166
2025-02-06 21:00:00-08:00,99.20419161676647,167
2025-02-06 22:00:00-08:00,97.27425149700599,167
2025-02-06 23:00:00-08:00,98.52994011976048,167
2025-02-07 00:00:00-08:00,100.96666666666665,168
2025-02-07 01:00:00-08:00,98.93988095238096,168
2025-02-07 02:00:00-08:00,98.22261904761906,168
2025-02-07 03:00:00-08:00,96.54550898203593,167
2025-02-07 04:00:00-08:00,97.8305389221557,167
2025-02-07 05:00:00-08:00,97.45988023952097,167
2025-02-07 06:00:00-08:00,98.63750000000002,168
2025-02-07 07:00:00-08:00,97.68809523809526,168
2025-02-07 08:00:00-08:00,97.76130952380953,168
2025-02-07 09:00:00-08:00,98.91470588235295,170
2025-02-07 10:00:00-08:00,94.52882352941177,170
2025-02-07 11:00:00-08:00,90.94152046783627,171
2025-02-07 12:00:00-08:00,78.2656976744186,172
2025-02-07 13:00:00-08:00,77.20348837209302,172
2025-02-07 14:00:00-08:00,64.53859649122808,171
2025-02-07 15:00:00-08:00,64.4140350877193,171
2025-02-07 16:00:00-08:00,63.89349112426036,169
2025-02-07 17:00:00-08:00,66.74970414201184,169
2025-02-07 18:00:00-08:00,79.09766081871345,171
2025-02-07 19:00:00-08:00,82.19590643274854,171
2025-02-07 20:00:00-08:00,84.3233918128655,171
2025-02-07 21:00:00-08:00,87.98011695906433,171
2025-02-07 22:00:00-08:00,90.11461988304094,171
2025-02-07 23:00:00-08:00,92.09883040935672,171
2025-02-08 00:00:00-08:00,89.85497076023391,171
2025-02-08 01:00:00-08:00,88.18947368421053,171
2025-02-08 02:00:00-08:00,88.83567251461989,171
2025-02-08 03:00:00-08:00,88.26959064327485,171
2025-02-08 04:00:00-08:00,88.84970760233918,171
2025-02-08 05:00:00-08:00,89.42397660818713,171
2025-02-08 06:00:00-08:00,88.63859649122807,171
2025-02-08 07:00:00-08:00,91.48830409356725,171
2025-02-08 08:00:00-08:00,86.45964912280702,171
2025-02-08 09:00:00-08:00,81.22573099415204,171
2025-02-08 10:00:00-08:00,83.24853801169591,171
2025-02-08 11:00:00-08:00,84.00872093023256,172
2025-02-08 12:00:00-08:00,82.8093023255814,172
2025-02-08 13:00:00-08:00,82.66011560693642,173
2025-02-08 14:00:00-08:00,83.88034682080925,173
2025-02-08 15:00:00-08:00,82.91156069364162,173
2025-02-08 16:00:00-08:00,80.6907514450867,173
2025-02-08 17:00:00-08:00,78.12947976878613,173
2025-02-08 18:00:00-08:00,80.21502890173412,173
2025-02-08 19:00:00-08:00,83.38323699421966,173
2025-02-08 20:00:00-08:00,85.75838150289017,173
2025-02-08 21:00:00-08:00,89.99537572254334,173
2025-02-08 22:00:00-08:00,94.59537572254335,173
2025-02-08 23:00:00-08:00,91.59710982658959,173
2025-02-09 00:00:00-08:00,92.08959537572254,173
2025-02-09 01:00:00-08:00,92.08837209302327,172
2025-02-09 02:00:00-08:00,90.99942196531792,173
2025-02-09 03:00:00-08:00,93.45664739884393,173
2025-02-09 04:00:00-08:00,90.3693641618497,173
2025-02-09 05:00:00-08:00,87.55606936416184,173
2025-02-09 06:00:00-08:00,89.84393063583815,173
2025-02-09 07:00:00-08:00,89.32485549132949,173
2025-02-09 08:00:00-08:00,83.4,175
2025-02-09 09:00:00-08:00,79.50742857142856,175
2025-02-09 10:00:00-08:00,77.49367816091954,174
2025-02-09 11:00:00-08:00,79.40574712643678,174
2025-02-09 12:00:00-08:00,77.39827586206897,174
2025-02-09 13:00:00-08:00,80.34827586206897,174
2025-02-09 14:00:00-08:00,83.55,174
2025-02-09 15:00:00-08:00,83.73850574712644,174
2025-02-09 16:00:00-08:00,81.20402298850574,174
2025-02-09 17:00:00-08:00,82.46057142857143,175
2025-02-09 18:00:00-08:00,84.28342857142857,175
2025-02-09 19:00:00-08:00,85.292,175
2025-02-09 20:00:00-08:00,88.73371428571429,175
2025-02-09 21:00:00-08:00,88.08238636363636,176
2025-02-09 22:00:00-08:00,89.97556818181819,176
2025-02-09 23:00:00-08:00,89.1846590909091,176
2025-02-10 00:00:00-08:00,91.42215909090909,176
2025-02-10 01:00:00-08:00,91.22556818181819,176
2025-02-10 02:00:00-08:00,93.66647727272726,176
2025-02-10 03:00:00-08:00,107.48125,176
2025-02-10 04:00:00-08:00,101.48920454545456,176
2025-02-10 05:00:00-08:00,92.57966101694915,177
2025-02-10 06:00:00-08:00,92.10790960451978,177
2025-02-10 07:00:00-08:00,91.78813559322033,177
2025-02-10 08:00:00-08:00,93.17909604519774,177
2025-02-10 09:00:00-08:00,90.51363636363637,176
2025-02-10 10:00:00-08:00,89.14775280898876,178
2025-02-10 11:00:00-08:00,90.31629213483146,178
2025-02-10 12:00:00-08:00,85.6696629213483,178
2025-02-10 13:00:00-08:00,84.49608938547486,179
2025-02-10 14:00:00-08:00,82.29329608938548,179
2025-02-10 15:00:00-08:00,82.02372881355932,177
2025-02-10 16:00:00-08:00,83.45536723163842,177
2025-02-10 17:00:00-08:00,86.45795454545454,176
2025-02-10 18:00:00-08:00,87.91525423728814,177
2025-02-10 19:00:00-08:00,88.93276836158192,177
2025-02-10 20:00:00-08:00,87.37344632768362,177
2025-02-10 21:00:00-08:00,87.01581920903955,177
2025-02-10 22:00:00-08:00,85.49435028248588,177
2025-02-10 23:00:00-08:00,83.70564971751412,177
2025-02-11 00:00:00-08:00,84.84406779661016,177
2025-02-11 01:00:00-08:00,84.60621468926553,177
2025-02-11 02:00:00-08:00,80.34406779661016,177
2025-02-11 03:00:00-08:00,84.18361581920904,177
2025-02-11 04:00:00-08:00,85.86214689265537,177
2025-02-11 05:00:00-08:00,84.1494382022472,178
2025-02-11 06:00:00-08:00,82.2747191011236,178
2025-02-11 07:00:00-08:00,84.46629213483146,178
2025-02-11 08:00:00-08:00,78.8191011235955,178
2025-02-11 09:00:00-08:00,75.55027932960894,179
2025-02-11 10:00:00-08:00,77.19337016574586,181
2025-02-11 11:00:00-08:00,78.95082872928177,181
2025-02-11 12:00:00-08:00,78.39116022099448,181
2025-02-11 13:00:00-08:00,79.46573033707865,178
2025-02-11 14:00:00-08:00,77.50939226519337,181
2025-02-11 15:00:00-08:00,75.10828729281768,181
2025-02-11 16:00:00-08:00,75.60055248618784,181
2025-02-11 17:00:00-08:00,79.17722222222223,180
2025-02-11 18:00:00-08:00,81.77444444444446,180
2025-02-11 19:00:00-08:00,83.22346368715084,179
2025-02-11 20:00:00-08:00,85.66166666666666,180
2025-02-11 21:00:00-08:00,84.9977653631285,179
2025-02-11 22:00:00-08:00,87.13854748603352,179
2025-02-11 23:00:00-08:00,86.31444444444445,180
2025-02-12 00:00:00-08:00,87.22611111111111,180
2025-02-12 01:00:00-08:00,85.94555555555556,180
2025-02-12 02:00:00-08:00,82.18777777777777,180
2025-02-12 03:00:00-08:00,80.9340782122905,179
2025-02-12 04:00:00-08:00,91.57055555555556,180
2025-02-12 05:00:00-08:00,108.83000000000001,180
2025-02-12 06:00:00-08:00,98.91215469613259,181
2025-02-12 07:00:00-08:00,95.43646408839778,181
2025-02-12 08:00:00-08:00,94.97955801104972,181
2025-02-12 09:00:00-08:00,96.75856353591159,181
2025-02-12 10:00:00-08:00,98.4340782122905,179
2025-02-12 11:00:00-08:00,96.3364640883978,181
2025-02-12 12:00:00-08:00,95.09281767955801,181
2025-02-12 13:00:00-08:00,92.10883977900554,181
2025-02-12 14:00:00-08:00,91.98453038674033,181
2025-02-12 15:00:00-08:00,93.05414364640883,181
2025-02-12 16:00:00-08:00,93.60607734806631,181
2025-02-12 17:00:00-08:00,93.04475138121546,181
2025-02-12 18:00:00-08:00,93.34364640883979,181
2025-02-12 19:00:00-08:00,94.69558011049725,181
2025-02-12 20:00:00-08:00,86.94,180
2025-02-12 21:00:00-08:00,88.59055555555555,180
2025-02-12 22:00:00-08:00,95.31491712707182,181
2025-02-12 23:00:00-08:00,96.69171270718232,181
2025-02-13 00:00:00-08:00,99.87403314917127,181
2025-02-13 01:00:00-08:00,96.36685082872928,181
2025-02-13 02:00:00-08:00,94.41878453038673,181
2025-02-13 03:00:00-08:00,95.72055555555556,180
2025-02-13 04:00:00-08:00,91.305,180
2025-02-13 05:00:00-08:00,91.41166666666668,180
2025-02-13 06:00:00-08:00,92.10055248618785,181
2025-02-13 07:00:00-08:00,92.33701657458563,181
2025-02-13 08:00:00-08:00,96.15414364640883,181
2025-02-13 09:00:00-08:00,94.08296703296702,182
2025-02-13 10:00:00-08:00,92.76813186813186,182
2025-02-13 11:00:00-08:00,90.8291208791209,182
2025-02-13 12:00:00-08:00,90.32032967032967,182
2025-02-13 13:00:00-08:00,90.36685082872928,181
2025-02-13 14:00:00-08:00,90.54751381215469,181
2025-02-13 15:00:00-08:00,91.29226519337017,181
2025-02-13 16:00:00-08:00,96.26629834254145,181
2025-02-13 17:00:00-08:00,92.43055555555556,180
2025-02-13 18:00:00-08:00,93.11564245810057,179
2025-02-13 19:00:00-08:00,94.33631284916201,179
2025-02-13 20:00:00-08:00,91.8921787709497,179
2025-02-13 21:00:00-08:00,94.20893854748604,179
2025-02-13 22:00:00-08:00,96.04916201117318,179
2025-02-13 23:00:00-08:00,94.00786516853931,178
2025-02-14 00:00:00-08:00,95.44999999999999,178
2025-02-14 01:00:00-08:00,94.32584269662921,178
2025-02-14 02:00:00-08:00,94.4865168539326,178
2025-02-14 03:00:00-08:00,97.70112359550562,178
2025-02-14 04:00:00-08:00,99.6370786516854,178
2025-02-14 05:00:00-08:00,94.03072625698324,179
2025-02-14 06:00:00-08:00,93.52166666666668,180
2025-02-14 07:00:00-08:00,92.69060773480663,181
2025-02-14 08:00:00-08:00,90.21564245810056,179
2025-02-14 09:00:00-08:00,74.74916201117318,179
2025-02-14 10:00:00-08:00,76.95222222222222,180
2025-02-14 11:00:00-08:00,73.34722222222223,180
2025-02-14 12:00:00-08:00,72.61483516483516,182
2025-02-14 13:00:00-08:00,74.43812154696133,181
2025-02-14 14:00:00-08:00,73.33444444444444,180
2025-02-14 15:00:00-08:00,75.61160220994475,181
2025-02-14 16:00:00-08:00,78.32486187845305,181
2025-02-14 17:00:00-08:00,78.19779005524862,181
2025-02-14 18:00:00-08:00,66.62833333333333,180
2025-02-14 19:00:00-08:00,80.00441988950276,181
2025-02-14 20:00:00-08:00,87.33722222222221,180
2025-02-14 21:00:00-08:00,83.56629834254143,181
2025-02-14 22:00:00-08:00,80.96944444444445,180
2025-02-14 23:00:00-08:00,78.78222222222222,180
2025-02-15 00:00:00-08:00,77.7121546961326,181
2025-02-15 01:00:00-08:00,78.70110497237569,181
2025-02-15 02:00:00-08:00,81.40994475138122,181
2025-02-15 03:00:00-08:00,83.97833333333334,180
2025-02-15 04:00:00-08:00,86.80944444444445,180
2025-02-15 05:00:00-08:00,89.05444444444444,180
2025-02-15 06:00:00-08:00,85.19555555555554,180
2025-02-15 07:00:00-08:00,83.51611111111112,180
2025-02-15 08:00:00-08:00,81.88,180
2025-02-15 09:00:00-08:00,82.20444444444445,180
2025-02-15 10:00:00-08:00,62.37833333333334,180
2025-02-15 11:00:00-08:00,75.01325966850828,181
2025-02-15 12:00:00-08:00,72.84945054945055,182
2025-02-15 13:00:00-08:00,73.81923076923076,182
2025-02-15 14:00:00-08:00,72.9401098901099,182
2025-02-15 15:00:00-08:00,73.7032967032967,182
2025-02-15 16:00:00-08:00,74.22252747252747,182
2025-02-15 17:00:00-08:00,76.41318681318681,182
2025-02-15 18:00:00-08:00,76.96758241758242,182
2025-02-15 19:00:00-08:00,78.19560439560439,182
2025-02-15 20:00:00-08:00,83.2043956043956,182
2025-02-15 21:00:00-08:00,85.02762430939227,181
2025-02-15 22:00:00-08:00,85.20773480662983,181
2025-02-15 23:00:00-08:00,85.03626373626373,182
2025-02-16 00:00:00-08:00,85.66043956043956,182
2025-02-16 01:00:00-08:00,89.57472527472528,182
2025-02-16 02:00:00-08:00,88.77472527472527,182
2025-02-16 03:00:00-08:00,84.05164835164835,182
2025-02-16 04:00:00-08:00,82.78626373626373,182
2025-02-16 05:00:00-08:00,81.19835164835165,182
2025-02-16 06:00:00-08:00,80.7076923076923,182
2025-02-16 07:00:00-08:00,80.17197802197802,182
2025-02-16 08:00:00-08:00,76.5,182
2025-02-16 09:00:00-08:00,73.32307692307693,182
2025-02-16 10:00:00-08:00,73.53241758241758,182
2025-02-16 11:00:00-08:00,73.84175824175824,182
2025-02-16 12:00:00-08:00,74.51923076923077,182
2025-02-16 13:00:00-08:00,74.60000000000001,181
2025-02-16 14:00:00-08:00,75.39065934065934,182
2025-02-16 15:00:00-08:00,75.06043956043956,182
2025-02-16 16:00:00-08:00,74.91538461538461,182
2025-02-16 17:00:00-08:00,73.91593406593407,182
2025-02-16 18:00:00-08:00,77.08296703296703,182
2025-02-16 19:00:00-08:00,80.62472527472526,182
2025-02-16 20:00:00-08:00,82.00879120879121,182
2025-02-16 21:00:00-08:00,83.72362637362637,182
2025-02-16 22:00:00-08:00,85.35219780219781,182
2025-02-16 23:00:00-08:00,84.71153846153847,182
2025-02-17 00:00:00-08:00,84.3021978021978,182
2025-02-17 01:00:00-08:00,85.29723756906078,181
2025-02-17 02:00:00-08:00,84.8657458563536,181
2025-02-17 03:00:00-08:00,86.26243093922652,181
2025-02-17 04:00:00-08:00,90.57127071823206,181
2025-02-17 05:00:00-08:00,91.53425414364641,181
2025-02-17 06:00:00-08:00,89.72912087912088,182
2025-02-17 07:00:00-08:00,86.10710382513662,183
2025-02-17 08:00:00-08:00,82.81483516483516,182
2025-02-17 09:00:00-08:00,82.68142076502733,183
2025-02-17 10:00:00-08:00,85.11978021978021,182
2025-02-17 11:00:00-08:00,83.68142076502733,183
2025-02-17 12:00:00-08:00,68.03333333333333,183
2025-02-17 13:00:00-08:00,67.49016393442622,183
2025-02-17 14:00:00-08:00,66.23661202185792,183
2025-02-17 15:00:00-08:00,66.27267759562841,183
2025-02-17 16:00:00-08:00,66.64065934065934,182
2025-02-17 17:00:00-08:00,67.34143646408839,181
2025-02-17 18:00:00-08:00,68.99000000000001,180
2025-02-17 19:00:00-08:00,70.6217877094972,179
2025-02-17 20:00:00-08:00,71.76759776536312,179
2025-02-17 21:00:00-08:00,74.29664804469274,179
2025-02-17 22:00:00-08:00,77.531843575419,179
2025-02-17 23:00:00-08:00,83.79553072625698,179
2025-02-18 00:00:00-08:00,89.6050279329609,179
2025-02-18 01:00:00-08:00,108.01675977653632,179
2025-02-18 02:00:00-08:00,89.26536312849161,179
2025-02-18 03:00:00-08:00,85.05642458100559,179
2025-02-18 04:00:00-08:00,90.3977653631285,179
2025-02-18 05:00:00-08:00,81.26055555555557,180
2025-02-18 06:00:00-08:00,96.23055555555555,180
2025-02-18 07:00:00-08:00,88.59388888888888,180
2025-02-18 08:00:00-08:00,77.03128491620112,179
2025-02-18 09:00:00-08:00,72.37262569832401,179
2025-02-18 10:00:00-08:00,72.61629213483147,178
2025-02-18 11:00:00-08:00,75.36759776536313,179
2025-02-18 12:00:00-08:00,72.69441340782123,179
2025-02-18 13:00:00-08:00,72.43351955307263,179
2025-02-18 14:00:00-08:00,74.04438202247191,178
2025-02-18 15:00:00-08:00,72.19774011299435,177
2025-02-18 16:00:00-08:00,76.44044943820225,178
2025-02-18 17:00:00-08:00,88.70446927374302,179
2025-02-18 18:00:00-08:00,90.07877094972068,179
2025-02-18 19:00:00-08:00,95.03388888888888,180
2025-02-18 20:00:00-08:00,97.14555555555556,180
2025-02-18 21:00:00-08:00,98.56222222222223,180
2025-02-18 22:00:00-08:00,97.28547486033519,179
2025-02-18 23:00:00-08:00,101.06033519553073,179
2025-02-19 00:00:00-08:00,97.8268156424581,179
2025-02-19 01:00:00-08:00,99.77094972067039,179
2025-02-19 02:00:00-08:00,96.49329608938547,179
2025-02-19 03:00:00-08:00,96.29776536312849,179
2025-02-19 04:00:00-08:00,97.91173184357542,179
2025-02-19 05:00:00-08:00,95.72333333333334,180
2025-02-19 06:00:00-08:00,94.28277777777778,180
2025-02-19 07:00:00-08:00,101.30446927374301,179
2025-02-19 08:00:00-08:00,93.98202247191011,178
2025-02-19 09:00:00-08:00,81.53707865168539,178
2025-02-19 10:00:00-08:00,85.01067415730338,178
2025-02-19 11:00:00-08:00,86.39333333333333,180
2025-02-19 12:00:00-08:00,88.89666666666666,180
2025-02-19 13:00:00-08:00,83.48,180
2025-02-19 14:00:00-08:00,78.30883977900552,181
2025-02-19 15:00:00-08:00,75.9524861878453,181
2025-02-19 16:00:00-08:00,73.58674033149171,181
2025-02-19 17:00:00-08:00,77.14777777777778,180
2025-02-19 18:00:00-08:00,76.79166666666667,180
2025-02-19 19:00:00-08:00,80.68888888888888,180
2025-02-19 20:00:00-08:00,80.30444444444444,180
2025-02-19 21:00:00-08:00,81.57611111111112,180
2025-02-19 22:00:00-08:00,83.39944134078212,179
2025-02-19 23:00:00-08:00,84.5461111111111,180
2025-02-20 00:00:00-08:00,85.41666666666667,180
2025-02-20 01:00:00-08:00,92.04722222222222,180
2025-02-20 02:00:00-08:00,92.46444444444445,180
2025-02-20 03:00:00-08:00,91.97833333333332,180
2025-02-20 04:00:00-08:00,92.035,180
2025-02-20 05:00:00-08:00,89.88066298342541,181
2025-02-20 06:00:00-08:00,89.1912087912088,182
2025-02-20 07:00:00-08:00,88.36298342541437,181
2025-02-20 08:00:00-08:00,82.17513812154696,181
2025-02-20 09:00:00-08:00,78.61988950276243,181
2025-02-20 10:00:00-08:00,78.73480662983425,181
2025-02-20 11:00:00-08:00,80.68121546961326,181
2025-02-20 12:00:00-08:00,80.05833333333334,180
2025-02-20 13:00:00-08:00,78.925,180
2025-02-20 14:00:00-08:00,76.43333333333334,180
2025-02-20 15:00:00-08:00,73.17,180
2025-02-20 16:00:00-08:00,70.65722222222223,180
2025-02-20 17:00:00-08:00,71.27032967032967,182
2025-02-20 18:00:00-08:00,73.00994475138123,181
2025-02-20 19:00:00-08:00,70.49779005524861,181
2025-02-20 20:00:00-08:00,72.24696132596685,181
2025-02-20 21:00:00-08:00,70.65635359116021,181
2025-02-20 22:00:00-08:00,73.35469613259669,181
2025-02-20 23:00:00-08:00,75.06243093922653,181
2025-02-21 00:00:00-08:00,78.52983425414365,181
2025-02-21 01:00:00-08:00,81.6939226519337,181
2025-02-21 02:00:00-08:00,84.4546961325967,181
2025-02-21 03:00:00-08:00,84.21712707182321,181
2025-02-21 04:00:00-08:00,85.38397790055248,181
2025-02-21 05:00:00-08:00,85.86961325966851,181
2025-02-21 06:00:00-08:00,86.44505494505495,182
2025-02-21 07:00:00-08:00,87.69226519337016,181
2025-02-21 08:00:00-08:00,85.46906077348066,181
2025-02-21 09:00:00-08:00,77.64972375690608,181
2025-02-21 10:00:00-08:00,74.2475138121547,181
2025-02-21 11:00:00-08:00,71.5060773480663,181
2025-02-21 12:00:00-08:00,67.80441988950275,181
2025-02-21 13:00:00-08:00,67.34309392265193,181
2025-02-21 14:00:00-08:00,63.76519337016575,181
2025-02-21 15:00:00-08:00,63.15944444444444,180
2025-02-21 16:00:00-08:00,64.06388888888888,180
2025-02-21 17:00:00-08:00,66.73666666666666,180
2025-02-21 18:00:00-08:00,70.9646408839779,181
2025-02-21 19:00:00-08:00,72.4767955801105,181
2025-02-21 20:00:00-08:00,73.38508287292818,181
2025-02-21 21:00:00-08:00,74.605,180
2025-02-21 22:00:00-08:00,76.93944444444445,180
2025-02-21 23:00:00-08:00,77.90388888888889,180
2025-02-22 00:00:00-08:00,75.79277777777779,180
2025-02-22 01:00:00-08:00,82.19777777777777,180
2025-02-22 02:00:00-08:00,81.8707182320442,181
2025-02-22 03:00:00-08:00,78.49777777777777,180
2025-02-22 04:00:00-08:00,79.06666666666666,180
2025-02-22 05:00:00-08:00,78.74833333333333,180
2025-02-22 06:00:00-08:00,78.15277777777777,180
2025-02-22 07:00:00-08:00,78.46574585635359,181
2025-02-22 08:00:00-08:00,72.6767955801105,181
2025-02-22 09:00:00-08:00,68.59171270718232,181
2025-02-22 10:00:00-08:00,69.06353591160222,181
2025-02-22 11:00:00-08:00,71.03425414364641,181
2025-02-22 12:00:00-08:00,71.73351648351648,182
2025-02-22 13:00:00-08:00,71.83715846994535,183
2025-02-22 14:00:00-08:00,68.87802197802198,182
2025-02-22 15:00:00-08:00,70.47955801104972,181
2025-02-22 16:00:00-08:00,71.3738888888889,180
2025-02-22 17:00:00-08:00,73.90274725274726,182
2025-02-22 18:00:00-08:00,79.00604395604395,182
2025-02-22 19:00:00-08:00,80.04615384615384,182
2025-02-22 20:00:00-08:00,80.87527472527472,182
2025-02-22 21:00:00-08:00,80.71758241758242,182
2025-02-22 22:00:00-08:00,81.95384615384616,182
2025-02-22 23:00:00-08:00,86.50773480662983,181
2025-02-23 00:00:00-08:00,84.9425414364641,181
2025-02-23 01:00:00-08:00,87.12099447513812,181
2025-02-23 02:00:00-08:00,89.99337016574586,181
2025-02-23 03:00:00-08:00,84.98453038674033,181
2025-02-23 04:00:00-08:00,84.67527472527472,182
2025-02-23 05:00:00-08:00,85.3220994475138,181
2025-02-23 06:00:00-08:00,85.10165745856354,181
2025-02-23 07:00:00-08:00,82.97624309392265,181
2025-02-23 08:00:00-08:00,74.14696132596686,181
2025-02-23 09:00:00-08:00,66.92944444444444,180
2025-02-23 10:00:00-08:00,69.23111111111112,180
2025-02-23 11:00:00-08:00,70.92333333333333,180
2025-02-23 12:00:00-08:00,69.75777777777778,180
2025-02-23 13:00:00-08:00,70.24413407821228,179
2025-02-23 14:00:00-08:00,76.84022346368715,179
2025-02-23 15:00:00-08:00,74.78100558659219,179
2025-02-23 16:00:00-08:00,72.99441340782123,179
2025-02-23 17:00:00-08:00,71.76685393258427,178
2025-02-23 18:00:00-08:00,72.78156424581006,179
2025-02-23 19:00:00-08:00,76.00222222222222,180
2025-02-23 20:00:00-08:00,80.08111111111111,180
2025-02-23 21:00:00-08:00,82.58611111111111,180
2025-02-23 22:00:00-08:00,83.64111111111112,180
2025-02-23 23:00:00-08:00,83.69944444444444,180
2025-02-24 00:00:00-08:00,82.52569832402234,179
2025-02-24 01:00:00-08:00,82.97666666666666,180
2025-02-24 02:00:00-08:00,85.91111111111111,180
2025-02-24 03:00:00-08:00,87.37333333333332,180
2025-02-24 04:00:00-08:00,87.01611111111112,180
2025-02-24 05:00:00-08:00,87.37150837988827,179
2025-02-24 06:00:00-08:00,85.94111111111111,180
2025-02-24 07:00:00-08:00,87.23611111111111,180
2025-02-24 08:00:00-08:00,84.17722222222223,180
2025-02-24 09:00:00-08:00,84.375,180
2025-02-24 10:00:00-08:00,83.66555555555556,180
2025-02-24 11:00:00-08:00,80.9988888888889,180
2025-02-24 12:00:00-08:00,75.39777777777778,180
2025-02-24 13:00:00-08:00,70.88944444444445,180
2025-02-24 14:00:00-08:00,68.75999999999999,180
2025-02-24 15:00:00-08:00,67.74777777777778,180
2025-02-24 16:00:00-08:00,66.18277777777777,180
2025-02-24 17:00:00-08:00,67.8707182320442,181
2025-02-24 18:00:00-08:00,68.77900552486187,181
2025-02-24 19:00:00-08:00,71.66111111111111,180
2025-02-24 20:00:00-08:00,72.40111111111112,180
2025-02-24 21:00:00-08:00,71.95944444444444,180
2025-02-24 22:00:00-08:00,77.20444444444443,180
2025-02-24 23:00:00-08:00,77.2088888888889,180
2025-02-25 00:00:00-08:00,74.41833333333332,180
2025-02-25 01:00:00-08:00,76.34804469273743,179
2025-02-25 02:00:00-08:00,80.77262569832402,179
2025-02-25 03:00:00-08:00,79.4123595505618,178
2025-02-25 04:00:00-08:00,79.8994382022472,178
2025-02-25 05:00:00-08:00,81.1435754189944,179
2025-02-25 06:00:00-08:00,81.72833333333334,180
2025-02-25 07:00:00-08:00,82.58491620111731,179
2025-02-25 08:00:00-08:00,81.2854748603352,179
2025-02-25 09:00:00-08:00,81.03463687150838,179
2025-02-25 10:00:00-08:00,81.43016759776536,179
2025-02-25 11:00:00-08:00,76.57541899441341,179
2025-02-25 12:00:00-08:00,73.05921787709498,179
2025-02-25 13:00:00-08:00,71.27541899441341,179
2025-02-25 14:00:00-08:00,70.72415730337079,178
2025-02-25 15:00:00-08:00,72.17329545454545,176
2025-02-25 16:00:00-08:00,70.41306818181818,176
2025-02-25 17:00:00-08:00,68.94602272727273,176
2025-02-25 18:00:00-08:00,68.90621468926554,177
2025-02-25 19:00:00-08:00,69.8265536723164,177
2025-02-25 20:00:00-08:00,71.17401129943502,177
2025-02-25 21:00:00-08:00,73.1145251396648,179
2025-02-25 22:00:00-08:00,77.12402234636872,179
2025-02-25 23:00:00-08:00,77.40055865921786,179
2025-02-26 00:00:00-08:00,77.59385474860335,179
2025-02-26 01:00:00-08:00,79.45754189944134,179
2025-02-26 02:00:00-08:00,82.9927374301676,179
2025-02-26 03:00:00-08:00,84.54943820224719,178
2025-02-26 04:00:00-08:00,80.10168539325844,178
2025-02-26 05:00:00-08:00,78.76222222222222,180
2025-02-26 06:00:00-08:00,79.62067039106145,179
2025-02-26 07:00:00-08:00,81.03463687150838,179
2025-02-26 08:00:00-08:00,81.47988826815643,179
2025-02-26 09:00:00-08:00,83.25921787709497,179
2025-02-26 10:00:00-08:00,92.58826815642458,179
2025-02-26 11:00:00-08:00,93.3905027932961,179
2025-02-26 12:00:00-08:00,90.53687150837989,179
2025-02-26 13:00:00-08:00,88.94525139664803,179
2025-02-26 14:00:00-08:00,83.2608938547486,179
2025-02-26 15:00:00-08:00,77.66815642458101,179
2025-02-26 16:00:00-08:00,74.9782122905028,179
2025-02-26 17:00:00-08:00,74.36145251396647,179
2025-02-26 18:00:00-08:00,76.3050279329609,179
2025-02-26 19:00:00-08:00,77.36312849162012,179
2025-02-26 20:00:00-08:00,76.94022346368715,179
2025-02-26 21:00:00-08:00,77.47150837988826,179
2025-02-26 22:00:00-08:00,79.32737430167597,179
2025-02-26 23:00:00-08:00,80.08100558659218,179
2025-02-27 00:00:00-08:00,74.5854748603352,179
2025-02-27 01:00:00-08:00,73.33296089385475,179
2025-02-27 02:00:00-08:00,73.0296089385475,179
2025-02-27 03:00:00-08:00,73.83687150837989,179
2025-02-27 04:00:00-08:00,74.66927374301676,179
2025-02-27 05:00:00-08:00,74.40777777777778,180
2025-02-27 06:00:00-08:00,75.64833333333334,180
2025-02-27 07:00:00-08:00,77.8877094972067,179
2025-02-27 08:00:00-08:00,71.05499999999999,180
2025-02-27 09:00:00-08:00,51.55307262569833,179
2025-02-27 10:00:00-08:00,48.54971751412429,177
2025-02-27 11:00:00-08:00,44.35762711864406,177
2025-02-27 12:00:00-08:00,58.95505617977528,178
2025-02-27 13:00:00-08:00,60.68370786516854,178
2025-02-27 14:00:00-08:00,63.09775280898876,178
2025-02-27 15:00:00-08:00,63.3,178
2025-02-27 16:00:00-08:00,48.318079096045196,177
2025-02-27 17:00:00-08:00,65.14078212290504,179
2025-02-27 18:00:00-08:00,67.93370786516854,178
2025-02-27 19:00:00-08:00,66.48258426966292,178
2025-02-27 20:00:00-08:00,68.91910112359551,178
2025-02-27 21:00:00-08:00,71.27134831460674,178
2025-02-27 22:00:00-08:00,66.29775280898876,178
2025-02-27 23:00:00-08:00,65.83988764044943,178
2025-02-28 00:00:00-08:00,66.69661016949154,177
2025-02-28 01:00:00-08:00,67.77670454545454,176
2025-02-28 02:00:00-08:00,66.90395480225989,177
2025-02-28 03:00:00-08:00,66.89604519774012,177
2025-02-28 04:00:00-08:00,66.69269662921347,178
2025-02-28 05:00:00-08:00,67.34406779661016,177
2025-02-28 06:00:00-08:00,68.19943181818181,176
2025-02-28 07:00:00-08:00,68.06079545454546,176
2025-02-28 08:00:00-08:00,67.04802259887006,177
2025-02-28 09:00:00-08:00,64.33072625698324,179
2025-02-28 10:00:00-08:00,64.78370786516854,178
2025-02-28 11:00:00-08:00,66.24581005586592,179
2025-02-28 12:00:00-08:00,66.95027932960895,179
2025-02-28 13:00:00-08:00,66.1441340782123,179
2025-02-28 14:00:00-08:00,63.376666666666665,180
2025-02-28 15:00:00-08:00,62.69111111111111,180
2025-02-28 16:00:00-08:00,62.40222222222222,180
2025-02-28 17:00:00-08:00,64.16666666666667,180
2025-02-28 18:00:00-08:00,77.22762430939227,181
2025-02-28 19:00:00-08:00,98.2696132596685,181
2025-02-28 20:00:00-08:00,97.83149171270718,181
2025-02-28 21:00:00-08:00,91.2353591160221,181
2025-02-28 22:00:00-08:00,86.1232044198895,181
2025-02-28 23:00:00-08:00,87.25414364640883,181
