date,daily_mean,n_obs,fire
2025-01-01,32.729166666666664,24,False
2025-01-02,20.537499999999998,24,False
2025-01-03,25.599999999999998,24,False
2025-01-04,29.945833333333336,24,False
2025-01-05,12.716666666666667,24,False
2025-01-06,8.704166666666667,24,False
2025-01-07,18.770833333333332,24,True
2025-01-08,92.92608695652174,23,True
2025-01-09,74.20833333333333,24,True
2025-01-10,34.324999999999996,24,True
2025-01-11,27.229166666666668,24,True
2025-01-12,11.566666666666668,24,True
2025-01-13,10.158333333333333,24,True
2025-01-14,9.458333333333334,24,True
2025-01-15,10.008333333333333,24,True
2025-01-16,9.495833333333334,24,True
2025-01-17,12.1,24,True
2025-01-18,19.208333333333332,24,True
2025-01-19,19.25,24,True
2025-01-20,14.6625,24,True
2025-01-21,9.091666666666667,24,True
2025-01-22,10.0,20,True
2025-01-23,11.545833333333334,24,True
2025-01-24,8.141666666666667,24,True
2025-01-25,13.608333333333334,24,True
2025-01-26,5.833333333333333,24,True
2025-01-27,6.945833333333333,24,True
2025-01-28,11.2125,24,True
2025-01-29,12.049999999999999,24,True
2025-01-30,14.700000000000001,24,True
2025-01-31,15.779166666666667,24,True
2025-02-01,17.958333333333332,24,False
2025-02-02,31.349999999999998,24,False
2025-02-03,21.854166666666668,24,False
2025-02-04,8.333333333333334,24,False
2025-02-05,5.820833333333333,24,False
2025-02-06,6.829166666666667,24,False
2025-02-07,3.8125,24,False
2025-02-08,10.137500000000001,24,False
2025-02-09,10.091666666666667,24,False
2025-02-10,10.008333333333333,24,False
2025-02-11,7.816666666666666,24,False
2025-02-12,5.929166666666667,24,False
2025-02-13,4.070833333333334,24,False
2025-02-14,7.895833333333333,24,False
2025-02-15,10.058333333333334,24,False
2025-02-16,9.629166666666666,24,False
2025-02-17,13.862499999999999,24,False
2025-02-18,12.041666666666666,24,False
2025-02-19,17.804166666666667,24,False
2025-02-20,16.404761904761905,21,False
2025-02-21,12.5875,24,False
2025-02-22,10.13846153846154,13,False
2025-02-26,27.866666666666664,12,False
2025-02-27,9.991666666666667,24,False
2025-02-28,9.158333333333333,24,False
2025-03-01,9.729166666666666,24,False
2025-03-02,7.558333333333334,24,False
2025-03-03,6.3,24,False
2025-03-04,8.833333333333334,24,False
2025-03-05,10.645833333333334,24,False
2025-03-06,4.3,24,False
2025-03-07,7.0375000000000005,24,False
2025-03-08,10.862499999999999,24,False
2025-03-09,12.170833333333334,24,False
2025-03-10,9.608333333333333,24,False
2025-03-11,6.054166666666667,24,False
2025-03-12,4.904166666666667,24,False
2025-03-13,3.408333333333333,24,False
2025-03-14,5.180952380952381,21,False
2025-03-15,9.700000000000001,24,False
2025-03-16,12.450000000000001,24,False
2025-03-17,13.295833333333334,24,False
2025-03-18,5.8875,24,False
2025-03-19,6.233333333333333,24,False
2025-03-20,10.504166666666666,24,False
2025-03-21,11.862499999999999,24,False
2025-03-22,15.416666666666666,24,False
2025-03-23,15.804166666666667,24,False
2025-03-24,14.700000000000001,24,False
2025-03-25,12.904166666666667,24,False
2025-03-26,9.295833333333333,24,False
2025-03-27,5.470833333333334,24,False
2025-03-28,8.4625,24,False
2025-03-29,9.387500000000001,24,False
2025-03-30,6.345833333333334,24,False
2025-03-31,4.920833333333333,24,False
2025-04-01,5.608333333333333,24,False
2025-04-02,5.179166666666666,24,False
2025-04-03,8.591666666666667,24,False
2025-04-04,8.604166666666666,24,False
2025-04-05,8.258333333333333,24,False
2025-04-06,9.308333333333334,24,False
2025-04-07,11.108333333333334,24,False
2025-04-08,13.195833333333333,24,False
2025-04-09,16.650000000000002,24,False
2025-04-10,18.808333333333334,24,False
2025-04-11,16.495454545454546,22,False
2025-04-12,19.229166666666668,24,False
2025-04-13,15.970833333333333,24,False
2025-04-14,16.304166666666667,24,False
2025-04-15,13.045833333333334,24,False
2025-04-16,8.19047619047619,21,False
2025-04-17,6.391666666666667,24,False
2025-04-18,6.0125,8,False
2025-04-22,12.758333333333333,12,False
2025-04-23,11.775,24,False
2025-04-24,10.608333333333333,24,False
2025-04-25,8.345833333333333,24,False
2025-04-26,3.5416666666666665,24,False
2025-04-27,5.054166666666666,24,False
2025-04-28,9.75,24,False
2025-04-29,11.875,24,False
2025-04-30,13.495833333333332,24,False
2025-05-01,10.866666666666667,24,False
2025-05-02,10.8375,24,False
2025-05-03,9.3125,24,False
2025-05-04,10.141666666666667,24,False
2025-05-05,10.65,24,False
2025-05-06,10.25,24,False
2025-05-07,11.15,24,False
2025-05-08,15.341666666666667,24,False
2025-05-09,16.6375,24,False
2025-05-10,16.875,24,False
2025-05-11,18.620833333333334,24,False
2025-05-12,11.795833333333334,24,False
2025-05-13,8.404166666666667,24,False
2025-05-14,11.366666666666667,24,False
2025-05-15,14.683333333333332,24,False
2025-05-16,14.866666666666667,24,False
2025-05-17,8.829166666666667,24,False
2025-05-18,8.299999999999999,24,False
2025-05-19,14.0625,24,False
2025-05-20,18.89166666666667,24,False
2025-05-21,16.925,24,False
2025-05-22,18.591666666666665,24,False
2025-05-23,19.061904761904763,21,False
2025-05-24,12.841666666666667,24,False
2025-05-25,11.766666666666666,24,False
2025-05-26,14.7125,24,False
2025-05-27,12.775,24,False
2025-05-28,11.799999999999999,24,False
2025-05-29,12.225,24,False
2025-05-30,13.491666666666667,24,False
2025-05-31,19.925,24,False
2025-06-01,12.741666666666667,24,False
2025-06-02,10.045833333333333,24,False
2025-06-03,11.308333333333332,24,False
2025-06-04,11.079166666666666,24,False
2025-06-05,10.170833333333333,24,False
2025-06-06,11.545833333333334,24,False
2025-06-07,10.862499999999999,24,False
2025-06-08,13.1875,24,False
2025-06-09,16.516666666666666,24,False
2025-06-10,16.683333333333334,24,False
2025-06-11,18.641666666666666,24,False
2025-06-12,14.933333333333332,24,False
2025-06-13,16.845833333333335,24,False
2025-06-14,18.733333333333334,24,False
2025-06-15,18.416666666666668,24,False
2025-06-16,19.479166666666668,24,False
2025-06-17,19.423809523809524,21,False
2025-06-18,20.412499999999998,24,False
2025-06-19,16.554166666666667,24,False
2025-06-20,18.385714285714283,7,False
2025-06-24,8.041666666666666,12,False
2025-06-25,11.125,24,False
2025-06-26,13.858333333333334,24,False
2025-06-27,15.708333333333334,24,False
2025-06-28,14.820833333333333,24,False
2025-06-29,9.904166666666667,24,False
2025-06-30,8.183333333333334,24,False
2025-07-01,8.924999999999999,24,False
2025-07-02,11.195833333333333,24,False
2025-07-03,8.141666666666667,24,False
2025-07-04,33.15833333333333,24,False
2025-07-05,83.32916666666667,24,False
2025-07-06,12.883333333333333,24,False
2025-07-07,12.091666666666667,24,False
2025-07-08,9.891666666666667,24,False
2025-07-09,8.604166666666666,24,False
2025-07-10,11.475,24,False
2025-07-11,12.25,24,False
2025-07-12,11.329166666666666,24,False
2025-07-13,10.775,24,False
2025-07-14,10.083333333333334,24,False
2025-07-15,6.691666666666666,24,False
2025-07-16,4.2375,24,False
2025-07-17,4.204166666666667,24,False
2025-07-18,3.9904761904761905,21,False
2025-07-19,7.8125,24,False
2025-07-20,8.308333333333334,24,False
2025-07-21,6.6125,24,False
2025-07-22,4.604166666666667,24,False
2025-07-23,7.658333333333334,24,False
2025-07-24,6.125,24,False
2025-07-25,5.104166666666667,24,False
2025-07-26,5.216666666666667,24,False
2025-07-27,5.4750000000000005,24,False
2025-07-28,8.266666666666667,24,False
2025-07-29,10.616666666666667,24,False
2025-07-30,11.841666666666667,24,False
2025-07-31,10.8125,24,False
2025-08-01,10.229166666666666,24,False
2025-08-02,15.116666666666667,24,False
2025-08-03,12.4375,24,False
2025-08-04,17.537499999999998,24,False
2025-08-05,18.5625,24,False
2025-08-06,19.529166666666665,24,False
2025-08-07,15.658333333333333,24,False
2025-08-08,12.866666666666667,24,False
2025-08-09,12.987499999999999,24,False
2025-08-10,12.383333333333333,24,False
2025-08-11,13.191666666666668,24,False
2025-08-12,12.299999999999999,24,False
2025-08-13,13.941666666666668,24,False
2025-08-14,14.883333333333333,24,False
2025-08-15,10.170833333333333,24,False
2025-08-16,7.029166666666666,24,False
2025-08-17,10.133333333333333,24,False
2025-08-18,10.200000000000001,24,False
2025-08-19,11.762500000000001,24,False
2025-08-20,11.366666666666667,24,False
2025-08-21,13.814285714285715,21,False
2025-08-22,14.666666666666666,24,False
2025-08-23,15.716666666666667,24,False
2025-08-24,9.762500000000001,24,False
2025-08-25,11.283333333333333,24,False
2025-08-26,11.525,24,False
2025-08-27,10.058333333333334,24,False
2025-08-28,9.841666666666667,24,False
2025-08-29,10.270833333333334,24,False
2025-08-30,9.495833333333334,24,False
2025-08-31,10.299999999999999,24,False
2025-09-01,10.166666666666666,24,False
2025-09-02,12.370833333333332,24,False
2025-09-03,11.225,24,False
2025-09-04,9.85,24,False
2025-09-05,11.404166666666667,24,False
2025-09-06,13.4625,24,False
2025-09-07,11.770833333333334,24,False
2025-09-08,7.895833333333333,24,False
2025-09-09,5.1375,24,False
2025-09-10,4.2875000000000005,24,False
2025-09-11,4.858333333333333,24,False
2025-09-12,6.354545454545455,22,False
2025-09-13,9.129166666666666,24,False
2025-09-14,12.549999999999999,24,False
2025-09-15,18.2625,24,False
2025-09-16,12.35,24,False
2025-09-17,7.695833333333333,24,False
2025-09-18,8.666666666666666,24,False
2025-09-19,6.2875000000000005,24,False
2025-09-20,7.629166666666666,24,False
2025-09-21,11.924999999999999,24,False
2025-09-22,9.216666666666667,24,False
2025-09-23,8.266666666666667,24,False
2025-09-24,8.5625,24,False
2025-09-25,9.512500000000001,24,False
2025-09-26,5.294444444444444,18,False
2025-09-27,6.766666666666667,24,False
2025-09-28,5.870833333333334,24,False
2025-09-29,6.579166666666667,24,False
2025-09-30,10.308333333333334,24,False
