timestamp,avg_pm25
2025-01-01,32.729166666666664
2025-01-02,20.537499999999998
2025-01-03,25.599999999999998
2025-01-04,29.945833333333336
2025-01-05,12.716666666666667
2025-01-06,8.704166666666667
2025-01-07,18.770833333333332
2025-01-08,92.92608695652174
2025-01-09,74.20833333333333
2025-01-10,34.324999999999996
2025-01-11,27.229166666666668
2025-01-12,11.566666666666668
2025-01-13,10.158333333333333
2025-01-14,9.458333333333334
2025-01-15,10.008333333333333
2025-01-16,9.495833333333334
2025-01-17,12.1
2025-01-18,19.208333333333332
2025-01-19,19.25
2025-01-20,14.6625
2025-01-21,9.091666666666667
2025-01-22,10.0
2025-01-23,11.545833333333334
2025-01-24,8.141666666666667
2025-01-25,13.608333333333334
2025-01-26,5.833333333333333
2025-01-27,6.945833333333333
2025-01-28,11.2125
2025-01-29,12.049999999999999
2025-01-30,14.700000000000001
2025-01-31,15.779166666666667
2025-02-01,17.958333333333332
2025-02-02,31.349999999999998
2025-02-03,21.854166666666668
2025-02-04,8.333333333333334
2025-02-05,5.820833333333333
2025-02-06,6.829166666666667
2025-02-07,3.8125
2025-02-08,10.137500000000001
2025-02-09,10.091666666666667
2025-02-10,10.008333333333333
2025-02-11,7.816666666666666
2025-02-12,5.929166666666667
2025-02-13,4.070833333333334
2025-02-14,7.895833333333333
2025-02-15,10.058333333333334
2025-02-16,9.629166666666666
2025-02-17,13.862499999999999
2025-02-18,12.041666666666666
2025-02-19,17.804166666666667
2025-02-20,16.404761904761905
2025-02-21,12.5875
2025-02-22,10.13846153846154
2025-02-23,
2025-02-24,
2025-02-25,
2025-02-26,27.866666666666664
2025-02-27,9.991666666666667
2025-02-28,9.158333333333333
