GEOID,NAME,population,centroid_lat,centroid_lon,x_km,y_km
6037204920,2049.2,2274,34.01750046,-118.1974977,2.707256164,-5.458507327
6037205110,2051.1,3501,34.0245056,-118.2142976,1.159282322,-4.679571613
6037205120,2051.2,3252,34.01875412,-118.2117952,1.389891642,-5.319107169
6037206010,2060.1,3392,34.06882179,-118.2312219,-0.399936074,0.248163398
6037206020,2060.2,7629,34.05754604,-118.2317385,-0.447554342,-1.005642294
6037206050,2060.5,2340,34.03151163,-118.2228865,0.367930314,-3.900536642
6037111402,1114.02,5888,34.26117247,-118.4957406,-24.73693226,21.63658379
6037111303,1113.03,4424,34.26120779,-118.5128461,-26.31074818,21.64051106
6037104321,1043.21,2749,34.27165824,-118.418084,-17.59092377,22.8025475
6037104322,1043.22,1778,34.27423953,-118.4218754,-17.93946615,23.08957416
6037108203,1082.03,3074,34.29308316,-118.5616551,-30.79568225,25.1848902
6037231901,2319.01,2820,33.99830261,-118.2761378,-4.539082124,-7.593210994
6037132301,1323.01,3604,34.19925708,-118.5273422,-27.65462417,14.751906
6037232402,2324.02,3155,33.99853507,-118.313573,-7.988709049,-7.567363083
6037135204,1352.04,4915,34.18909029,-118.6495411,-38.90418586,13.621411
6037132302,1323.02,2904,34.19567585,-118.5273085,-27.65210995,14.35369125
6037135115,1351.15,4309,34.1846822,-118.6101489,-35.27921023,13.13125401
6037134907,1349.07,4209,34.19099145,-118.5939054,-33.78276835,13.83280979
6037195100,1951,4871,34.10082486,-118.2668194,-3.67817307,3.806742556
6037119003,1190.03,3417,34.25036778,-118.4328305,-18.95000321,20.43515666
6037111401,1114.01,2287,34.25392922,-118.4966911,-24.82545529,20.83117116
6037103401,1034.01,2522,34.25396885,-118.3183852,-8.419440587,20.83557777
6037207400,2074,2598,34.05577411,-118.2455903,-1.723563676,-1.202672365
6037192410,1924.1,4334,34.07985774,-118.3181007,-8.40190507,1.475304875
6037192510,1925.1,4005,34.07986886,-118.3068561,-7.366219338,1.476541544
6037192520,1925.2,4836,34.07992587,-118.3024983,-6.964842812,1.482881571
6037192610,1926.1,4070,34.081365,-118.2961541,-6.380448751,1.642904738
6037192700,1927,3018,34.08001342,-118.2881064,-5.639266515,1.492615922
6037194500,1945,2120,34.07817525,-118.3695959,-13.14501565,1.288220948
6037195300,1953,2990,34.09925063,-118.2836897,-5.231868186,3.631696586
6037275604,2756.04,9869,33.97579292,-118.4154902,-17.38264713,-10.09617516
6037137501,1375.01,5304,34.16493437,-118.5768033,-32.21357096,10.93539513
6037137502,1375.02,4580,34.16345185,-118.5976927,-34.13693273,10.77054625
6037195500,1955,5111,34.08818651,-118.2646122,-3.475158094,2.401422548
6037195600,1956,2868,34.08082537,-118.265548,-3.561509156,1.582900428
6037195710,1957.1,3971,34.07472928,-118.2686026,-3.842985506,0.905046147
6037195720,1957.2,1745,34.07375698,-118.2633768,-3.361664387,0.796931808
6037195802,1958.02,2864,34.0756707,-118.2776967,-4.680599907,1.009728039
6037137504,1375.04,1858,34.14803918,-118.5720595,-31.78003359,9.056735433
6037138000,1380,4499,34.14880094,-118.5910497,-33.52828206,9.141439198
6037139200,1392,5616,34.17569623,-118.524645,-27.41018694,12.13205915
6037143200,1432,4367,34.14944001,-118.3720622,-13.36654904,9.2125008
6037201301,2013.01,3215,34.0882425,-118.1878397,3.595638124,2.407648378
6037201302,2013.02,4108,34.09788189,-118.1838811,3.960006615,3.47949995
6037201401,2014.01,4131,34.08021136,-118.1848248,3.873493802,1.514625699
6037201402,2014.02,4143,34.06891071,-118.1877682,3.602637078,0.25805105
6037236001,2360.01,4362,34.01575185,-118.3645277,-12.68287089,-5.652944819
6037236102,2361.02,3638,34.00997826,-118.3409811,-10.51364508,-6.294938554
6037234301,2343.01,1984,34.00780964,-118.3313554,-9.626822909,-6.536078146
6037231601,2316.01,2299,34.00727017,-118.3023603,-6.955108939,-6.596063798
6037231603,2316.03,3067,34.00727803,-118.2937139,-6.158387878,-6.595190513
6037234001,2340.01,2522,34.01260578,-118.3235444,-8.906827655,-6.002771524
6037236205,2362.05,2979,34.01542638,-118.3522239,-11.54921576,-5.689135054
6037206051,2060.51,1751,34.02748561,-118.2324692,-0.514952247,-4.348209948
6037231301,2313.01,2920,34.01535481,-118.3020814,-6.929081504,-5.697093247
6037231302,2313.02,2933,34.01405325,-118.3058947,-7.280488151,-5.841820593
6037271804,2718.04,2402,34.02016893,-118.4138654,-17.22840129,-5.161787385
6037276608,2766.08,1819,33.95771533,-118.4293498,-18.66196138,-12.1063105
6037275312,2753.12,1795,33.9802684,-118.4329321,-18.98962615,-9.598524123
6037276102,2761.02,3429,33.97618631,-118.3703575,-13.22310515,-10.05243146
6037275605,2756.05,2915,33.97863308,-118.4207795,-17.86982184,-9.780363303
6037276101,2761.01,3441,33.97534574,-118.3783742,-13.96201107,-10.14589905
6037139301,1393.01,4067,34.17815359,-118.5581267,-30.49184366,12.40530548
6037139302,1393.02,5394,34.17672307,-118.5383655,-28.67303508,12.24623906
6037139502,1395.02,3336,34.16284027,-118.5263111,-27.56565886,10.70254116
6037139600,1396,5047,34.16405998,-118.5101,-26.07307173,10.83816748
6037139701,1397.01,5166,34.15734279,-118.4957193,-24.75017449,10.09124966
6037139801,1398.01,3631,34.15271732,-118.5455829,-29.34157596,9.576920964
6037181600,1816,4251,34.12972353,-118.2097412,1.578105128,7.02012803
6037143500,1435,5377,34.1477569,-118.4070886,-16.59149612,9.025347115
6037181000,1810,5831,34.14399091,-118.2028195,2.215254873,8.606588684
6037181500,1815,3846,34.13478105,-118.1928519,3.133149548,7.582498814
6037185310,1853.1,2908,34.09220276,-118.2226252,0.391863393,2.848008994
6037183101,1831.01,3247,34.12250685,-118.1817865,4.152302218,6.217670528
6037183220,1832.2,2956,34.11997225,-118.1892862,3.461762475,5.935835926
6037183300,1833,2812,34.12100011,-118.2008162,2.400028072,6.050128434
6037183510,1835.1,2377,34.11540217,-118.2030826,2.191405621,5.427665992
6037183520,1835.2,3649,34.11094131,-118.2015852,2.329355227,4.93164063
6037183610,1836.1,2694,34.1140023,-118.1948969,2.945217095,5.272007299
6037192300,1923,2606,34.07974308,-118.3284924,-9.359041895,1.462555264
6037195400,1954,4306,34.09169249,-118.2740536,-4.344631968,2.791269939
6037183820,1838.2,3707,34.10395956,-118.1971265,2.740060346,4.155305049
6037185202,1852.02,4198,34.09505999,-118.2170634,0.904077515,3.165718174
6037185320,1853.2,2692,34.08868267,-118.2248084,0.190796553,2.45659277
6037186401,1864.01,2555,34.11749041,-118.2455174,-1.716223286,5.659867722
6037197200,1972,3505,34.0903954,-118.2344917,-0.701030126,2.647039173
6037197300,1973,3792,34.08113762,-118.252047,-2.317999128,1.617621076
6037197410,1974.1,4014,34.09291468,-118.250437,-2.169551557,2.927170965
6037242202,2422.02,2642,33.94655962,-118.2404239,-1.248440868,-13.34676977
6037197420,1974.2,3445,34.08319979,-118.2571846,-2.791158782,1.846924463
6037197500,1975,3790,34.07295308,-118.2576911,-2.837976367,0.707541711
6037197600,1976,2352,34.06833121,-118.2519854,-2.312499266,0.193613805
6037197700,1977,4690,34.06854368,-118.2457759,-1.740529676,0.217239345
6037199110,1991.1,2335,34.07936072,-118.1974039,2.714907976,1.42003951
6037187102,1871.02,4615,34.10370616,-118.2431924,-1.502250051,4.127128197
6037187200,1872,2872,34.10321922,-118.2472403,-1.875034827,4.072983554
6037187300,1873,3681,34.1016128,-118.2567242,-2.74845763,3.894357259
6037236400,2364,4432,34.00670001,-118.3512612,-11.46110445,-6.659463284
6037237500,2375,2631,33.97830187,-118.2893079,-5.75337717,-9.817192553
6037213201,2132.01,4086,34.05265566,-118.3045295,-7.153072034,-1.549428423
6037213202,2132.02,3540,34.04902934,-118.3045033,-7.150813999,-1.952656634
6037128302,1283.02,4159,34.18386383,-118.460537,-21.50781311,13.04025537
6037134306,1343.06,3560,34.21191469,-118.601702,-34.49613796,16.15936857
6037119320,1193.2,4160,34.2389173,-118.45361,-20.86339611,19.161922
6037294520,2945.2,3493,33.78683214,-118.2658189,-3.592671251,-31.10765475
6037243001,2430.01,3501,33.93986288,-118.2362448,-0.863257353,-14.09141287
6037242201,2422.01,3869,33.95073658,-118.2379623,-1.021516726,-12.88231299
6037131021,1310.21,3202,34.21775152,-118.5404189,-28.85505021,16.80839453
6037113238,1132.38,4171,34.22388542,-118.6016643,-34.49021975,17.49045275
6037113428,1134.28,4137,34.22414602,-118.5787222,-32.37888395,17.51943054
6037113423,1134.23,2739,34.22424252,-118.5666813,-31.27077993,17.53016062
6037134906,1349.06,2888,34.19250289,-118.589932,-33.41673799,14.00087491
6037119801,1198.01,2601,34.23535699,-118.4316373,-18.84189506,18.76603354
6037119004,1190.04,2708,34.24140887,-118.423342,-18.07790307,19.4389714
6037101222,1012.22,2290,34.25135193,-118.2885261,-5.672174636,20.54458891
6037103201,1032.01,4275,34.26564468,-118.3236266,-8.901087419,22.13387008
6037213310,2133.1,2660,34.05087443,-118.297892,-6.54169331,-1.747491296
6037213320,2133.2,2341,34.05088291,-118.2936994,-6.155469993,-1.746548191
6037214700,2147,2677,34.06649692,-118.366153,-12.82878671,-0.010349647
6037213401,2134.01,4457,34.05370693,-118.2879025,-5.621363472,-1.432532558
6037214800,2148,2985,34.07138907,-118.3730525,-13.46392495,0.533631715
6037216100,2161,2179,34.05692537,-118.3379713,-10.23347871,-1.074657866
6037216700,2167,3519,34.04824513,-118.3719491,-13.36412022,-2.039856055
6037980031,9800.31,972,33.7355999,-118.2628269,-3.317614045,-36.80441972
6037980028,9800.28,0,33.93981489,-118.4135377,-17.20634929,-14.09674906
6037980022,9800.22,0,34.29869884,-118.4851749,-23.75954022,25.809325
6037214000,2140,3736,34.07485362,-118.3485023,-11.20237867,0.918872536
6037980023,9800.23,63,34.23224735,-118.6299947,-37.09554526,18.42025678
6037213402,2134.02,4335,34.04984074,-118.287889,-5.620239972,-1.862432906
6037214100,2141,4138,34.074664,-118.3392738,-10.35237466,0.89778744
6037214400,2144,2981,34.07816671,-118.357328,-12.01506033,1.287271572
6037216800,2168,3402,34.05578412,-118.3706045,-13.23965599,-1.201559414
6037217200,2172,3809,34.0495841,-118.3424597,-10.6473924,-1.890969273
6037276605,2766.05,2452,33.95647189,-118.434836,-19.16777273,-12.24457566
6037276607,2766.07,2709,33.95675101,-118.4214685,-17.93563173,-12.21353847
6037218110,2181.1,3153,34.04432528,-118.3275526,-9.274415743,-2.475723661
6037218210,2182.1,4113,34.04279081,-118.3423058,-10.63364689,-2.64634936
6037131023,1310.23,2615,34.20472134,-118.5399873,-28.81755307,15.3595047
6037218220,2182.2,3811,34.04340133,-118.3348924,-9.950646735,-2.578462311
6037218300,2183,4547,34.04228196,-118.354901,-11.7940164,-2.702930176
6037131801,1318.01,3127,34.2047131,-118.531679,-28.05287274,15.35858851
6037240301,2403.01,2961,33.95640628,-118.2838038,-5.24679283,-12.2518706
6037240302,2403.02,2969,33.95641431,-118.2892803,-5.751575574,-12.2509776
6037218900,2189,5397,34.03269421,-118.3230174,-8.857218608,-3.769040007
6037218400,2184,4144,34.03692792,-118.3592345,-12.19362571,-3.298272328
6037218500,2185,2669,34.03738567,-118.3505693,-11.39528721,-3.247372777
6037218600,2186,2871,34.03718362,-118.3427428,-10.67425442,-3.269839832
6037219020,2190.2,4190,34.02220834,-118.322673,-8.826033255,-4.935015617
6037218800,2188,2684,34.03777986,-118.32301,-8.856270275,-3.203541236
6037271702,2717.02,4664,34.02560649,-118.4260457,-18.35007136,-4.557158162
6037224410,2244.1,2731,34.03513725,-118.2799804,-4.892112801,-3.497386544
6037267404,2674.04,3336,34.04563166,-118.4605341,-21.52511591,-2.330460935
6037267300,2673,4339,34.04520405,-118.4496923,-20.52637274,-2.378009086
6037209401,2094.01,4391,34.05672062,-118.2815228,-5.03357588,-1.097425382
6037232701,2327.01,2288,33.99219978,-118.2892962,-5.751827312,-8.271815408
6037232702,2327.02,4529,33.99243603,-118.2837486,-5.240601294,-8.245545246
6037232602,2326.02,5364,33.99208439,-118.2958364,-6.354538071,-8.284645868
6037232601,2326.01,1846,33.9921082,-118.3023516,-6.954926648,-8.281998729
6037273403,2734.03,1398,33.99110781,-118.4793092,-23.26222441,-8.393236243
6037219500,2195,1941,34.02091916,-118.3405651,-10.47463735,-5.07836577
6037219800,2198,3254,34.02993908,-118.3547601,-11.78189729,-4.075396493
6037220000,2200,5308,34.02784053,-118.3401923,-10.43985501,-4.308744105
6037220100,2201,2386,34.02384945,-118.3667051,-12.88288127,-4.752532229
6037221120,2211.2,2924,34.04209994,-118.2878967,-5.621206578,-2.723170598
6037221210,2212.1,2829,34.04366248,-118.3028633,-6.999956054,-2.549423714
6037221220,2212.2,3081,34.04357361,-118.2960212,-6.369632134,-2.559306285
6037232300,2323,4595,33.99742299,-118.2981848,-6.570739307,-7.691020084
6037232500,2325,4870,33.99208341,-118.3108166,-7.735005473,-8.284754834
6037232800,2328,3754,33.9923977,-118.2771875,-4.635974334,-8.249807211
6037234200,2342,2381,34.01640746,-118.3311523,-9.607624132,-5.580044073
6037232401,2324.01,3879,34.00019256,-118.3082228,-7.495618304,-7.383058507
6037240600,2406,4939,33.94694503,-118.2684059,-3.82774795,-13.30391341
6037239310,2393.1,3737,33.97852923,-118.2773066,-4.647329114,-9.79191091
6037273404,2734.04,1571,33.99499037,-118.477697,-23.11311973,-7.96151616
6037236101,2361.01,2596,34.01473433,-118.3396087,-10.38689682,-5.76608783
6037231902,2319.02,2877,34.00088118,-118.2782512,-4.733762461,-7.306487252
6037234302,2343.02,2587,34.00678521,-118.32581,-9.115894462,-6.649989781
6037231602,2316.02,1874,34.00727201,-118.2980336,-6.556429512,-6.595859554
6037234002,2340.02,2736,34.01146482,-118.3190193,-8.489932261,-6.129639924
6037236206,2362.06,2665,34.01807117,-118.3535972,-11.67557392,-5.395047424
6037265701,2657.01,1692,34.06273534,-118.4220873,-17.98143425,-0.42861846
6037216301,2163.01,1448,34.06111277,-118.3681213,-13.01050487,-0.60903981
6037265204,2652.04,1505,34.06165065,-118.4446073,-20.05598235,-0.549230117
6037265203,2652.03,2056,34.06211327,-118.4382513,-19.47044322,-0.497789452
6037207711,2077.11,3495,34.04635071,-118.2647778,-3.49127704,-2.250506543
6037209202,2092.02,1312,34.05547149,-118.2599944,-3.050449024,-1.23632144
6037113239,1132.39,1993,34.23199045,-118.6004948,-34.38094417,18.3916912
6037113427,1134.27,2402,34.22569488,-118.5886416,-33.2914297,17.69165516
6037226702,2267.02,3749,34.01708261,-118.259681,-3.022262424,-5.504970645
6037143402,1434.02,1987,34.15399047,-118.4008455,-16.01611477,9.71848938
6037141305,1413.05,3127,34.15630689,-118.4629614,-21.73451211,9.976062964
6037128703,1287.03,3429,34.16020769,-118.4442119,-20.00790815,10.40981271
6037297002,2970.02,4267,33.73259639,-118.3049775,-7.207901221,-37.13839466
6037297001,2970.01,1522,33.73362354,-118.3123899,-7.891969914,-37.02418082
6037276601,2766.01,4055,33.96418906,-118.4335139,-19.04504397,-11.38646458
6037277000,2770,5711,33.9713679,-118.4003335,-15.98619832,-10.58821396
6037271600,2716,5608,34.02121441,-118.4310528,-18.81188874,-5.045535683
6037267503,2675.03,2326,34.04248584,-118.4542299,-20.94473591,-2.680260354
6037135116,1351.16,1536,34.18828825,-118.6016171,-34.49314435,13.53222829
6037137202,1372.02,3293,34.1745779,-118.6102568,-35.29125736,12.00770637
6037276606,2766.06,3310,33.95513453,-118.4383261,-19.48962054,-12.39328282
6037269908,2699.08,1868,34.02968664,-118.4132097,-17.16702522,-4.103466545
6037206303,2063.03,2137,34.04014683,-118.2415819,-1.3544405,-2.940345852
6037267406,2674.06,1984,34.04342104,-118.4638735,-21.83303167,-2.576270956
6037206053,2060.53,3066,34.04503261,-118.224386,0.229759651,-2.397071937
6037292002,2920.02,1882,33.83873058,-118.3031274,-7.032764711,-25.33681188
6037128704,1287.04,2564,34.16020005,-118.4355987,-19.21496551,10.40896273
6037141306,1413.06,3291,34.1506057,-118.4628541,-21.72537121,9.342119413
6037293204,2932.04,4230,33.82997108,-118.3025148,-6.976619993,-26.31082342
6037139506,1395.06,3196,34.16802173,-118.525775,-27.51546235,11.27869396
6037275313,2753.13,3470,33.98541787,-118.4323441,-18.93485792,-9.025929325
6037293206,2932.06,2463,33.82353778,-118.3035577,-7.073080703,-27.02617415
6037297502,2975.02,2426,33.715629,-118.2964912,-6.425305233,-39.02508221
6037261104,2611.04,1503,34.11053551,-118.4074691,-16.63018862,4.886517514
6037293203,2932.03,2996,33.83234447,-118.3064874,-7.342950539,-26.04691422
6037113323,1133.23,3416,34.25355527,-118.5934428,-33.72769603,20.78958946
6037115204,1152.04,4654,34.24300717,-118.5404306,-28.85180724,19.61669437
6037113324,1133.24,3010,34.25361302,-118.5863725,-33.07714777,20.79601083
6037104823,1048.23,3235,34.24896517,-118.4130091,-17.12633604,20.27919366
6037111304,1113.04,2948,34.26084665,-118.5262262,-27.54186746,21.60035385
6037103202,1032.02,2146,34.27493475,-118.3434998,-10.72891024,23.16687904
6037101221,1012.21,3593,34.25432897,-118.2925767,-6.044772985,20.87562131
6037103402,1034.02,3626,34.25594044,-118.308348,-7.495822843,21.05480845
6037125321,1253.21,2776,34.16670452,-118.3650526,-12.71989232,11.13222694
6037125102,1251.02,2155,34.16124787,-118.3921189,-15.21205027,10.52547505
6037125404,1254.04,2973,34.16228296,-118.3724272,-13.39913591,10.64057149
6037137203,1372.03,2534,34.17212503,-118.6189305,-36.09022232,11.73495948
6037125101,1251.01,4478,34.16850953,-118.3921316,-15.21256893,11.33293415
6037125403,1254.03,2726,34.16304817,-118.3768656,-13.80766779,10.72565969
6037125322,1253.22,2542,34.16665698,-118.3737665,-13.52207831,11.12694073
6037139505,1395.05,2656,34.16752945,-118.523165,-27.27526928,11.22395422
6037133101,1331.01,1718,34.18407235,-118.5490035,-29.65099359,13.06344138
6037134801,1348.01,2898,34.19698741,-118.5762339,-32.1550568,14.4995303
6037133102,1331.02,3629,34.1850389,-118.5402695,-28.84687636,13.17091668
6037131024,1310.24,3679,34.19573433,-118.5399,-28.81104908,14.36019381
6037134802,1348.02,3025,34.19563831,-118.5665839,-31.26711168,14.34951779
6037113424,1134.24,3069,34.2284456,-118.5610663,-30.75328112,17.99752182
6037131802,1318.02,2264,34.20470519,-118.5229569,-27.25011987,15.3577087
6037131022,1310.22,2874,34.21157339,-118.5402904,-28.84427962,16.12141688
6037119802,1198.02,3131,34.23227025,-118.428665,-18.56871829,18.42280293
6037293205,2932.05,3515,33.81835635,-118.3038899,-7.103947819,-27.60232209
6037292001,2920.01,4522,33.85130181,-118.2993459,-6.683481806,-23.93895417
6037271704,2717.04,2987,34.0288891,-118.4195628,-17.75243165,-4.192148718
6037224702,2247.02,2483,34.02485957,-118.2796033,-4.857668067,-4.640212477
6037270102,2701.02,2380,34.02567137,-118.3983178,-15.79536301,-4.549943566
6037271703,2717.03,2805,34.02498704,-118.418821,-17.68448955,-4.626038371
6037269909,2699.09,2238,34.02595866,-118.4105682,-16.92402354,-4.517999129
6037207305,2073.05,1051,34.04942768,-118.2496605,-2.098579084,-1.908362731
6037206301,2063.01,1929,34.04366324,-118.2476237,-1.911013102,-2.549339713
6037207901,2079.01,4049,34.04291418,-118.2641666,-3.435038694,-2.632631002
6037264306,2643.06,1806,34.04533398,-118.4691333,-22.31734383,-2.363561916
6037206202,2062.02,1702,34.04673191,-118.2403203,-1.238166885,-2.208118385
6037267202,2672.02,3880,34.04705606,-118.4339783,-19.0785246,-2.172075484
6037207712,2077.12,4967,34.04774471,-118.2564088,-2.72027438,-2.095500392
6037207308,2073.08,1074,34.04460208,-118.2506563,-2.190379001,-2.444944829
6037206052,2060.52,3160,34.04817429,-118.2335325,-0.612841476,-2.04773342
6037206302,2063.02,1289,34.04269514,-118.2456364,-1.727938758,-2.656986759
6037206201,2062.01,2191,34.04748717,-118.2440015,-1.577278053,-2.124137283
6037271803,2718.03,3426,34.01947183,-118.4103505,-16.90461457,-5.23930135
6037216901,2169.01,3014,34.04755649,-118.3635866,-12.59379053,-2.116429552
6037265524,2655.24,2806,34.05085388,-118.4453252,-20.12339322,-1.749776789
6037203601,2036.01,2697,34.05167262,-118.2082011,1.720709687,-1.658736487
6037207306,2073.06,2193,34.04885882,-118.246427,-1.80070666,-1.971616722
6037264304,2643.04,2276,34.05051777,-118.4624256,-21.69873504,-1.787150569
6037203602,2036.02,2065,34.05084704,-118.2114516,1.421277022,-1.75053713
6037206054,2060.54,2174,34.04992369,-118.225456,0.131178966,-1.853209542
6037267101,2671.01,3039,34.05079117,-118.4279977,-18.52717089,-1.756749592
6037270101,2701.01,1832,34.02822029,-118.394736,-15.4651275,-4.266516607
6037226701,2267.01,2287,34.01763962,-118.2647767,-3.491762798,-5.443034
6037224701,2247.01,2550,34.02862956,-118.2806702,-4.955855487,-4.221008567
6037267405,2674.05,2512,34.04120468,-118.4672577,-22.14509197,-2.822719296
6037267201,2672.01,2666,34.04430226,-118.4402899,-19.66029337,-2.478283957
6037267504,2675.04,3544,34.04044859,-118.4574857,-21.24493526,-2.906792363
6037207303,2073.03,2688,34.04329178,-118.2538921,-2.488490621,-2.590644147
6037207902,2079.02,7082,34.03983416,-118.259006,-2.959669799,-2.975113133
6037264305,2643.05,4518,34.04768256,-118.478895,-23.21630367,-2.102411911
6037141500,1415,2807,34.14056263,-118.4787549,-23.19068444,8.225380673
6037209201,2092.01,3494,34.05238504,-118.262653,-3.295414426,-1.579519278
6037264303,2643.03,2635,34.05144929,-118.4660457,-22.03210145,-1.683570338
6037217102,2171.02,2627,34.05089172,-118.3537895,-11.6910235,-1.745568875
6037265523,2655.23,2394,34.05202916,-118.4386947,-19.51244823,-1.61909176
6037216902,2169.02,2318,34.05421197,-118.3622484,-12.47002572,-1.376373803
6037216202,2162.02,2613,34.05503363,-118.3487373,-11.225337,-1.285009734
6037265522,2655.22,1975,34.05636947,-118.4414889,-19.76933936,-1.136471123
6037216302,2163.02,3210,34.05906266,-118.3575103,-12.03320838,-0.837002214
6037209105,2091.05,2995,34.05764795,-118.2677476,-3.764610954,-0.994310448
6037208001,2080.01,3070,34.06054397,-118.2552843,-2.616480526,-0.672287866
6037216201,2162.01,2626,34.05939916,-118.3477023,-11.12971189,-0.799585191
6037199801,1998.01,3520,34.06931584,-118.2109579,1.466601514,0.303099119
6037265307,2653.07,2983,34.06139192,-118.4490614,-20.46629978,-0.577999813
6037214505,2145.05,1731,34.06895673,-118.3506357,-11.39928386,0.26316797
6037265702,2657.02,2942,34.06426191,-118.4273377,-18.46490022,-0.258872027
6037265306,2653.06,1920,34.06573287,-118.4489293,-20.45360375,-0.095308359
6037199002,1990.02,2697,34.08080286,-118.2199775,0.635755698,1.580397578
6037214504,2145.04,3273,34.06712045,-118.3501881,-11.35817065,0.058983395
6037199802,1998.02,1905,34.07216657,-118.2096445,1.587556084,0.620086145
6037208002,2080.02,3983,34.06551913,-118.2571982,-2.79270083,-0.119075677
6037211124,2111.24,4171,34.06633305,-118.2880331,-5.632965675,-0.028571169
6037214903,2149.03,1677,34.07424701,-118.3891912,-14.95020181,0.851420641
6037214904,2149.04,1567,34.07430727,-118.385725,-14.63093752,0.858121325
6037217101,2171.01,2785,34.04652407,-118.3554675,-11.84591395,-2.231229446
6037207304,2073.04,2522,34.04630184,-118.251499,-2.267988561,-2.255940132
6037192420,1924.2,3114,34.07988004,-118.3113321,-7.77848229,1.477785302
6037221302,2213.02,3782,34.04174556,-118.3114917,-7.794936189,-2.762576178
6037231500,2315,5050,34.00727771,-118.3108268,-7.735250125,-6.595225237
6037267102,2671.02,3258,34.0539674,-118.4218547,-17.9609342,-1.403569142
6037209106,2091.06,2879,34.05426123,-118.2674345,-3.735842058,-1.370896982
6037207307,2073.07,1432,34.04600012,-118.2492651,-2.062200678,-2.289489992
6037190702,1907.02,1322,34.09618162,-118.3359191,-10.0421004,3.290438116
6037189801,1898.01,2429,34.09847631,-118.3613397,-12.38308417,3.545596055
6037190701,1907.01,1748,34.09978391,-118.3326562,-9.741391694,3.690994472
6037190101,1901.01,1600,34.10246462,-118.3423056,-10.6298827,3.989075455
6037189802,1898.02,1934,34.09805588,-118.3560717,-11.89795031,3.498845995
6037189906,1899.06,2324,34.09616483,-118.3468241,-11.04641253,3.288570841
6037189907,1899.07,2681,34.09619946,-118.3517322,-11.49842764,3.292421873
6037185101,1851.01,2427,34.10247114,-118.2060336,1.919803174,3.989800238
6037190302,1903.02,2491,34.10396275,-118.3177447,-8.36792033,4.155660357
6037211123,2111.23,1964,34.062718,-118.2871895,-5.555383017,-0.430546778
6037265521,2655.21,1578,34.05670291,-118.4448248,-20.07660197,-1.099393918
6037190102,1901.02,2629,34.09770827,-118.3413291,-10.54024769,3.460193313
6037199001,1990.01,2390,34.07681355,-118.2172903,0.88328025,1.136807415
6037185102,1851.02,3515,34.10622612,-118.2128233,1.294495662,4.407335198
6037113426,1134.26,2169,34.23345575,-118.5815203,-32.6345805,18.55462534
6037113425,1134.25,3723,34.23167469,-118.5908273,-33.49137892,18.35658051
6037240901,2409.01,2323,33.93249784,-118.2593513,-2.993371358,-14.91036813
6037108204,1082.04,1849,34.28090572,-118.5667042,-31.26239347,23.83082042
6037243002,2430.02,3021,33.93900656,-118.2314365,-0.420028012,-14.18663115
6037240902,2409.02,3355,33.93546755,-118.2637256,-3.396558807,-14.58015163
6037115203,1152.03,2232,34.24619483,-118.5323983,-28.11217369,19.97114566
6037106112,1061.12,5292,34.30554253,-118.4123946,-17.06407413,26.57030954
6037106113,1061.13,4049,34.30615479,-118.4222077,-17.96664043,26.63838933
6037106114,1061.14,6808,34.30272636,-118.4269895,-18.40685439,26.25716483
6037106403,1064.03,3650,34.30601863,-118.4412743,-19.7204353,26.62324934
6037101300,1013,4253,34.24877827,-118.270999,-4.059536872,20.25841157
6037103101,1031.01,2876,34.27324085,-118.3078875,-7.452691087,22.97852644
6037103102,1031.02,4475,34.26338441,-118.3073887,-7.407226356,21.88254049
6037104103,1041.03,4063,34.28209926,-118.3925763,-15.24325231,23.96353673
6037104105,1041.05,5766,34.27614791,-118.4046853,-16.35780431,23.30177645
6037106510,1065.1,5724,34.32358561,-118.484839,-23.72513986,28.57660748
6037106520,1065.2,5270,34.30885745,-118.4613525,-21.56690579,26.93891151
6037106604,1066.04,4490,34.30443215,-118.4736837,-22.70173498,26.44684053
6037106641,1066.41,2280,34.29846909,-118.508433,-25.89899701,25.7837783
6037113232,1132.32,5082,34.22582605,-118.6125449,-35.4911201,17.70624054
6037113234,1132.34,5411,34.22617278,-118.5938717,-33.7726358,17.74479511
6037261103,2611.03,1773,34.11758195,-118.386411,-14.69036503,5.670046541
6037104824,1048.24,2576,34.25149719,-118.409537,-16.80660126,20.56074137
6037139704,1397.04,2752,34.14119684,-118.5132632,-26.36783669,8.295902068
6037143606,1436.06,1719,34.14118954,-118.3712889,-13.29600252,8.295089879
6037189703,1897.03,1842,34.12769661,-118.3342762,-9.888958064,6.794745411
6037143801,1438.01,3276,34.13689761,-118.3857936,-14.63184594,7.817849085
6037189704,1897.04,2169,34.13410201,-118.343166,-10.70711434,7.506992533
6037143802,1438.02,2235,34.13388367,-118.3743645,-13.57975716,7.482714353
6037189501,1895.01,2245,34.10892403,-118.3192626,-8.507464387,4.707328951
6037139705,1397.05,3777,34.14004659,-118.4916262,-24.37584788,8.168000563
6037143605,1436.05,1825,34.14151258,-118.3649397,-12.71138823,8.331010938
6037189502,1895.02,2053,34.10770437,-118.3240607,-8.949375484,4.571708825
6037190303,1903.03,2798,34.10354717,-118.3114568,-7.788880958,4.109450156
6037143302,1433.02,3629,34.15117036,-118.3863576,-14.68253759,9.404906875
6037143101,1431.01,1972,34.14749041,-118.3538207,-11.68722871,8.995715511
6037143401,1434.01,5216,34.1534939,-118.4138692,-17.2151904,9.66327267
6037143102,1431.02,2449,34.15013456,-118.3626375,-12.4987886,9.289731373
6037143301,1433.01,4122,34.15598503,-118.3878131,-14.81611806,9.940273301
6037117405,1174.05,3358,34.23373084,-118.4702302,-22.39345045,18.58521385
6037117301,1173.01,3783,34.24215886,-118.4896512,-24.17939416,19.52236657
6037103300,1033,3781,34.25737855,-118.3554778,-11.83210593,21.21471898
6037239701,2397.01,3979,33.96609186,-118.2752629,-4.459305642,-11.17488275
6037117530,1175.3,5586,34.22485398,-118.4636908,-21.79282513,17.59815218
6037119310,1193.1,3822,34.24539051,-118.4505054,-20.57692032,19.88171006
6037221602,2216.02,2355,34.03843006,-118.2921034,-6.008889338,-3.131242876
6037234902,2349.02,4450,33.98225754,-118.3340918,-9.88045311,-9.377341668
6037236203,2362.03,3699,34.01845512,-118.3467706,-11.04654849,-5.352354394
6037236204,2362.04,3342,34.0147169,-118.3491909,-11.26980003,-5.768025391
6037237101,2371.01,3762,33.98562345,-118.2913773,-5.943840979,-9.003069741
6037237202,2372.02,4121,33.98557535,-118.3101549,-7.674317113,-9.008418425
6037119340,1193.4,3615,34.23360866,-118.4518995,-20.70664962,18.57162734
6037237401,2374.01,3957,33.97846739,-118.2948078,-6.260251376,-9.798786949
6037237402,2374.02,4207,33.97846192,-118.3013345,-6.861750919,-9.799395742
6037239202,2392.02,5338,33.98567816,-118.2649765,-3.510838305,-8.9969862
6037239501,2395.01,3513,33.97298552,-118.2628921,-3.318994757,-10.40834367
6037239502,2395.02,3406,33.9693294,-118.2630435,-3.33302204,-10.81488481
6037239602,2396.02,3533,33.96945047,-118.2749021,-4.425963301,-10.80142336
6037214902,2149.02,2652,34.07295702,-118.3800901,-14.11202667,0.707980083
6037234501,2345.01,2893,33.99749474,-118.3244351,-8.989698374,-7.683042296
6037234502,2345.02,2394,34.00186654,-118.3244228,-8.988334157,-7.196919926
6037265201,2652.01,2526,34.06682766,-118.4364097,-19.30026233,0.026426668
6037275101,2751.01,962,33.99917617,-118.4039048,-16.31266658,-7.496075344
6037120030,1200.3,2525,34.21510788,-118.4518688,-20.70608449,16.51443452
6037119700,1197,4568,34.22135347,-118.4264505,-18.36612145,17.20891303
6037119900,1199,4084,34.22783698,-118.4412805,-19.73013983,17.92984665
6037120020,1200.2,4161,34.21859663,-118.4548147,-20.97677075,16.90236625
6037295103,2951.03,4897,33.76247982,-118.2963219,-6.407917543,-33.81550969
6037102103,1021.03,2066,34.22507938,-118.3541886,-11.71572977,17.62321455
6037104201,1042.01,4337,34.28650053,-118.4160997,-17.40683467,24.45293579
6037104310,1043.1,4561,34.27637319,-118.4292812,-18.62055516,23.3268264
6037104401,1044.01,2862,34.26703876,-118.4327215,-18.938106,22.2888853
6037124700,1247,5070,34.16185263,-118.4165361,-17.45985648,10.59272076
6037104701,1047.01,4175,34.26847446,-118.4152137,-17.32718183,22.44852791
6037104500,1045,3472,34.25551076,-118.4257476,-18.29773081,21.00702985
6037104610,1046.1,3112,34.26043557,-118.4189929,-17.67571938,21.55464399
6037104620,1046.2,3198,34.25790438,-118.4224648,-17.99543133,21.27318792
6037125600,1256,3043,34.15789544,-118.3568633,-11.96662617,10.15270162
6037125200,1252,4151,34.16489862,-118.3833647,-14.40582134,10.93141977
6037106642,1066.42,3621,34.28632274,-118.507014,-25.77032431,24.43316598
6037106643,1066.43,4082,34.28946598,-118.5220355,-27.15168576,24.78267861
6037107010,1070.1,2922,34.30208047,-118.4467209,-20.22190184,26.18534512
6037107020,1070.2,4953,34.29755494,-118.4504818,-20.56839289,25.68212939
6037108101,1081.01,2272,34.27930605,-118.541653,-28.95806958,23.65294577
6037108102,1081.02,3502,34.28045845,-118.5550662,-30.1918284,23.78108646
6037106010,1060.1,3653,34.32534133,-118.4434035,-19.91400616,28.77183504
6037123104,1231.04,4713,34.1828906,-118.3650029,-12.71410323,12.93203706
6037123204,1232.04,3183,34.19393597,-118.3943294,-15.41257192,14.160226
6037123206,1232.06,2480,34.1937074,-118.3748663,-13.62115019,14.13480978
6037123301,1233.01,3842,34.20030981,-118.4001219,-15.94512909,14.86896413
6037123303,1233.03,2932,34.1972752,-118.4116036,-17.00220759,14.53153124
6037125310,1253.1,4373,34.16951672,-118.3660295,-12.80960843,11.4449288
6037127400,1274,5620,34.21082759,-118.478695,-23.17552982,16.03848845
6037127210,1272.1,5608,34.20834129,-118.4599077,-21.44678028,15.76202421
6037127220,1272.2,4792,34.20478229,-118.4531267,-20.82312519,15.36628113
6037127300,1273,3740,34.20839919,-118.4697661,-22.35409464,15.76846218
6037240402,2404.02,3954,33.94468923,-118.2854787,-5.401547551,-13.55474687
6037241001,2410.01,5690,33.92930595,-118.2665512,-3.657166221,-15.26529003
6037104108,1041.08,4939,34.27314982,-118.39857,-15.79547948,22.96840379
6037111302,1113.02,4893,34.25395093,-118.5128422,-26.311523,20.8335851
6037106406,1064.06,6486,34.32224089,-118.4598376,-21.42586778,28.42708247
6037109100,1091,2783,34.27716267,-118.4631601,-21.73725745,23.41461227
6037109200,1092,3094,34.27742884,-118.4744904,-22.7795793,23.44420933
6037109300,1093,3156,34.27119817,-118.4804331,-23.32715621,22.75139015
6037109400,1094,3670,34.26871507,-118.4557005,-21.05204747,22.47528211
6037109601,1096.01,5141,34.25862515,-118.4514497,-20.66219183,21.3533344
6037127520,1275.2,4443,34.21841628,-118.4697509,-22.35136877,16.88231171
6037106646,1066.46,3221,34.27973795,-118.4939448,-24.56900736,23.70097064
6037108104,1081.04,1723,34.29431355,-118.5460084,-29.35613406,25.32170305
6037111100,1111,2989,34.26830972,-118.4950691,-24.67410647,22.4302095
6037111201,1112.01,3005,34.27483343,-118.5101489,-26.06048307,23.15561326
6037111202,1112.02,6046,34.26844313,-118.5148274,-26.491902,22.4450445
6037111204,1112.04,6274,34.26204883,-118.5488833,-29.62625661,21.73403071
6037128400,1284,4285,34.17652746,-118.4588048,-21.34928903,12.22448739
6037127920,1279.2,4190,34.1975655,-118.4356225,-19.21291204,14.56381059
6037128210,1282.1,4701,34.18358393,-118.4443458,-20.01746238,13.0091313
6037128303,1283.03,3453,34.18307559,-118.4523808,-20.75714033,12.95260693
6037128500,1285,4341,34.17030445,-118.4443442,-20.01888732,11.53252045
6037123304,1233.04,4269,34.19653918,-118.4060886,-16.49467761,14.44968961
6037109800,1098,4444,34.25371152,-118.4815976,-23.43672211,20.80696381
6037123700,1237,4012,34.18485959,-118.4095167,-16.81136507,13.15097872
6037123510,1235.1,4742,34.1951057,-118.4275046,-18.4659962,14.2902935
6037123520,1235.2,2484,34.18871833,-118.4246946,-18.20804652,13.58005086
6037123601,1236.01,5563,34.1779468,-118.4179809,-17.59120023,12.38231154
6037123800,1238,5814,34.17973926,-118.401436,-16.06803854,12.58162411
6037113211,1132.11,4165,34.26607728,-118.6152601,-35.73247261,22.18197335
6037113212,1132.12,2769,34.26068293,-118.602426,-34.55278816,21.58214943
6037128910,1289.1,4495,34.16164745,-118.458297,-21.30441846,10.56990572
6037131100,1311,3051,34.21462445,-118.5056229,-25.6532373,16.46067928
6037131200,1312,3585,34.2147263,-118.514231,-26.44544111,16.47200503
6037241202,2412.02,5020,33.93343129,-118.285753,-5.427189507,-14.80657245
6037262501,2625.01,3711,34.04997889,-118.5206052,-27.05839604,-1.847071512
6037264103,2641.03,2646,34.05497716,-118.4662764,-22.05290298,-1.291288734
6037239702,2397.02,4285,33.96220219,-118.2750013,-4.435297069,-11.60739537
6037239802,2398.02,5365,33.96240795,-118.2629489,-3.324439817,-11.5845159
6037265601,2656.01,2865,34.05585986,-118.4327258,-18.96215687,-1.193137477
6037106649,1066.49,2471,34.28924968,-118.4606552,-21.50526952,24.75862679
6037108202,1082.02,11154,34.28673557,-118.5816065,-32.63221808,24.47907049
6037102104,1021.04,4231,34.21617901,-118.3453975,-10.90729097,16.63353915
6037190402,1904.02,2244,34.10354933,-118.3071523,-7.392464638,4.109690332
6037113237,1132.37,4734,34.24417632,-118.6127088,-35.5023462,19.74669771
6037190401,1904.01,2827,34.10357206,-118.3027874,-6.990486054,4.112217197
6037190801,1908.01,2857,34.09437684,-118.324459,-8.986767955,3.089756141
6037207501,2075.01,2074,34.05644254,-118.2529687,-2.403233523,-1.128346445
6037208501,2085.01,2605,34.06953163,-118.2719464,-4.151100615,0.327094562
6037185203,1852.03,2365,34.10012683,-118.2316874,-0.44273716,3.729125583
6037269601,2696.01,3389,34.04185468,-118.379452,-14.05582689,-2.750442084
6037185204,1852.04,1800,34.10290449,-118.2232593,0.333440588,4.037987056
6037211121,2111.21,2531,34.0730101,-118.2854108,-5.391211267,0.713882997
6037211202,2112.02,2401,34.07452092,-118.294113,-6.192705514,0.881878382
6037291120,2911.2,2063,33.91279185,-118.2869261,-5.536009588,-17.10157389
6037267902,2679.02,3837,34.04755221,-118.4201982,-17.80901356,-2.11690528
6037269903,2699.03,3601,34.02090322,-118.4064766,-16.54753909,-5.080138187
6037269905,2699.05,2188,34.02185784,-118.4018821,-16.12412819,-4.973988723
6037271902,2719.02,3991,34.00962886,-118.4316768,-18.87067486,-6.333789632
6037203200,2032,4748,34.05260287,-118.1968648,2.765002966,-1.555297486
6037272201,2722.01,2344,34.00038354,-118.4341278,-19.09755502,-7.361822062
6037272202,2722.02,3143,33.99755309,-118.4391483,-19.56051757,-7.6765539
6037271801,2718.01,3589,34.0167263,-118.4182345,-17.63131387,-5.544590243
6037221810,2218.1,2266,34.03065671,-118.2923013,-6.027391127,-3.995599294
6037262400,2624,2816,34.09181435,-118.5086289,-25.94871554,2.804819964
6037209402,2094.02,4013,34.05466165,-118.2772201,-4.637276439,-1.326372161
6037212305,2123.05,2809,34.0561037,-118.2981621,-6.566371919,-1.166023227
6037239801,2398.01,4287,33.96605337,-118.2629323,-3.322831436,-11.1791628
6037211804,2118.04,3132,34.067162,-118.3066071,-7.343829629,0.063603765
6037212101,2121.01,2979,34.06359585,-118.2941423,-6.195803895,-0.332934257
6037212102,2121.02,2910,34.06357248,-118.2984971,-6.596940051,-0.335533132
6037214503,2145.03,3504,34.06684208,-118.3541163,-11.72003227,0.028030048
6037234901,2349.01,2518,33.98178774,-118.3286612,-9.380002248,-9.42958146
6037143901,1439.01,4189,34.13250933,-118.3973916,-15.70012806,7.329895017
6037261102,2611.02,3841,34.11320171,-118.4248435,-18.22988015,5.182985735
6037191204,1912.04,1568,34.09306623,-118.2982814,-6.575933505,2.944022008
6037139802,1398.02,3528,34.14286555,-118.5563564,-30.33520634,8.481454734
6037123010,1230.1,4078,34.20274378,-118.3745719,-13.59332353,15.13961001
6037134720,1347.2,5498,34.20464487,-118.5688121,-31.47052004,15.35100096
6037224310,2243.1,1870,34.04438395,-118.2827211,-5.144338567,-2.469200351
6037113231,1132.31,2305,34.22665705,-118.6506593,-38.9984337,17.79864333
6037143602,1436.02,4930,34.14511939,-118.3875044,-14.78864644,8.732069986
6037186100,1861,4711,34.12846254,-118.2299801,-0.285452176,6.879912833
6037293307,2933.07,3033,33.78737679,-118.3035515,-7.074010749,-31.0470924
6037209810,2098.1,2601,34.04911734,-118.2823451,-5.109548522,-1.942871578
6037204410,2044.1,2309,34.04618813,-118.2152707,1.069492303,-2.268584374
6037117404,1174.04,4924,34.22847893,-118.479077,-23.20826528,18.00122767
6037123203,1232.03,2643,34.19624191,-118.3911301,-15.11789478,14.41663474
6037237600,2376,3941,33.97851368,-118.2838725,-5.252442215,-9.793640131
6037296220,2962.2,3924,33.74102779,-118.2837794,-5.251194409,-36.20086649
6037228500,2285,4840,34.00349199,-118.2690648,-3.887194343,-7.016178208
6037183810,1838.1,4359,34.10736495,-118.1978493,2.673444236,4.533967068
6037131400,1314,5932,34.21459174,-118.5316955,-28.05275514,16.45704226
6037131600,1316,5289,34.21426502,-118.5533697,-30.04753308,16.42071282
6037131900,1319,4038,34.20471919,-118.5098593,-26.04464868,15.35926547
6037262100,2621,2860,34.09573037,-118.4510125,-20.64183733,3.240261291
6037262303,2623.03,2953,34.06606996,-118.4868498,-23.94653067,-0.057825799
6037191410,1914.1,3313,34.08876183,-118.2881161,-5.639865711,2.465394824
6037234800,2348,3657,33.9818235,-118.3220829,-8.773759572,-9.425604929
6037141600,1416,3854,34.1388889,-118.4612094,-21.57544297,8.039271225
6037980021,9800.21,2,34.26660879,-118.3774867,-13.85635505,22.2410751
6037211802,2118.02,4912,34.06353742,-118.3047254,-7.170659232,-0.339431135
6037191720,1917.2,3462,34.08878973,-118.312361,-7.872833825,2.468497043
6037194300,1943,2918,34.10167162,-118.3875192,-14.79380921,3.900898009
6037122420,1224.2,4757,34.20360997,-118.3832841,-14.39510342,15.23592583
6037128220,1282.2,3228,34.18355332,-118.4355767,-19.21028831,13.00572824
6037111205,1112.05,3975,34.25350411,-118.5352681,-28.37500861,20.78390098
6037189903,1899.03,2212,34.10251467,-118.3477108,-11.12766165,3.994641566
6037194101,1941.01,3153,34.11141868,-118.3530201,-11.6159968,4.984722198
6037265602,2656.02,3068,34.06024058,-118.4341558,-19.09339662,-0.706023662
6037115403,1154.03,3405,34.22473435,-118.5317302,-28.05426291,17.58484989
6037297201,2972.01,3768,33.72490344,-118.2914158,-5.956509882,-37.99381181
6037127603,1276.03,2677,34.19572406,-118.4800236,-23.29989272,14.35905189
6037125502,1255.02,3751,34.15662832,-118.3655444,-12.76593005,10.0118041
6037127103,1271.03,3468,34.20449733,-118.429174,-18.61861396,15.33459522
6037127711,1277.11,2958,34.18791279,-118.4698264,-22.36235563,13.49047911
6037127803,1278.03,5006,34.19751539,-118.4530801,-20.81973707,14.5582396
6037127806,1278.06,3697,34.18857291,-118.4572355,-21.20331807,13.56388024
6037128101,1281.01,3083,34.19029928,-118.4356171,-19.21323568,13.75584439
6037128601,1286.01,5042,34.1784583,-118.4410819,-19.71762312,12.43918765
6037128602,1286.02,2725,34.17121445,-118.4356063,-19.2144112,11.63370833
6037128802,1288.02,4457,34.16847873,-118.4552595,-21.02393546,11.32951011
6037273502,2735.02,2453,33.98707439,-118.4719063,-22.58055801,-8.841732621
6037131702,1317.02,3344,34.20469855,-118.5487327,-29.62245786,15.35696988
6037132002,1320.02,3501,34.19489533,-118.5071965,-25.80106884,14.26690204
6037132101,1321.01,4290,34.1902625,-118.4956553,-24.73946903,13.75175411
6037273902,2739.02,4105,33.98323271,-118.4663184,-22.06610123,-9.268907651
6037275102,2751.02,3661,33.99795546,-118.4107271,-16.94146353,-7.631812099
6037275603,2756.03,2759,33.98628172,-118.4064643,-16.54978631,-8.929873438
6037127102,1271.02,5315,34.20600729,-118.4445252,-20.03132482,15.50249489
6037231720,2317.2,5078,34.00744605,-118.2840701,-5.26975933,-6.576507721
6037212410,2124.1,4054,34.05956016,-118.3022243,-6.940432274,-0.781681987
6037262200,2622,4798,34.10173674,-118.4698072,-22.37198047,3.90813952
6037297110,2971.1,4693,33.73466186,-118.284187,-5.28900319,-36.90872572
6037117302,1173.02,4698,34.23814372,-118.498742,-25.0164912,19.07590367
6037117303,1173.03,4219,34.2281099,-118.4912816,-24.3314413,17.96019389
6037117520,1175.2,3955,34.23004061,-118.463267,-21.75315701,18.17487843
6037132102,1321.02,5143,34.20209705,-118.4973691,-24.89547065,15.06769643
6037132501,1325.01,5052,34.19743148,-118.5487054,-29.62121667,14.54890894
6037132502,1325.02,3495,34.19081095,-118.5484504,-29.59890547,13.81273912
6037134002,1340.02,4020,34.20167381,-118.585633,-33.01924805,15.02063477
6037134423,1344.23,3560,34.21405228,-118.6334339,-37.41605907,16.3970573
6037134904,1349.04,4581,34.19112579,-118.5805348,-32.5520453,13.84774849
6037137104,1371.04,2350,34.17376354,-118.5849482,-32.96166674,11.91715435
6037139001,1390.01,5592,34.17541127,-118.5117179,-26.22025869,12.100373
6037139402,1394.02,2749,34.16776474,-118.5517784,-29.90930701,11.25011729
6037269907,2699.07,2704,34.02804692,-118.4067099,-16.56833863,-4.285795493
6037120300,1203,5464,34.21529134,-118.4408396,-19.69103438,16.5348341
6037120400,1204,6168,34.21888245,-118.43234,-18.90839574,16.93414772
6037121010,1210.1,4951,34.22334765,-118.4036737,-16.26982161,17.43065543
6037121020,1210.2,3671,34.2121225,-118.4020622,-16.12259386,16.18247566
6037293306,2933.06,2420,33.78265068,-118.304642,-7.174826606,-31.57261211
6037121210,1212.1,3233,34.23942287,-118.4046395,-16.35714069,19.21813872
6037121600,1216,2580,34.2110683,-118.4105907,-16.90760169,16.06525356
6037124000,1240,4291,34.16250224,-118.4049361,-16.39189029,10.66495476
6037124102,1241.02,3715,34.17578255,-118.3833992,-14.40807265,12.14165741
6037124201,1242.01,3560,34.18486648,-118.3746764,-13.60437518,13.15174412
6037124300,1243,3052,34.17573783,-118.3642965,-12.64961271,12.13668446
6037124400,1244,4397,34.17397296,-118.4095469,-16.81522298,11.94044045
6037124600,1246,2996,34.16206933,-118.4269321,-18.41689596,10.61681741
6037141202,1412.02,3132,34.14717977,-118.4423602,-19.83896013,8.961173632
6037141102,1411.02,2649,34.14909747,-118.4323127,-18.91368994,9.174411652
6037141201,1412.01,3978,34.15272653,-118.4424343,-19.84513588,9.577945281
6037183222,1832.22,3485,34.12918186,-118.1973357,2.720391462,6.959897237
6037141304,1413.04,3028,34.1510009,-118.4526289,-20.78391549,9.386064246
6037143603,1436.03,2522,34.14448687,-118.3720169,-13.36276922,8.661736579
6037183221,1832.21,3133,34.12543226,-118.1909392,3.309442096,6.542960449
6037101110,1011.1,4294,34.25947361,-118.2929869,-6.082324932,21.4476784
6037101220,1012.2,3467,34.25160829,-118.2816327,-5.037895532,20.57309532
6037183401,1834.01,2276,34.12166616,-118.2092263,1.625599763,6.124189051
6037121900,1219,2797,34.21786674,-118.3832003,-14.38617565,16.82120636
6037122000,1220,5131,34.21478896,-118.4184231,-17.62806128,16.47897283
6037122120,1221.2,4394,34.21077554,-118.3719091,-13.34761048,16.03270031
6037122200,1222,3729,34.21431696,-118.359449,-12.20060362,16.42648832
6037123020,1230.2,2836,34.20473683,-118.3664945,-12.84973991,15.36122637
6037123103,1231.03,4134,34.19087102,-118.3654505,-12.75470027,13.81941931
6037113301,1133.01,4300,34.24404617,-118.5583037,-30.49624386,19.73222551
6037113303,1133.03,4012,34.24382513,-118.5787492,-32.37759869,19.70764775
6037113322,1133.22,4919,34.25367806,-118.5721365,-31.76726422,20.80324277
6037106020,1060.2,5176,34.32127739,-118.4283794,-18.53266017,28.31994543
6037106111,1061.11,4920,34.31890664,-118.4098974,-16.83303579,28.05633036
6037115101,1151.01,5010,34.2394395,-118.5112306,-26.1654791,19.21998716
6037115202,1152.02,6118,34.23383765,-118.5377756,-28.60905715,18.59709007
6037115301,1153.01,4418,34.24266392,-118.548476,-29.59217557,19.57852705
6037115401,1154.01,5755,34.22480764,-118.5151268,-26.52629851,17.59299927
6037137000,1370,4562,34.1671984,-118.6370174,-37.75631049,11.18714342
6037239601,2396.01,3957,33.97283702,-118.275298,-4.462369267,-10.42485557
6037275500,2755,5086,33.99229353,-118.4144622,-17.28622278,-8.261390249
6037221601,2216.01,3641,34.03481633,-118.2959257,-6.361161758,-3.533071367
6037222001,2220.01,2756,34.02819526,-118.3132799,-7.960312561,-4.269299973
6037237201,2372.01,3781,33.98572572,-118.2991152,-6.656930678,-8.991697853
6037239201,2392.01,3455,33.98578061,-118.2771703,-4.634571997,-8.985594591
6037980019,9800.19,133,34.09129995,-118.5481816,-29.59156124,2.747621538
6037132700,1327,5150,34.18996506,-118.5261776,-27.54895043,13.71868024
6037132900,1329,4026,34.18347596,-118.5278261,-27.70174582,12.99712573
6037133000,1330,3979,34.19533535,-118.557733,-30.45250969,14.31582984
6037134103,1341.03,4132,34.21625954,-118.5799047,-32.4892166,16.64249383
6037134104,1341.04,4220,34.21195327,-118.5753843,-32.07401685,16.16365805
6037134201,1342.01,4149,34.21361981,-118.5911802,-33.52744065,16.34896903
6037141303,1413.03,3236,34.15494449,-118.4552458,-21.02436247,9.824570879
6037186202,1862.02,1738,34.12002924,-118.2241904,0.247668439,5.94217218
6037188202,1882.02,3093,34.11640128,-118.2797547,-4.868984777,5.5387611
6037189905,1899.05,2446,34.10060281,-118.3515876,-11.48481193,3.782051648
6037241002,2410.02,4104,33.92526171,-118.261402,-3.182559493,-15.71498938
6037262604,2626.04,6106,34.05132012,-118.5484119,-29.61975654,-1.697933439
6037262802,2628.02,3522,34.04222639,-118.5082553,-25.92189041,-2.709109302
6037267403,2674.03,3677,34.04749379,-118.4566289,-21.16511544,-2.123401719
6037980009,9800.09,5,34.13736576,-118.3013087,-6.852944198,7.869905731
6037296901,2969.01,4661,33.73016277,-118.2945654,-6.247020181,-37.4090012
6037123902,1239.02,2664,34.17587827,-118.3922285,-15.22082977,12.15230076
6037134522,1345.22,4146,34.20467445,-118.6017186,-34.49913959,15.3542898
6037192001,1920.01,2364,34.08522729,-118.3472971,-11.09069152,2.072372499
6037211122,2111.22,2228,34.07267946,-118.2892237,-5.742424053,0.67711654
6037104822,1048.22,2171,34.24587023,-118.4209443,-17.85680701,19.9350522
6037269602,2696.02,2383,34.04326899,-118.3844826,-14.51915877,-2.593178521
6037271901,2719.01,3346,34.01385262,-118.4241771,-18.17917002,-5.864129072
6037115103,1151.03,2647,34.24382827,-118.52745,-27.65724434,19.70799662
6037127605,1276.05,3561,34.19026986,-118.4858311,-23.83519553,13.75257277
6037117102,1171.02,2256,34.24654791,-118.4603213,-21.47998828,20.01040639
6037119341,1193.41,2625,34.23716651,-118.4458753,-20.15186511,18.96724225
6037120106,1201.06,3974,34.22310861,-118.4566636,-21.14635666,17.40407526
6037122121,1221.21,2507,34.21421424,-118.3705557,-13.22278214,16.41506641
6037124204,1242.04,2324,34.17397246,-118.3746552,-13.60330257,11.94038455
6037128801,1288.01,3827,34.16823784,-118.4651575,-21.93514504,11.30272369
6037139504,1395.04,3541,34.16701818,-118.5202499,-27.00699351,11.16710401
6037191902,1919.02,2845,34.08377281,-118.3388222,-10.31022198,1.910641651
6037194102,1941.02,2733,34.11686651,-118.3662475,-12.83366804,5.590492423
6037195803,1958.03,2182,34.08180941,-118.2769285,-4.609671302,1.692321322
6037102105,1021.05,1519,34.20987616,-118.349266,-11.26373084,15.93269439
6037104821,1048.21,3194,34.24657053,-118.4162956,-17.42898248,20.01292151
6037106408,1064.08,3802,34.3132625,-118.4400755,-19.60932512,27.4287308
6037115104,1151.04,4306,34.23749142,-118.5226459,-27.21621101,19.0033714
6037119201,1192.01,3685,34.24660094,-118.4413461,-19.73398862,20.01630379
6037125501,1255.01,2911,34.16229365,-118.3657854,-12.7876898,10.64176021
6037134422,1344.22,4956,34.20335245,-118.6313594,-37.22748756,15.207291
6037134520,1345.2,5092,34.19739169,-118.5993302,-34.2807995,14.54448387
6037134901,1349.01,2291,34.18683453,-118.5611062,-30.76453214,13.37058216
6037135102,1351.02,4117,34.18853119,-118.6189566,-36.08912189,13.55924204
6037135111,1351.11,3963,34.19230103,-118.6103065,-35.2921323,13.97842884
6037135202,1352.02,4578,34.18881811,-118.6369081,-37.74142992,13.59114587
6037134710,1347.1,5198,34.20463064,-118.5791467,-32.42169235,15.34941837
6037700901,7009.01,4155,34.0627033,-118.3830901,-14.38922011,-0.432181402
6037134302,1343.02,4172,34.21427545,-118.6205127,-36.22684162,16.42187323
6037134303,1343.03,5398,34.20345633,-118.6135012,-35.58383367,15.21884113
6037134304,1343.04,2895,34.21393321,-118.610287,-35.2858209,16.38381779
6037134421,1344.21,4238,34.20202313,-118.6471401,-38.68021631,15.0594775
6037208301,2083.01,1653,34.0619782,-118.2658494,-3.589661671,-0.512808297
6037219901,2199.01,4788,34.02973772,-118.3605224,-12.31280719,-4.097786584
6037189904,1899.04,2434,34.09971959,-118.3467947,-11.04348005,3.683842608
6037190201,1902.01,3674,34.10335706,-118.3297113,-9.469989135,4.08831058
6037188100,1881,3954,34.13643018,-118.2711128,-4.072712969,7.765874209
6037188300,1883,3285,34.12075708,-118.2641367,-3.430706817,6.023104205
6037189300,1893,2920,34.11127593,-118.3093124,-7.591045749,4.968848689
6037199120,1991.2,3454,34.07000526,-118.1997506,2.498908828,0.379759173
6037199201,1992.01,3268,34.07622073,-118.211908,1.379032955,1.070888343
6037199202,1992.02,2501,34.08128508,-118.2032927,2.172495199,1.634018234
6037199300,1993,3687,34.09262506,-118.1992133,2.548055238,2.894966079
6037199400,1994,4243,34.08926598,-118.2094232,1.607775546,2.521453614
6037199700,1997,3500,34.06759032,-118.2202199,0.613474529,0.11123007
6037199900,1999,2414,34.06507925,-118.211575,1.409794195,-0.167987767
6037201110,2011.1,2476,34.09480436,-118.1743333,4.839394866,3.13729415
6037127104,1271.04,4482,34.20517597,-118.4357987,-19.2282571,15.41005669
6037127804,1278.04,4501,34.1974924,-118.4618226,-21.62440186,14.55568318
6037128102,1281.02,4864,34.19029604,-118.4443508,-20.01713008,13.75548352
6037132001,1320.01,2716,34.19206918,-118.5141951,-26.4456797,13.95264857
6037134001,1340.01,3694,34.20177499,-118.5906472,-33.48073183,15.03188552
6037208802,2088.02,3519,34.06214501,-118.2786673,-4.770380642,-0.494260598
6037211921,2119.21,1988,34.0672323,-118.2929029,-6.081506034,0.071420679
6037215102,2151.02,3234,34.06499003,-118.3456018,-10.93585802,-0.177908836
6037217002,2170.02,4911,34.0495333,-118.380493,-14.15109528,-1.896618185
6037221303,2213.03,2527,34.04538254,-118.3084386,-7.51350444,-2.358161894
6037201120,2011.2,3892,34.09498031,-118.1636449,5.823759254,3.156858286
6037201501,2015.01,5137,34.08657468,-118.1646558,5.730944191,2.222195437
6037201503,2015.03,3141,34.08517247,-118.1739004,4.879546781,2.066276852
6037201504,2015.04,2237,34.080828,-118.1737919,4.889660189,1.583193772
6037201700,2017,5135,34.06743147,-118.1708883,5.15750615,0.093566892
6037203100,2031,4348,34.05907914,-118.196477,2.800620201,-0.835169227
6037203300,2033,2151,34.05975935,-118.2062823,1.89738251,-0.759533855
6037203500,2035,2904,34.05592688,-118.2200566,0.62856366,-1.185684305
6037203710,2037.1,3322,34.04989291,-118.2009312,2.390440029,-1.856631362
6037203720,2037.2,3363,34.0468935,-118.2031501,2.186075687,-2.190150502
6037267901,2679.01,3769,34.05645603,-118.4137159,-17.21093599,-1.126846463
6037269906,2699.06,3151,34.02495891,-118.4031734,-16.2428037,-4.629165836
6037189201,1892.01,3061,34.1035829,-118.2961606,-6.380211627,4.113422887
6037211803,2118.03,3806,34.06718788,-118.3022319,-6.940827277,0.066480771
6037211922,2119.22,3614,34.06722211,-118.295398,-6.311338145,0.070287469
6037212501,2125.01,1915,34.05606993,-118.3053633,-7.22974097,-1.169778543
6037241201,2412.01,3291,33.9402401,-118.2858343,-5.434470319,-14.04946811
6037204810,2048.1,5402,34.02855591,-118.2030005,2.200091092,-4.229197884
6037203900,2039,2575,34.03338012,-118.1944798,2.985042891,-3.69277034
6037204110,2041.1,2526,34.03878705,-118.1987147,2.594798545,-3.091547171
6037204120,2041.2,2475,34.03389043,-118.2011678,2.368867828,-3.636026505
6037204300,2043,4281,34.03874908,-118.2078721,1.751152034,-3.09576873
6037204600,2046,3735,34.03708689,-118.2168061,0.928096956,-3.280596577
6037204700,2047,4777,34.03098212,-118.2124516,1.32931484,-3.959415557
6037204820,2048.2,2037,34.02381549,-118.2058421,1.938336875,-4.756308053
6037204910,2049.1,3098,34.02488279,-118.19557,2.884746577,-4.637630596
6037208903,2089.03,4340,34.05980009,-118.2733609,-4.281642657,-0.755003889
6037209300,2093,4917,34.05073028,-118.2683026,-3.815891096,-1.763520538
6037209510,2095.1,2957,34.05296266,-118.2819584,-5.073816636,-1.515291381
6037210010,2100.1,3012,34.04685015,-118.2723095,-4.185105927,-2.194970857
6037191710,1917.1,2519,34.08651256,-118.3169571,-8.296247439,2.215287098
6037137301,1373.01,2244,34.17653259,-118.6339873,-37.47530423,12.22505845
6037137302,1373.02,4669,34.17734803,-118.654196,-39.33537306,12.31573148
6037137401,1374.01,4829,34.15914589,-118.610839,-35.34807045,10.29174579
6037141400,1414,5217,34.15753397,-118.4761274,-22.94646025,10.11250853
6037104203,1042.03,4992,34.2790581,-118.4115548,-16.98948997,23.6253746
6037102107,1021.07,3699,34.24047305,-118.3380081,-10.22576972,19.33491285
6037203800,2038,4938,34.04498603,-118.1955769,2.883771131,-2.402252283
6037208610,2086.1,4020,34.07215874,-118.2817714,-5.056011336,0.619215825
6037208620,2086.2,4204,34.06970912,-118.2779833,-4.707161482,0.34683022
6037190510,1905.1,4003,34.09997685,-118.3113893,-7.7828253,3.712448167
6037190520,1905.2,3434,34.09993262,-118.3038042,-7.084284438,3.707530418
6037190902,1909.02,3873,34.09439483,-118.3190122,-8.485131544,3.091755822
6037191000,1910,5426,34.10095507,-118.3216779,-8.730291893,3.821221116
6037191110,1911.1,3828,34.09658414,-118.3049411,-7.18912651,3.33519645
6037191120,1911.2,3843,34.09292886,-118.3047945,-7.175777807,2.928748014
6037191201,1912.01,5973,34.09857653,-118.2961731,-6.381550351,3.556740239
6037191420,1914.2,2853,34.08512112,-118.2881016,-5.63865905,2.060566904
6037191500,1915,5173,34.08726083,-118.296037,-6.369443608,2.29849144
6037191610,1916.1,3663,34.08638523,-118.3059568,-7.283104744,2.201129292
6037191620,1916.2,2838,34.0885856,-118.3027213,-6.985024915,2.445799587
6037191820,1918.2,3776,34.08529642,-118.3277053,-9.286235484,2.080058565
6037137402,1374.02,5713,34.15546365,-118.6249425,-36.64726724,9.882299476
6037272100,2721,4550,34.00371008,-118.442288,-19.84911317,-6.991927578
6037221110,2211.1,3027,34.0457195,-118.2878286,-5.614817127,-2.320693963
6037212303,2123.03,3713,34.05976321,-118.293514,-6.1380716,-0.759104565
6037201200,2012,2513,34.08870812,-118.1785461,4.451576597,2.459422738
6037191203,1912.03,1945,34.09316717,-118.2939066,-6.173018054,2.955246948
6037135201,1352.01,2861,34.18832,-118.6274417,-36.87019193,13.53575808
6037119400,1194,4712,34.24009752,-118.4358477,-19.22879431,19.29315616
6037113213,1132.13,5002,34.25339133,-118.6071925,-34.99285025,20.77135977
6037296600,2966,5319,33.73978284,-118.2923623,-6.043338554,-36.33929793
6037237300,2373,5621,33.97828333,-118.3110717,-7.759144396,-9.819254031
6037227010,2270.1,3932,34.01852554,-118.2469969,-1.853545161,-5.344524009
6037219300,2193,3912,34.02675882,-118.3318301,-9.669479745,-4.429025368
6037212203,2122.03,2830,34.05976239,-118.2903569,-5.847252518,-0.759195888
6037204420,2044.2,2884,34.04453181,-118.2116202,1.40579926,-2.452759318
6037211320,2113.2,3058,34.07087142,-118.2941392,-6.195253043,0.476072001
6037262301,2623.01,2988,34.10392353,-118.4921225,-24.42674735,4.151299078
6037218120,2181.2,3790,34.04356327,-118.3206763,-8.640984824,-2.560455786
6037209403,2094.03,4136,34.05313265,-118.2738441,-4.326323017,-1.496389432
6037208902,2089.02,2373,34.05644633,-118.2723724,-4.1906631,-1.127925015
6037183620,1836.2,2967,34.11517588,-118.189852,3.409763017,5.402503181
6037194200,1942,3389,34.10350884,-118.3749966,-13.64040448,4.105187223
6037117510,1175.1,3788,34.23374026,-118.4629722,-21.72555347,18.58626145
6037139303,1393.03,4715,34.17628424,-118.5333067,-28.20743034,12.19744278
6037123410,1234.1,3254,34.1979675,-118.4216318,-17.92514561,14.60851188
6037120010,1200.1,2569,34.21788939,-118.4626224,-21.69540473,16.82372406
6037294810,2948.1,3991,33.77952633,-118.271494,-4.116452548,-31.92002407
6037242300,2423,4517,33.94850601,-118.2461144,-1.772958206,-13.13034085
6037980015,9800.15,1392,33.77652425,-118.2931903,-6.1184359,-32.25384021
6037262601,2626.01,3446,34.07383434,-118.55579,-30.29541113,0.805534299
6037222600,2226,4907,34.02184245,-118.295871,-6.356606415,-4.975700856
6037237900,2379,4211,33.97092929,-118.3111925,-7.770608325,-10.63698604
6037228600,2286,4894,34.0036935,-118.2608659,-3.131687024,-6.993772094
6037208904,2089.04,3859,34.05956795,-118.2700924,-3.980564677,-0.780816248
6037139703,1397.03,2663,34.14457973,-118.5320778,-28.09957212,8.672061933
6037123602,1236.02,3192,34.18122003,-118.4263255,-18.35897982,12.74627819
6037122410,1224.1,3967,34.20448315,-118.3919736,-15.19479382,15.33301831
6037131300,1313,4668,34.2146601,-118.5229634,-27.24911498,16.4646443
6037115302,1153.02,3749,34.22606305,-118.54995,-29.73073104,17.73259412
6037109700,1097,4002,34.26193448,-118.480889,-23.37038218,21.72131464
6037228410,2284.1,3111,34.01374024,-118.2691141,-3.891497579,-5.876624727
6037241300,2413,2245,33.92613299,-118.2862375,-5.472090347,-15.61810645
6037214600,2146,2280,34.07278742,-118.3656443,-12.78145439,0.689121796
6037204200,2042,3383,34.04361952,-118.2050758,2.008708863,-2.554200867
6037209820,2098.2,2548,34.0472131,-118.2782543,-4.732752989,-2.154613077
6037211420,2114.2,3438,34.0726363,-118.302942,-7.006011226,0.67231839
6037191810,1918.1,2795,34.08892397,-118.3277121,-9.286667126,2.483424622
6037192620,1926.2,3661,34.07767183,-118.2960547,-6.371438365,1.232243398
6037124500,1245,2791,34.17227426,-118.4267709,-18.40095105,11.75155385
6037127910,1279.1,5103,34.19756482,-118.4443621,-20.01730991,14.56373544
6037123205,1232.05,2744,34.19456369,-118.3835615,-14.42140813,14.23002472
6037108103,1081.03,3199,34.2864259,-118.54,-28.80477669,24.44463677
6037134305,1343.05,3659,34.21763395,-118.601695,-34.49432234,16.79532121
6037143902,1439.02,3083,34.1369563,-118.4186854,-17.6603204,7.824375763
6037141700,1417,3234,34.13798629,-118.4376483,-19.40620289,7.938905492
6037123420,1234.2,4136,34.19357549,-118.4166146,-17.46381484,14.12014169
6037134101,1341.01,4515,34.21430351,-118.5666432,-31.26911071,16.42499286
6037277100,2771,3179,33.96521776,-118.3783981,-13.965047,-11.27207921
6037277200,2772,1893,33.95262881,-118.3822385,-14.32006565,-12.67190631
6037242600,2426,4749,33.93237602,-118.2502425,-2.153680176,-14.92391401
6037291110,2911.1,3749,33.9200911,-118.2868207,-5.526053168,-16.2899348
6037291130,2911.3,3412,33.90244268,-118.2871422,-5.556270636,-18.25234976
6037291210,2912.1,4785,33.88869052,-118.2870811,-5.551088404,-19.78151966
6037291220,2912.2,2988,33.87713936,-118.2867084,-5.51709164,-21.06595035
6037291300,2913,3065,33.86503622,-118.2934526,-6.139446404,-22.41175777
6037293302,2933.02,4864,33.80161169,-118.3042077,-7.13395993,-29.46424415
6037293304,2933.04,4594,33.7926174,-118.3043156,-7.144291354,-30.46436347
6037294110,2941.1,3889,33.79797831,-118.2603806,-3.090706197,-29.86825673
6037294120,2941.2,2403,33.79579041,-118.2475632,-1.908221884,-30.11154092
6037294200,2942,4139,33.79483768,-118.2693891,-3.921884356,-30.21747899
6037294410,2944.1,5023,33.79412782,-118.2898926,-5.813558382,-30.29641193
6037293301,2933.01,2598,33.81117749,-118.303829,-7.098628171,-28.40057548
6037294620,2946.2,3810,33.78746947,-118.2479261,-1.941791733,-31.03678652
6037294510,2945.1,4269,33.78658767,-118.2716937,-4.134704942,-31.13483904
6037294820,2948.2,3279,33.77978223,-118.2656267,-3.575082075,-31.89156946
6037294900,2949,3902,33.77487025,-118.2774452,-4.665687782,-32.43775574
6037296210,2962.1,3355,33.74761378,-118.2839526,-5.266970464,-35.4685379
6037296300,2963,5111,33.7545884,-118.3012742,-6.865220915,-34.69299497
6037294610,2946.1,4312,33.78732413,-118.2581971,-2.889444039,-31.05294801
6037275311,2753.11,5234,33.98844298,-118.4233006,-18.10112021,-8.68955196
6037275400,2754,4336,33.99061362,-118.4391725,-19.56354418,-8.448188043
6037296500,2965,3756,33.74830988,-118.2930775,-6.10904303,-35.39113452
6037297120,2971.2,3519,33.72821497,-118.2850921,-5.372737778,-37.62558651
6037297300,2973,2081,33.71601382,-118.3153531,-8.16629141,-38.98229251
6037297400,2974,3695,33.72221008,-118.3238755,-8.952609337,-38.29330042
6037276000,2760,6626,33.96917859,-118.3890199,-14.94367875,-10.83165457
6037276400,2764,4233,33.96688826,-118.4095017,-16.83162238,-11.08632784
6037276500,2765,5464,33.96654136,-118.4180349,-17.61813681,-11.12490149
6037277400,2774,0,33.94903532,-118.3743483,-13.59308156,-13.07148388
6037240020,2400.2,5324,33.95426405,-118.2638879,-3.411141898,-12.49007544
6037189702,1897.02,2459,34.11249267,-118.3410228,-10.51112601,5.104144037
6037275200,2752,3686,33.99549004,-118.4210115,-17.88942945,-7.90595509
6037226420,2264.2,4928,34.02184186,-118.2570619,-2.780863705,-4.975766659
6037219010,2190.1,3108,34.02761417,-118.3229256,-8.849031628,-4.333914856
6037209520,2095.2,2228,34.05055214,-118.2769511,-4.612604987,-1.783328558
6037208720,2087.2,3267,34.06276299,-118.281105,-4.99490953,-0.425543956
6037208710,2087.1,4519,34.06572797,-118.2825427,-5.127253085,-0.095853297
6037190901,1909.01,3673,34.09442208,-118.3124766,-7.883221452,3.094785882
6037143700,1437,3633,34.12898165,-118.3568139,-11.96412222,6.937634903
6037181300,1813,4166,34.13608528,-118.2236594,0.29653362,7.727522298
6037296401,2964.01,3120,33.74177324,-118.3141696,-8.055834255,-36.11797557
6037980008,9800.08,106,34.21063215,-118.4906761,-24.27822949,16.01675621
6037278102,2781.02,2917,33.95722798,-118.4503109,-20.59404293,-12.16050216
6037294301,2943.01,2685,33.79466196,-118.279553,-4.859606213,-30.237019
6037294302,2943.02,4435,33.78487649,-118.2782903,-4.743383655,-31.32511304
6037294421,2944.21,2410,33.79027492,-118.2975502,-6.520203778,-30.72483516
6037294701,2947.01,2987,33.7780093,-118.2549074,-2.586060907,-32.08871003
6037101400,1014,4006,34.24285174,-118.2941618,-6.191035309,19.59941178
6037183402,1834.02,3183,34.12572059,-118.2164094,0.964133505,6.575021312
6037183701,1837.01,3351,34.10930624,-118.1878616,3.593176867,4.749828655
6037183702,1837.02,2905,34.10547043,-118.1842018,3.930295107,4.323306234
6037186201,1862.01,3187,34.12131217,-118.2188452,0.739867936,6.084827646
6037186203,1862.03,2509,34.11500295,-118.215341,1.06258236,5.383274654
6037186302,1863.02,4958,34.11267316,-118.228855,-0.181873529,5.124213909
6037296402,2964.02,3247,33.7465581,-118.3038512,-7.103362615,-35.58592321
6037296902,2969.02,4306,33.73447068,-118.2956427,-6.346286135,-36.92998379
6037297202,2972.02,4238,33.72473499,-118.2990075,-6.657211794,-38.01254269
6037297602,2976.02,3540,33.71590257,-118.2903209,-5.85575889,-38.99466306
6037104204,1042.04,3577,34.28934951,-118.3954402,-15.50605168,24.7697278
6037106645,1066.45,3143,34.29056315,-118.4941732,-24.58844381,24.90467814
6037121102,1211.02,2436,34.24235974,-118.3814327,-14.22144188,19.54470381
6037124104,1241.04,2780,34.18486123,-118.3834099,-14.40828504,13.15116126
6037186403,1864.03,2658,34.11178832,-118.2395217,-1.164144282,5.025823457
6037186404,1864.04,2441,34.10675964,-118.2354295,-0.787327807,4.4666601
6037187101,1871.01,3026,34.11544975,-118.2590605,-2.963367907,5.432955984
6037188201,1882.01,2994,34.11183488,-118.2722496,-4.177987557,5.031001389
6037189101,1891.01,2382,34.10473693,-118.2885056,-5.675204355,4.241745602
6037189102,1891.02,3704,34.11268916,-118.2884443,-5.669291241,5.125992501
6037189202,1892.02,3119,34.11133176,-118.2957555,-6.342617773,4.975056211
6037190802,1908.02,2797,34.0943606,-118.3299164,-9.489378207,3.087949536
6037191301,1913.01,1993,34.09233447,-118.2865852,-5.498752036,2.862654443
6037191302,1913.02,1780,34.09622782,-118.2884039,-5.666124842,3.295574758
6037191901,1919.01,4328,34.09068281,-118.3383605,-10.26728412,2.678998342
6037124902,1249.02,3074,34.17024402,-118.4008749,-16.01729031,11.52580138
6037201601,2016.01,2098,34.07269711,-118.1774623,4.551818314,0.679079917
6037134905,1349.05,6371,34.18335858,-118.5842953,-32.89969549,12.9840735
6037192002,1920.02,2680,34.08354146,-118.35532,-11.8297371,1.884916502
6037194401,1944.01,2579,34.08430976,-118.3642235,-12.64971923,1.970347104
6037194402,1944.02,3397,34.0850408,-118.3719015,-13.35683322,2.051635283
6037195201,1952.01,2980,34.10874224,-118.2785169,-4.755221019,4.687114716
6037195202,1952.02,3280,34.10294735,-118.278541,-4.757597324,4.042752745
6037195804,1958.04,2475,34.07877467,-118.2728201,-4.231354242,1.354872939
6037195901,1959.01,2446,34.08877898,-118.2823159,-5.105668189,2.467301835
6037195902,1959.02,1839,34.08638328,-118.2793121,-4.82908069,2.200911977
6037195903,1959.03,2035,34.08081285,-118.28244,-5.117338523,1.581508283
6037201602,2016.02,2577,34.07715011,-118.1678924,5.433154667,1.174230171
6037240401,2404.01,5550,33.94991829,-118.2857156,-5.423222725,-12.9733018
6037141101,1411.01,4947,34.1515461,-118.4266507,-18.3921386,9.446687817
6037190202,1902.02,3001,34.10340325,-118.3355386,-10.00663297,4.09344648
6037207103,2071.03,2024,34.06448308,-118.2392749,-1.141739491,-0.234278599
6037211704,2117.04,2879,34.06351152,-118.3115786,-7.801933598,-0.342310987
6037237102,2371.02,4015,33.98575523,-118.2837232,-5.238466195,-8.988416418
6037262704,2627.04,3481,34.04128117,-118.5415102,-28.9856834,-2.81421357
6037264102,2641.02,3061,34.05950835,-118.4693763,-22.33785706,-0.787443699
6037111206,1112.06,4177,34.2675477,-118.5344978,-28.30177948,22.34547666
6037262706,2627.06,3292,34.03643341,-118.5264538,-27.59938267,-3.35326016
6037101122,1011.22,4124,34.26772143,-118.2901468,-5.820734866,22.36479483
6037104404,1044.04,3477,34.2639207,-118.4286916,-18.56768143,21.94217288
6037104703,1047.03,2493,34.25522505,-118.4005885,-15.98288134,20.97526022
6037104704,1047.04,4570,34.2625305,-118.4088619,-16.74338692,21.7875897
6037106405,1064.05,4137,34.31468632,-118.4482859,-20.36433183,27.58705263
6037106407,1064.07,2229,34.31057403,-118.436557,-19.28600571,27.12978583
6037106648,1066.48,4517,34.29309831,-118.4558346,-21.06134173,25.18657443
6037109603,1096.03,4068,34.25365179,-118.4654157,-21.94782316,20.80032156
6037109604,1096.04,3052,34.26154456,-118.4653519,-21.940923,21.67795765
6037113101,1131.01,3666,34.26458801,-118.5868916,-33.12275636,22.01637449
6037278001,2780.01,2572,33.95721731,-118.4019788,-16.13917948,-12.1616883
6037104403,1044.03,2410,34.25879498,-118.4344945,-19.1021621,21.37221856
6037117408,1174.08,2588,34.22484625,-118.4703704,-22.40752939,17.5972916
6037117101,1171.01,5209,34.2392074,-118.4621886,-21.65275,19.19417942
6037117201,1172.01,4032,34.2426811,-118.4700959,-22.37990282,19.58043726
6037117407,1174.07,3410,34.23010573,-118.4703111,-22.40137431,18.18211982
6037119342,1193.42,3017,34.24076836,-118.4472663,-20.27943646,19.36774945
6037121802,1218.02,3442,34.2192142,-118.3913634,-15.13731226,16.971037
6037120103,1201.03,2793,34.22972035,-118.4517997,-20.69793859,18.13926738
6037113102,1131.02,2722,34.26529695,-118.5685833,-31.43816825,22.09520494
6037115404,1154.04,2622,34.22530085,-118.5413222,-28.93688362,17.6478417
6037117202,1172.02,2786,34.24290899,-118.4788738,-23.18759049,19.60577718
6037119001,1190.01,4341,34.23231075,-118.4180915,-17.59571945,18.42730689
6037119202,1192.02,4240,34.25542825,-118.4425543,-19.84411821,20.99785562
6037121801,1218.01,4126,34.2114873,-118.3928778,-15.27737817,16.11184483
6037123901,1239.01,4289,34.18545437,-118.3937976,-15.36439301,13.21711439
6037125402,1254.02,4099,34.15658627,-118.3742189,-13.56453502,10.00712866
6037120104,1201.04,2367,34.22396295,-118.4493666,-20.47472965,17.49907378
6037120107,1201.07,4018,34.22639314,-118.4565509,-21.1355785,17.76929796
6037120108,1201.08,4684,34.23164323,-118.4561484,-21.09787861,18.3530821
6037124103,1241.03,1727,34.18849165,-118.3834113,-14.40810499,13.55484504
6037121101,1211.01,3108,34.22441676,-118.3654284,-12.75013668,17.54953489
6037121221,1212.21,2173,34.22761752,-118.3955627,-15.52299727,17.9054431
6037121222,1212.22,5396,34.23215189,-118.3919489,-15.19002706,18.40964223
6037124105,1241.05,2199,34.18122879,-118.383406,-14.40823157,12.74725238
6037127606,1276.06,3436,34.19026302,-118.4778058,-23.09650325,13.75181221
6037124203,1242.03,2109,34.17760403,-118.3746648,-13.60389818,12.34419694
6037124903,1249.03,3848,34.16661006,-118.4008681,-16.01700658,11.12172367
6037127604,1276.04,3021,34.19931617,-118.4797988,-23.27870904,14.75847636
6037127712,1277.12,4520,34.19741829,-118.4700955,-22.38586394,14.54744159
6037131701,1317.01,4896,34.20466435,-118.5578906,-30.46532874,15.35316711
6037134521,1345.21,2601,34.20462827,-118.5952096,-33.90007853,15.34915531
6037135113,1351.13,3014,34.18101261,-118.6059581,-34.89421372,12.72321337
6037137103,1371.03,4860,34.1744854,-118.6013396,-34.47041325,11.99742096
6037980020,9800.2,0,34.22668883,-118.3034035,-7.042098474,17.80217738
6037208401,2084.01,3782,34.06376602,-118.2691301,-3.89182448,-0.314012457
6037208302,2083.02,4577,34.06347879,-118.2624813,-3.279381497,-0.3459506
6037208402,2084.02,2608,34.06836449,-118.2660134,-3.60463287,0.197314075
6037208502,2085.02,3242,34.06604935,-118.2741657,-4.355618837,-0.060117002
6037208801,2088.01,3525,34.06009497,-118.2766168,-4.581549303,-0.722214791
6037209103,2091.03,3004,34.05711014,-118.2640308,-3.422238427,-1.054112028
6037209104,2091.04,2566,34.05917788,-118.266375,-3.638142208,-0.824190689
6037120105,1201.05,2684,34.23107059,-118.4465324,-20.21306504,18.2894067
6037139401,1394.01,2606,34.1696955,-118.5375831,-28.60220186,11.4648086
6037221304,2213.04,3615,34.04536215,-118.3146465,-8.08539719,-2.360429647
6037980024,9800.24,222,34.17667763,-118.4886205,-24.09387984,12.24118617
6037980026,9800.26,39,34.27518342,-118.2792054,-4.813884104,23.19453023
6037211201,2112.01,2549,34.07452931,-118.2984688,-6.593914889,0.882810455
6037212502,2125.02,3591,34.05864179,-118.3069677,-7.377420203,-0.883800235
6037212702,2127.02,3508,34.05851476,-118.3261909,-9.148202383,-0.897925967
6037214501,2145.01,3809,34.07123617,-118.3578945,-12.06773456,0.516630052
6037215101,2151.01,3023,34.06365072,-118.3540093,-11.71038922,-0.326832854
6037216401,2164.01,3998,34.05670029,-118.3797323,-14.08041818,-1.099685568
6037216402,2164.02,2648,34.06115361,-118.3804368,-14.14494579,-0.604498766
6037217001,2170.01,3156,34.05238379,-118.3870304,-14.75307718,-1.579658513
6037218701,2187.01,1788,34.03738886,-118.3333058,-9.804830478,-3.247018877
6037218702,2187.02,2698,34.03340751,-118.3337771,-9.848476738,-3.689724383
6037219902,2199.02,3640,34.03003539,-118.3686697,-13.06341578,-4.064686944
6037183103,1831.03,4318,34.11581683,-118.1757755,4.705995265,5.47377388
6037221401,2214.01,3690,34.0338861,-118.3132698,-7.959113776,-3.636508181
6037122122,1221.22,2446,34.21985354,-118.3733776,-13.48203716,17.04212779
6037127805,1278.05,3287,34.19219624,-118.457689,-21.24460899,13.96677656
6037183104,1831.04,2078,34.12148542,-118.1726844,4.990475185,6.104091986
6037186301,1863.01,2663,34.12234948,-118.2404144,-1.246273866,6.200171599
6037980010,9800.1,182,34.08004227,-118.2393375,-1.147396858,1.495824107
6037980014,9800.14,38,33.78254735,-118.2383592,-1.059149521,-31.5841021
6037222002,2220.02,4544,34.02189125,-118.3132777,-7.960402479,-4.970274725
6037226001,2260.01,2011,34.02448041,-118.2502714,-2.155177702,-4.68237267
6037226002,2260.02,1900,34.03261858,-118.2477705,-1.92466461,-3.777449788
6037221402,2214.02,2771,34.03844285,-118.3090469,-7.56984799,-3.129820646
6037211703,2117.03,4330,34.06714653,-118.3115816,-7.802045971,0.061883636
6037207101,2071.01,4264,34.06120221,-118.2448159,-1.652175731,-0.599095323
6037207102,2071.02,3331,34.05928476,-118.2395084,-1.163280909,-0.812306131
6037207502,2075.02,4518,34.05270687,-118.2530834,-2.413857794,-1.543733591
6037212701,2127.01,2525,34.05430358,-118.3193135,-8.514890512,-1.36618788
6037273700,2737,2782,33.99837952,-118.4526791,-20.80727066,-7.584659592
6037273800,2738,2907,33.99271001,-118.4512618,-20.67735914,-8.215080566
6037274100,2741,4386,33.9875225,-118.4489226,-20.46242308,-8.791905342
6037222100,2221,3964,34.02731718,-118.3023784,-6.955951376,-4.366938709
6037221500,2215,3542,34.03484564,-118.3046376,-7.163784976,-3.529811722
6037221710,2217.1,2469,34.03469844,-118.287632,-5.597065461,-3.546179592
6037221900,2219,4775,34.02676667,-118.2895565,-5.774645398,-4.428152519
6037222200,2222,3474,34.03091655,-118.3024151,-6.959189575,-3.96670718
6037222500,2225,4076,34.02184976,-118.3045509,-7.156340293,-4.9748878
6037235100,2351,4121,33.98524227,-118.3463238,-11.00754114,-9.045454847
6037222700,2227,4632,34.02092974,-118.2856605,-5.415874196,-5.077189651
6037224010,2240.1,2964,34.0367637,-118.2658981,-3.594684455,-3.316533405
6037224020,2240.2,2989,34.03048271,-118.2686569,-3.848994422,-4.014947469
6037234600,2346,4731,33.99220782,-118.327633,-9.284672627,-8.270920721
6037234700,2347,3650,33.98722123,-118.3276856,-9.28979251,-8.825404163
6037265100,2651,2194,34.07371525,-118.4288497,-18.60313765,0.792292016
6037265301,2653.01,13681,34.07106889,-118.4454347,-20.13107192,0.498030314
6037265303,2653.03,4184,34.06727406,-118.4534109,-20.86622602,0.076063736
6037265304,2653.04,3603,34.06775452,-118.4511606,-20.65889353,0.129488279
6037265410,2654.1,1732,34.06560252,-118.4632445,-21.77224115,-0.109802649
6037238310,2383.1,5248,33.9660435,-118.2861073,-5.458808833,-11.18026032
6037237720,2377.2,3410,33.96928631,-118.2861511,-5.462739466,-10.81967649
6037237800,2378,4324,33.97096006,-118.2981213,-6.565913458,-10.63356412
6037238000,2380,5831,33.9472945,-118.3097252,-7.636439262,-13.26505385
6037238100,2381,4922,33.96362797,-118.3111989,-7.771534992,-11.44885549
6037238200,2382,6588,33.96349575,-118.2979776,-6.552958774,-11.46355705
6037238320,2383.2,3617,33.96215253,-118.2861542,-5.463250133,-11.61291659
6037211310,2113.1,3672,34.0709096,-118.2984944,-6.596410104,0.480318108
6037238400,2384,4601,33.95634901,-118.3089917,-7.568424479,-12.25823905
6037239320,2393.2,2940,33.9785677,-118.2717388,-4.134197891,-9.787633264
6037211000,2110,5054,34.06778592,-118.3317414,-9.658975916,0.132980516
6037211410,2114.1,2767,34.07261415,-118.3073151,-7.408809871,0.669855044
6037212202,2122.02,3870,34.05636546,-118.2879309,-5.623889028,-1.136917222
6037211500,2115,3825,34.07245656,-118.3152597,-8.140592059,0.652331744
6037211701,2117.01,2895,34.06534051,-118.318453,-8.435077501,-0.138936779
6037211910,2119.1,4039,34.06720772,-118.2985033,-6.597372586,0.068686941
6037212204,2122.04,3597,34.05982552,-118.2865333,-5.495033572,-0.752175356
6037212304,2123.04,1640,34.05985398,-118.2979151,-6.543477707,-0.749011695
6037212620,2126.2,4040,34.05636068,-118.3130595,-7.938685678,-1.137448092
6037212306,2123.06,2686,34.05612799,-118.2940727,-6.18966181,-1.163322832
6037212420,2124.2,2762,34.05608791,-118.3019786,-6.917947877,-1.167778949
6037212610,2126.1,4114,34.05984497,-118.3138705,-8.013225622,-0.750012715
6037212800,2128,3479,34.0518661,-118.3305981,-9.554553161,-1.637222928
6037224600,2246,3040,34.02229883,-118.2718021,-4.138970041,-4.924952935
6037212900,2129,3421,34.04945402,-118.3215147,-8.717911545,-1.90543431
6037213100,2131,2814,34.05063666,-118.3126935,-7.905232871,-1.773930828
6037224200,2242,2171,34.04062102,-118.2767171,-4.59131675,-2.887618911
6037224320,2243.2,3872,34.04158508,-118.2808544,-4.972446916,-2.780420567
6037224420,2244.2,2051,34.0316494,-118.2769034,-4.608729816,-3.885217386
6037265420,2654.2,1696,34.07044161,-118.4594422,-21.42138401,0.428279229
6037267800,2678,3600,34.03957992,-118.430681,-18.77559672,-3.003384054
6037267600,2676,2767,34.03407964,-118.452461,-20.7828042,-3.614986845
6037267700,2677,3744,34.03872179,-118.4441581,-20.01730548,-3.098803751
6037235201,2352.01,2925,33.97455336,-118.3221143,-8.777021089,-10.23400775
6037235202,2352.02,4195,33.97308024,-118.3303763,-9.538554529,-10.39781062
6037269800,2698,3384,34.03204514,-118.3968115,-15.65599165,-3.841212732
6037228210,2282.1,3579,34.01041217,-118.2534824,-2.451222072,-6.246689984
6037226410,2264.1,3334,34.02419946,-118.2622809,-3.261682009,-4.713612906
6037227020,2270.2,3232,34.01575357,-118.2519326,-2.30835033,-5.652753298
6037228100,2281,4189,34.00961706,-118.2439606,-1.573860868,-6.335101649
6037228220,2282.2,4565,34.00604548,-118.2513191,-2.251952622,-6.732243193
6037228310,2283.1,4470,34.0113509,-118.2624159,-3.274365478,-6.142307197
6037228320,2283.2,3166,34.00782192,-118.2636361,-3.386872241,-6.534712831
6037228420,2284.2,2781,34.00825995,-118.2718916,-4.147556551,-6.486005543
6037228710,2287.1,4127,33.9993681,-118.2542907,-2.525870033,-7.474734012
6037228720,2287.2,4773,33.99936685,-118.2499399,-2.124946129,-7.474873633
6037269000,2690,4953,34.04210932,-118.4038251,-16.30119789,-2.722126947
6037269100,2691,4227,34.05307044,-118.3948252,-15.47107531,-1.50330675
6037269300,2693,3757,34.04044097,-118.4139303,-17.23232043,-2.907639017
6037269500,2695,3962,34.0433814,-118.3937881,-15.37642065,-2.580678871
6037269700,2697,4043,34.03633598,-118.3871528,-14.76575125,-3.364093393
6037228800,2288,5503,33.99924689,-118.2432564,-1.509067542,-7.488211775
6037228900,2289,3410,33.99205464,-118.2430151,-1.486898855,-8.287954215
6037229100,2291,4420,33.99216071,-118.2520958,-2.323704296,-8.276159219
6037231400,2314,4633,34.01455499,-118.3130001,-7.935164565,-5.78602963
6037237710,2377.1,4062,33.97269588,-118.2861363,-5.461268055,-10.44054984
6037239330,2393.3,3424,33.97838758,-118.263103,-3.338320487,-9.807661184
6037240700,2407,6196,33.94701531,-118.2593918,-2.996849745,-13.29609843
6037240800,2408,4333,33.93979531,-118.2610925,-3.15375575,-14.0989265
6037241110,2411.1,3266,33.93649405,-118.2716974,-4.13141052,-14.46600986
6037241120,2411.2,4313,33.93644474,-118.2768364,-4.605138405,-14.47149319
6037241400,2414,4022,33.92558238,-118.2755591,-4.487679792,-15.67933248
6037262302,2623.02,2973,34.0751239,-118.4768413,-23.02338444,0.94892662
6037229200,2292,4319,33.99827143,-118.260828,-3.128293901,-7.596677884
6037229300,2293,5641,33.99807165,-118.269671,-3.943180133,-7.618893072
6037229410,2294.1,3788,33.99223617,-118.2695626,-3.93332285,-8.267769137
6037229420,2294.2,4796,33.99253104,-118.2608174,-3.127425734,-8.234980693
6037231100,2311,2785,34.0152478,-118.2765578,-4.577331575,-5.708992241
6037231210,2312.1,3984,34.01452843,-118.2980278,-6.555614826,-5.788982803
6037231220,2312.2,4274,34.01456346,-118.2893753,-5.758363739,-5.785087153
6037231710,2317.1,4190,34.00731385,-118.2893584,-5.757045949,-6.59120685
6037240010,2400.1,3986,33.95831604,-118.2637837,-3.40145823,-12.03951516
6037240200,2402,5728,33.95603357,-118.2761411,-4.540513863,-12.29331394
6037240500,2405,6480,33.94692708,-118.2756655,-4.496919935,-13.30590954
6037270200,2702,3401,34.0333298,-118.3806898,-14.17057835,-3.6983657
6037270300,2703,2599,34.03972861,-118.37085,-13.26352751,-2.986850649
6037271100,2711,2438,34.03391241,-118.4268128,-18.41984988,-3.633582453
6037271200,2712,2931,34.0313914,-118.4420012,-19.81945367,-3.913905982
6037271300,2713,4865,34.02596023,-118.4413949,-19.76422803,-4.517824375
6037271400,2714,3331,34.01007785,-118.4473993,-20.31934262,-6.283864906
6037231800,2318,4995,34.00744474,-118.2774654,-4.661168198,-6.576652627
6037232110,2321.1,3375,33.99949493,-118.2893184,-5.753626161,-7.46063175
6037232200,2322,3581,34.00172414,-118.2978731,-6.541848457,-7.212754268
6037242700,2427,4724,33.93635378,-118.2426491,-1.453641693,-14.48160678
6037242100,2421,2167,33.94562982,-118.2323659,-0.505682948,-13.45015857
6037243100,2431,5004,33.93269348,-118.2351412,-0.761563339,-14.88861422
6037261200,2612,3929,34.11267901,-118.4439892,-19.99301571,5.124864522
6037221820,2218.2,2700,34.03045271,-118.2864988,-5.492806987,-4.018283699
6037219700,2197,3876,34.02775635,-118.3490694,-11.25774142,-4.318105163
6037242000,2420,3857,33.93928211,-118.2502152,-2.151079567,-14.15599189
6037264000,2640,3145,34.0545499,-118.4815022,-23.45554338,-1.338798172
6037267502,2675.02,3403,34.03755027,-118.4621618,-21.67609598,-3.229070361
6037271500,2715,3094,34.01668228,-118.4382419,-19.47479236,-5.549485242
6037272301,2723.01,3310,34.00501553,-118.4222402,-18.00164152,-6.84676922
6037272302,2723.02,3996,34.00210964,-118.427442,-18.48128173,-7.169889041
6037273100,2731,3110,34.00348449,-118.4598116,-21.46388301,-7.017012783
6037273200,2732,2792,33.99759129,-118.4669826,-22.12543479,-7.67230614
6037273300,2733,3151,33.99556254,-118.4722137,-22.60775272,-7.897893665
6037273600,2736,2279,33.99336083,-118.4599432,-21.47729464,-8.142711804
6037232120,2321.2,5199,33.99967477,-118.2839312,-5.257196577,-7.440634444
6037294830,2948.3,3706,33.77294329,-118.2670107,-3.702928334,-32.65202453
6037106603,1066.03,3783,34.31263245,-118.5204473,-27.00188198,27.35867178
6037189600,1896,3296,34.11126013,-118.3297976,-9.477494222,4.967092217
6037189400,1894,2977,34.12008129,-118.3211417,-8.67993752,5.94796003
6037181400,1814,4247,34.1367194,-118.2088739,1.657895801,7.798033413
