time_stamp,humidity,temperature,pressure,pm2.5_cf_1
2025-07-01T00:00:00-05:00,48,86,987.48,3.1
2025-07-01T01:00:00-05:00,50,84,987.79,3.2
2025-07-01T02:00:00-05:00,50,83,987.89,2.8
2025-07-01T03:00:00-05:00,51,82,987.99,2.6
2025-07-01T04:00:00-05:00,54,81,988.22,2.7
2025-07-01T05:00:00-05:00,56,80,988.83,3.1
2025-07-01T06:00:00-05:00,54,81,989.37,3.3
2025-07-01T07:00:00-05:00,50,83,989.91,3.8
2025-07-01T08:00:00-05:00,45,86,990.18,5.3
2025-07-01T09:00:00-05:00,41,88,990.35,7.7
2025-07-01T10:00:00-05:00,38,90,990.37,9.6
2025-07-01T11:00:00-05:00,28,100,990.25,8.7
2025-07-01T12:00:00-05:00,26,100,990.1,6.5
2025-07-01T13:00:00-05:00,28,97,989.75,7.1
2025-07-01T14:00:00-05:00,29,97,989.7,7.8
2025-07-01T15:00:00-05:00,30,97,989.58,8.6
2025-07-01T16:00:00-05:00,29,96,989.49,10.1
2025-07-01T17:00:00-05:00,30,95,989.27,10.8
2025-07-01T18:00:00-05:00,30,94,989.18,11.8
2025-07-01T19:00:00-05:00,31,93,989.3,12.9
2025-07-01T20:00:00-05:00,34,91,989.5,13.4
2025-07-01T21:00:00-05:00,37,88,990.05,14.6
2025-07-01T22:00:00-05:00,40,86,990.47,15.7
2025-07-01T23:00:00-05:00,43,85,990.68,17.4
2025-07-02T00:00:00-05:00,45,84,990.8,18.2
2025-07-02T01:00:00-05:00,47,83,990.89,18.7
2025-07-02T02:00:00-05:00,49,82,990.88,18.4
2025-07-02T03:00:00-05:00,51,80,990.88,18.5
2025-07-02T04:00:00-05:00,53,79,990.99,18.9
2025-07-02T05:00:00-05:00,56,78,991.21,20.2
2025-07-02T06:00:00-05:00,54,80,991.63,20.2
2025-07-02T07:00:00-05:00,47,85,991.76,17.9
2025-07-02T08:00:00-05:00,41,89,991.77,16.8
2025-07-02T09:00:00-05:00,38,91,991.68,15.2
2025-07-02T10:00:00-05:00,35,94,991.27,15.4
2025-07-02T11:00:00-05:00,26,100,990.78,13
2025-07-02T12:00:00-05:00,25,102,990.54,12.7
2025-07-02T13:00:00-05:00,26,99,990.25,13
2025-07-02T14:00:00-05:00,26,98,990.1,12.1
2025-07-02T15:00:00-05:00,27,98,989.57,12.3
2025-07-02T16:00:00-05:00,27,98,989.15,12.6
2025-07-02T17:00:00-05:00,28,97,988.7,13.2
2025-07-02T18:00:00-05:00,29,96,988.7,13.7
2025-07-02T19:00:00-05:00,31,94,988.69,15.6
2025-07-02T20:00:00-05:00,34,93,989.2,17.5
2025-07-02T21:00:00-05:00,37,91,989.76,17.1
2025-07-02T22:00:00-05:00,40,89,990,15.5
2025-07-02T23:00:00-05:00,42,88,990.16,15.2
2025-07-03T00:00:00-05:00,44,86,990.31,11.4
2025-07-03T01:00:00-05:00,47,84,990.16,10.7
2025-07-03T02:00:00-05:00,48,84,989.99,10
2025-07-03T03:00:00-05:00,50,82,990.26,10.3
2025-07-03T04:00:00-05:00,52,81,990.56,10.7
2025-07-03T05:00:00-05:00,54,80,990.98,11
2025-07-03T06:00:00-05:00,52,82,991.46,11.6
2025-07-03T07:00:00-05:00,48,85,991.85,9.7
2025-07-03T08:00:00-05:00,44,89,992.1,9
2025-07-03T09:00:00-05:00,41,92,992.08,7.9
2025-07-03T10:00:00-05:00,37,95,991.79,7.1
2025-07-03T11:00:00-05:00,28,103,991.7,5.2
2025-07-03T12:00:00-05:00,26,105,991.43,4.8
2025-07-03T13:00:00-05:00,27,103,991.21,4.9
2025-07-03T14:00:00-05:00,27,102,990.91,4.5
2025-07-03T15:00:00-05:00,28,101,990.69,4.8
2025-07-03T16:00:00-05:00,30,100,990.66,4.9
2025-07-03T17:00:00-05:00,30,100,990.51,4.8
2025-07-03T18:00:00-05:00,31,99,990.54,6.2
2025-07-03T19:00:00-05:00,32,97,990.63,5.2
2025-07-03T20:00:00-05:00,34,94,991.34,6.3
2025-07-03T21:00:00-05:00,39,92,991.87,9.2
2025-07-03T22:00:00-05:00,44,90,992.64,11.1
2025-07-03T23:00:00-05:00,46,88,992.4,15.7
2025-07-04T00:00:00-05:00,47,88,992.17,16
2025-07-04T01:00:00-05:00,49,86,992.72,16.1
2025-07-04T02:00:00-05:00,49,86,992.78,15.7
2025-07-04T03:00:00-05:00,51,86,992.88,17.6
2025-07-04T04:00:00-05:00,52,85,992.93,19.9
2025-07-04T05:00:00-05:00,52,86,992.93,18
2025-07-04T06:00:00-05:00,52,86,993.45,15.7
2025-07-04T07:00:00-05:00,49,87,994.02,11.7
2025-07-04T08:00:00-05:00,48,88,994.94,11.6
2025-07-04T09:00:00-05:00,47,89,995.41,9.4
2025-07-04T10:00:00-05:00,47,90,995.54,4.8
2025-07-04T11:00:00-05:00,45,92,995.04,4.2
2025-07-04T12:00:00-05:00,41,96,994.08,6.7
2025-07-04T13:00:00-05:00,39,97,993.9,10.4
2025-07-04T14:00:00-05:00,37,99,993.63,13.7
2025-07-04T15:00:00-05:00,33,101,993.29,11.7
2025-07-04T16:00:00-05:00,32,101,992.64,9.3
2025-07-04T17:00:00-05:00,34,100,992.16,9.3
2025-07-04T18:00:00-05:00,34,99,991.75,9.2
2025-07-04T19:00:00-05:00,35,97,991.51,9.9
2025-07-04T20:00:00-05:00,37,95,991.62,12.4
2025-07-04T21:00:00-05:00,40,93,992.21,30.5
2025-07-04T22:00:00-05:00,42,91,992.83,58.8
2025-07-04T23:00:00-05:00,45,90,993.02,90.9
2025-07-05T00:00:00-05:00,46,89,993.08,92.7
2025-07-05T01:00:00-05:00,48,88,992.85,69.7
2025-07-05T02:00:00-05:00,50,87,992.68,40.2
2025-07-05T03:00:00-05:00,53,86,992.61,30.1
2025-07-05T04:00:00-05:00,54,85,992.56,25.9
2025-07-05T05:00:00-05:00,54,84,992.41,25.8
2025-07-05T06:00:00-05:00,53,85,992.53,27.8
2025-07-05T07:00:00-05:00,50,87,992.61,27.7
2025-07-05T08:00:00-05:00,45,92,992.42,28.6
2025-07-05T09:00:00-05:00,42,94,992.13,31.3
2025-07-05T10:00:00-05:00,39,96,992.02,29.1
2025-07-05T11:00:00-05:00,29,106,991.83,21.6
2025-07-05T12:00:00-05:00,28,106,991.52,19.3
2025-07-05T13:00:00-05:00,27,105,990.82,16.9
2025-07-05T14:00:00-05:00,28,104,989.9,15.5
2025-07-05T15:00:00-05:00,29,102,988.96,14.8
2025-07-05T16:00:00-05:00,29,101,988.63,13.9
2025-07-05T17:00:00-05:00,29,99,988.25,13.5
2025-07-05T18:00:00-05:00,31,98,987.81,15.4
2025-07-05T19:00:00-05:00,33,97,987.91,16.6
2025-07-05T20:00:00-05:00,36,95,988.01,16.9
2025-07-05T21:00:00-05:00,38,94,987.98,18.3
2025-07-05T22:00:00-05:00,45,92,987.97,14.4
2025-07-05T23:00:00-05:00,49,90,988.15,13.7
2025-07-06T00:00:00-05:00,50,90,987.69,13.5
2025-07-06T01:00:00-05:00,52,89,987.08,13.8
2025-07-06T02:00:00-05:00,54,88,986.53,15.3
2025-07-06T03:00:00-05:00,58,86,985.89,18.4
2025-07-06T04:00:00-05:00,54,86,985.93,23.3
2025-07-06T05:00:00-05:00,52,86,986.15,22.7
2025-07-06T06:00:00-05:00,54,87,986.18,20.3
2025-07-06T07:00:00-05:00,53,88,986.58,12.1
2025-07-06T08:00:00-05:00,50,90,987.06,3.6
2025-07-06T09:00:00-05:00,48,91,987.01,2
2025-07-06T10:00:00-05:00,49,91,987.16,2.8
2025-07-06T11:00:00-05:00,49,91,987.46,4.6
2025-07-06T12:00:00-05:00,49,92,987.43,4.9
2025-07-06T13:00:00-05:00,50,91,987.2,4.9
2025-07-06T14:00:00-05:00,44,96,986.51,4.5
2025-07-06T15:00:00-05:00,42,98,986.12,3.1
2025-07-06T16:00:00-05:00,54,91,986.58,2.1
2025-07-06T17:00:00-05:00,58,86,987.17,0.6
2025-07-06T18:00:00-05:00,57,83,987.68,1.6
2025-07-06T19:00:00-05:00,58,82,988.49,3.9
2025-07-06T20:00:00-05:00,58,80,989.29,15.7
2025-07-06T21:00:00-05:00,57,79,989.9,19.7
2025-07-06T22:00:00-05:00,57,79,990.01,19.6
2025-07-06T23:00:00-05:00,57,78,990.27,20.2
2025-07-07T00:00:00-05:00,56,78,989.8,22.7
2025-07-07T01:00:00-05:00,56,78,989.77,20.7
2025-07-07T02:00:00-05:00,56,77,989.99,16.7
2025-07-07T03:00:00-05:00,56,77,990.5,15.2
2025-07-07T04:00:00-05:00,56,77,991.01,17.8
2025-07-07T05:00:00-05:00,55,77,991.5,21.7
2025-07-07T06:00:00-05:00,53,77,992.25,25.8
2025-07-07T07:00:00-05:00,52,79,992.56,24.3
2025-07-07T08:00:00-05:00,48,81,992.83,26.4
2025-07-07T09:00:00-05:00,45,83,993.03,30.5
2025-07-07T10:00:00-05:00,41,85,993.21,34.2
2025-07-07T11:00:00-05:00,30,97,992.97,31.8
2025-07-07T12:00:00-05:00,27,98,992.93,33.7
2025-07-07T13:00:00-05:00,30,96,992.63,37.3
2025-07-07T14:00:00-05:00,31,94,992.29,41.8
2025-07-07T15:00:00-05:00,31,94,991.9,45.3
2025-07-07T16:00:00-05:00,30,95,991.82,46.5
2025-07-07T17:00:00-05:00,31,94,991.69,47.1
2025-07-07T18:00:00-05:00,33,91,992.05,47.1
2025-07-07T19:00:00-05:00,34,89,992.4,41.6
2025-07-07T20:00:00-05:00,36,86,992.86,38.1
2025-07-07T21:00:00-05:00,40,84,993.46,38.2
2025-07-07T22:00:00-05:00,43,83,993.85,37.2
2025-07-07T23:00:00-05:00,46,82,994.45,38
