time_stamp,pm2.5_cf_1,humidity,temperature,pressure
2025-01-17 07:00:00-08:00,23.7,54,49,999.36
2025-01-17 08:00:00-08:00,27.1,47,51,999.51
2025-01-17 09:00:00-08:00,27.4,44,56,999.95
2025-01-17 10:00:00-08:00,19.5,46,60,1000.08
2025-01-17 11:00:00-08:00,12.9,41,64,999.39
2025-01-17 12:00:00-08:00,13.0,36,67,998.28
2025-01-17 13:00:00-08:00,15.4,33,69,997.3
2025-01-17 14:00:00-08:00,17.9,33,70,996.78
2025-01-17 15:00:00-08:00,14.2,37,68,996.56
2025-01-17 16:00:00-08:00,13.5,40,64,996.6
2025-01-17 17:00:00-08:00,13.2,46,60,997.12
2025-01-17 18:00:00-08:00,17.2,50,57,997.78
2025-01-17 19:00:00-08:00,19.3,54,55,998.03
2025-01-17 20:00:00-08:00,18.1,57,53,998.39
2025-01-17 21:00:00-08:00,23.1,59,52,998.86
2025-01-17 22:00:00-08:00,25.6,60,50,999.16
2025-01-17 23:00:00-08:00,35.1,61,49,999.4
2025-01-18 00:00:00-08:00,41.6,60,48,999.33
2025-01-18 01:00:00-08:00,45.6,60,48,999.34
2025-01-18 02:00:00-08:00,44.7,61,47,999.3
2025-01-18 03:00:00-08:00,42.8,61,47,998.96
2025-01-18 04:00:00-08:00,45.5,60,49,998.86
2025-01-18 05:00:00-08:00,44.6,59,50,999.15
2025-01-18 06:00:00-08:00,47.9,60,49,999.61
2025-01-18 07:00:00-08:00,49.4,60,49,1000.08
2025-01-18 08:00:00-08:00,58.4,58,52,1000.51
2025-01-18 09:00:00-08:00,59.3,52,56,1000.92
2025-01-18 10:00:00-08:00,37.3,46,60,1000.92
2025-01-18 11:00:00-08:00,29.7,40,63,1000.08
2025-01-18 12:00:00-08:00,28.0,35,66,998.79
2025-01-18 13:00:00-08:00,24.5,34,70,997.94
2025-01-18 14:00:00-08:00,24.6,33,72,997.58
2025-01-18 15:00:00-08:00,24.4,34,71,997.65
2025-01-18 16:00:00-08:00,24.1,39,66,998.1
2025-01-18 17:00:00-08:00,26.7,45,61,998.88
2025-01-18 18:00:00-08:00,35.7,50,58,999.16
2025-01-18 19:00:00-08:00,31.9,54,55,999.31
2025-01-18 20:00:00-08:00,29.8,56,53,999.2
2025-01-18 21:00:00-08:00,41.6,57,51,999.67
2025-01-18 22:00:00-08:00,51.1,58,50,1000.3
2025-01-18 23:00:00-08:00,45.1,59,49,1000.44
2025-01-19 00:00:00-08:00,47.2,59,48,1000.4
2025-01-19 01:00:00-08:00,54.2,60,47,1000.48
2025-01-19 02:00:00-08:00,48.7,61,46,1000.23
2025-01-19 03:00:00-08:00,41.5,61,46,1000.01
2025-01-19 04:00:00-08:00,42.9,61,45,999.45
2025-01-19 05:00:00-08:00,50.0,61,44,999.39
2025-01-19 06:00:00-08:00,47.1,61,43,999.68
2025-01-19 07:00:00-08:00,48.7,61,43,1000.02
2025-01-19 08:00:00-08:00,60.0,62,47,1000.31
2025-01-19 09:00:00-08:00,68.8,58,52,1000.45
2025-01-19 10:00:00-08:00,68.6,50,58,999.67
2025-01-19 11:00:00-08:00,60.1,44,62,998.45
2025-01-19 12:00:00-08:00,45.9,41,67,997.09
2025-01-19 13:00:00-08:00,33.3,40,69,996.09
2025-01-19 14:00:00-08:00,28.6,38,70,995.5
2025-01-19 15:00:00-08:00,25.5,40,68,995.0
2025-01-19 16:00:00-08:00,38.4,46,63,994.7
2025-01-19 17:00:00-08:00,40.1,53,59,994.75
2025-01-19 18:00:00-08:00,32.9,57,56,994.87
2025-01-19 19:00:00-08:00,37.1,59,54,994.94
2025-01-19 20:00:00-08:00,41.9,60,54,995.27
2025-01-19 21:00:00-08:00,39.6,60,56,995.68
2025-01-19 22:00:00-08:00,38.7,59,56,996.27
2025-01-19 23:00:00-08:00,41.8,57,57,996.72
2025-01-20 00:00:00-08:00,53.1,55,57,996.44
2025-01-20 01:00:00-08:00,57.2,55,57,996.3
2025-01-20 02:00:00-08:00,58.9,56,56,996.16
2025-01-20 03:00:00-08:00,52.7,55,54,996.08
2025-01-20 04:00:00-08:00,51.9,57,52,995.85
2025-01-20 05:00:00-08:00,50.4,58,49,995.54
2025-01-20 06:00:00-08:00,51.1,60,47,995.71
2025-01-20 07:00:00-08:00,54.6,62,46,996.18
2025-01-20 08:00:00-08:00,63.6,61,50,996.74
2025-01-20 09:00:00-08:00,57.5,53,55,997.29
2025-01-20 10:00:00-08:00,9.8,25,65,997.76
2025-01-20 11:00:00-08:00,1.5,15,71,998.58
2025-01-20 12:00:00-08:00,2.4,12,72,998.69
2025-01-20 13:00:00-08:00,0.4,11,74,998.22
2025-01-20 14:00:00-08:00,0.2,10,74,998.17
2025-01-20 15:00:00-08:00,0.6,10,73,998.83
2025-01-20 16:00:00-08:00,0.9,9,68,999.47
2025-01-20 17:00:00-08:00,0.5,8,64,1000.3
2025-01-20 18:00:00-08:00,6.0,8,62,1001.53
2025-01-20 19:00:00-08:00,0.5,8,62,1002.18
2025-01-20 20:00:00-08:00,0.2,7,61,1002.72
2025-01-20 21:00:00-08:00,0.6,8,61,1003.34
2025-01-20 22:00:00-08:00,0.3,8,60,1004.4
2025-01-20 23:00:00-08:00,0.3,9,60,1005.38
2025-01-21 00:00:00-08:00,0.3,11,56,1005.84
2025-01-21 01:00:00-08:00,1.4,12,55,1006.11
2025-01-21 02:00:00-08:00,0.7,12,54,1006.42
2025-01-21 03:00:00-08:00,0.3,13,53,1006.53
2025-01-21 04:00:00-08:00,2.2,17,49,1006.3
2025-01-21 05:00:00-08:00,0.5,18,47,1006.34
2025-01-21 06:00:00-08:00,1.1,17,47,1006.08
2025-01-21 07:00:00-08:00,2.6,14,51,1006.09
2025-01-21 08:00:00-08:00,2.0,14,55,1006.52
2025-01-21 09:00:00-08:00,3.6,14,58,1006.55
2025-01-21 10:00:00-08:00,1.3,10,64,1006.08
2025-01-21 11:00:00-08:00,1.0,8,69,1005.42
2025-01-21 12:00:00-08:00,0.9,8,72,1004.25
2025-01-21 13:00:00-08:00,0.4,7,74,1003.4
2025-01-21 14:00:00-08:00,0.4,7,74,1002.27
2025-01-21 15:00:00-08:00,0.4,7,74,1001.46
2025-01-21 16:00:00-08:00,0.7,7,70,1001.35
2025-01-21 17:00:00-08:00,0.8,8,65,1001.77
2025-01-21 18:00:00-08:00,1.2,8,63,1002.35
2025-01-21 19:00:00-08:00,19.7,11,60,1002.48
2025-01-21 20:00:00-08:00,5.9,14,57,1002.6
2025-01-21 21:00:00-08:00,4.4,17,55,1002.62
2025-01-21 22:00:00-08:00,16.9,19,54,1002.77
2025-01-21 23:00:00-08:00,3.2,21,52,1002.46
2025-01-22 00:00:00-08:00,2.7,22,51,1001.93
2025-01-22 01:00:00-08:00,2.8,25,50,1001.34
2025-01-22 02:00:00-08:00,3.8,27,49,1000.88
2025-01-22 03:00:00-08:00,4.2,28,47,1000.28
2025-01-22 04:00:00-08:00,4.2,30,46,1000.0
2025-01-22 05:00:00-08:00,4.8,33,46,999.86
2025-01-22 06:00:00-08:00,4.4,33,46,1000.0
2025-01-22 07:00:00-08:00,5.7,33,47,1000.17
2025-01-22 08:00:00-08:00,4.8,27,54,1000.2
2025-01-22 09:00:00-08:00,1.2,15,64,1000.24
2025-01-22 10:00:00-08:00,1.1,10,70,1000.12
2025-01-22 11:00:00-08:00,0.6,8,74,999.32
2025-01-22 12:00:00-08:00,2.0,9,80,998.15
2025-01-22 13:00:00-08:00,2.2,9,81,997.65
2025-01-22 14:00:00-08:00,1.5,7,83,997.18
2025-01-22 15:00:00-08:00,0.4,5,83,997.12
2025-01-22 16:00:00-08:00,0.6,5,78,997.3
2025-01-22 17:00:00-08:00,4.7,8,71,997.87
2025-01-22 18:00:00-08:00,0.5,6,70,997.94
2025-01-22 19:00:00-08:00,1.5,7,68,998.44
2025-01-22 20:00:00-08:00,1.2,7,67,999.02
2025-01-22 21:00:00-08:00,1.7,9,63,999.35
2025-01-22 22:00:00-08:00,2.9,10,62,999.73
2025-01-22 23:00:00-08:00,3.0,12,60,1000.14
2025-01-23 00:00:00-08:00,2.3,9,62,999.94
2025-01-23 01:00:00-08:00,0.4,8,64,1000.22
2025-01-23 02:00:00-08:00,0.4,10,61,1000.5
2025-01-23 03:00:00-08:00,0.3,9,62,1000.56
2025-01-23 04:00:00-08:00,0.3,9,63,1000.57
2025-01-23 05:00:00-08:00,0.4,10,61,1000.6
2025-01-23 06:00:00-08:00,0.3,9,62,1000.8
2025-01-23 07:00:00-08:00,0.4,8,65,1000.97
2025-01-23 08:00:00-08:00,0.3,7,68,1001.22
2025-01-23 09:00:00-08:00,0.7,6,73,1001.06
2025-01-23 10:00:00-08:00,1.3,7,78,1001.04
2025-01-23 11:00:00-08:00,1.2,7,81,1000.52
2025-01-23 12:00:00-08:00,0.4,4,82,999.52
2025-01-23 13:00:00-08:00,0.5,4,82,998.91
2025-01-23 14:00:00-08:00,2.5,4,82,998.57
2025-01-23 15:00:00-08:00,0.3,4,80,998.47
2025-01-23 16:00:00-08:00,0.4,4,76,998.69
2025-01-23 17:00:00-08:00,0.7,5,72,999.02
2025-01-23 18:00:00-08:00,0.5,6,69,999.38
2025-01-23 19:00:00-08:00,0.5,6,69,999.15
2025-01-23 20:00:00-08:00,5.0,7,66,999.08
2025-01-23 21:00:00-08:00,30.2,7,65,999.09
2025-01-23 22:00:00-08:00,1.3,8,63,998.99
2025-01-23 23:00:00-08:00,1.4,11,59,998.85
2025-01-24 00:00:00-08:00,0.8,11,58,998.25
2025-01-24 01:00:00-08:00,0.8,13,56,997.78
2025-01-24 02:00:00-08:00,0.6,14,54,997.14
2025-01-24 03:00:00-08:00,1.3,16,52,996.76
2025-01-24 04:00:00-08:00,1.1,19,50,996.21
2025-01-24 05:00:00-08:00,1.3,23,48,996.21
2025-01-24 06:00:00-08:00,1.4,25,46,995.99
2025-01-24 07:00:00-08:00,3.6,28,46,995.99
2025-01-24 08:00:00-08:00,5.3,24,52,995.76
2025-01-24 09:00:00-08:00,3.4,16,61,995.81
2025-01-24 10:00:00-08:00,5.7,11,67,995.08
2025-01-24 11:00:00-08:00,3.2,7,73,993.74
2025-01-24 12:00:00-08:00,0.7,6,76,992.02
2025-01-24 13:00:00-08:00,0.6,6,80,990.48
2025-01-24 14:00:00-08:00,1.1,7,80,989.42
2025-01-24 15:00:00-08:00,9.7,7,79,988.9
2025-01-24 16:00:00-08:00,1.2,7,74,988.7
2025-01-24 17:00:00-08:00,1.7,10,67,988.85
2025-01-24 18:00:00-08:00,3.0,15,61,988.76
2025-01-24 19:00:00-08:00,17.7,18,57,988.72
2025-01-24 20:00:00-08:00,14.4,21,54,988.69
2025-01-24 21:00:00-08:00,24.0,25,52,988.53
2025-01-24 22:00:00-08:00,19.9,27,51,988.65
2025-01-24 23:00:00-08:00,19.7,29,49,988.65
2025-01-25 00:00:00-08:00,17.5,30,48,988.48
2025-01-25 01:00:00-08:00,18.2,33,48,988.39
2025-01-25 02:00:00-08:00,18.3,36,47,988.25
2025-01-25 03:00:00-08:00,18.2,35,46,987.72
2025-01-25 04:00:00-08:00,13.3,33,46,987.14
2025-01-25 05:00:00-08:00,15.0,36,45,987.11
2025-01-25 06:00:00-08:00,15.1,39,43,987.38
2025-01-25 07:00:00-08:00,15.3,40,43,987.79
2025-01-25 08:00:00-08:00,20.4,38,48,988.2
2025-01-25 09:00:00-08:00,36.3,37,56,988.48
2025-01-25 10:00:00-08:00,44.9,37,62,988.44
2025-01-25 11:00:00-08:00,44.6,38,64,988.02
2025-01-25 12:00:00-08:00,29.2,40,64,987.27
2025-01-25 13:00:00-08:00,18.9,46,63,986.77
2025-01-25 14:00:00-08:00,11.9,50,59,986.86
2025-01-25 15:00:00-08:00,15.8,46,60,986.88
2025-01-25 16:00:00-08:00,5.3,50,58,987.62
2025-01-25 17:00:00-08:00,5.4,53,57,988.16
2025-01-25 18:00:00-08:00,6.3,56,56,988.34
2025-01-25 19:00:00-08:00,20.6,58,56,988.7
2025-01-25 20:00:00-08:00,10.1,65,55,989.2
2025-01-25 21:00:00-08:00,9.9,66,55,989.86
2025-01-25 22:00:00-08:00,5.9,66,54,990.44
2025-01-25 23:00:00-08:00,10.0,67,54,990.8
2025-01-26 00:00:00-08:00,7.5,67,54,991.14
2025-01-26 01:00:00-08:00,8.9,67,53,991.11
2025-01-26 02:00:00-08:00,5.8,66,53,991.37
2025-01-26 03:00:00-08:00,3.2,66,52,991.23
2025-01-26 04:00:00-08:00,3.7,65,51,991.16
2025-01-26 05:00:00-08:00,4.2,66,50,991.78
2025-01-26 06:00:00-08:00,2.2,68,49,992.41
2025-01-26 07:00:00-08:00,2.5,68,50,992.78
2025-01-26 08:00:00-08:00,5.5,67,52,993.72
2025-01-26 09:00:00-08:00,6.3,69,53,994.16
2025-01-26 10:00:00-08:00,11.9,68,54,994.42
2025-01-26 11:00:00-08:00,2.1,67,55,993.99
2025-01-26 12:00:00-08:00,2.4,62,56,993.25
2025-01-26 13:00:00-08:00,6.0,63,56,992.58
2025-01-26 14:00:00-08:00,3.5,60,56,992.64
2025-01-26 15:00:00-08:00,3.7,63,54,992.66
2025-01-26 16:00:00-08:00,2.8,62,54,992.53
2025-01-26 17:00:00-08:00,18.9,63,54,992.37
2025-01-26 18:00:00-08:00,5.1,64,53,992.82
2025-01-26 19:00:00-08:00,9.0,68,51,993.14
2025-01-26 20:00:00-08:00,9.9,67,51,993.41
2025-01-26 21:00:00-08:00,18.1,67,51,993.67
2025-01-26 22:00:00-08:00,8.3,69,50,993.93
2025-01-26 23:00:00-08:00,3.6,69,49,994.23
2025-01-27 00:00:00-08:00,2.0,69,49,994.24
2025-01-27 01:00:00-08:00,2.3,68,50,994.4
2025-01-27 02:00:00-08:00,2.6,68,50,994.05
2025-01-27 03:00:00-08:00,4.0,68,50,993.87
2025-01-27 04:00:00-08:00,3.9,68,50,993.61
2025-01-27 05:00:00-08:00,3.4,67,50,994.04
2025-01-27 06:00:00-08:00,3.7,67,50,994.78
2025-01-27 07:00:00-08:00,2.1,67,48,995.43
2025-01-27 08:00:00-08:00,3.2,65,50,995.99
2025-01-27 09:00:00-08:00,4.9,59,53,996.47
2025-01-27 10:00:00-08:00,3.5,54,54,996.94
2025-01-27 11:00:00-08:00,2.3,48,59,996.46
2025-01-27 12:00:00-08:00,2.8,43,62,995.45
2025-01-27 13:00:00-08:00,4.5,35,66,994.59
2025-01-27 14:00:00-08:00,5.9,30,68,994.26
2025-01-27 15:00:00-08:00,8.9,26,67,993.81
2025-01-27 16:00:00-08:00,7.0,29,63,993.92
2025-01-27 17:00:00-08:00,7.0,34,59,994.36
2025-01-27 18:00:00-08:00,7.0,47,56,995.09
2025-01-27 19:00:00-08:00,38.6,53,53,995.5
2025-01-27 20:00:00-08:00,11.5,58,51,995.62
2025-01-27 21:00:00-08:00,13.7,55,50,995.7
2025-01-27 22:00:00-08:00,15.7,57,49,995.88
2025-01-27 23:00:00-08:00,15.6,60,47,995.72
2025-01-28 00:00:00-08:00,15.6,61,45,995.31
2025-01-28 01:00:00-08:00,16.2,62,44,995.2
2025-01-28 02:00:00-08:00,15.0,62,44,995.09
2025-01-28 03:00:00-08:00,14.9,63,43,994.84
2025-01-28 04:00:00-08:00,16.3,64,42,994.61
2025-01-28 05:00:00-08:00,22.2,64,42,994.57
2025-01-28 06:00:00-08:00,20.7,64,42,994.85
2025-01-28 07:00:00-08:00,17.9,64,43,994.96
2025-01-28 08:00:00-08:00,22.0,60,47,995.3
2025-01-28 09:00:00-08:00,25.8,53,52,995.36
2025-01-28 10:00:00-08:00,23.3,46,57,995.04
2025-01-28 11:00:00-08:00,19.2,39,62,994.13
2025-01-28 12:00:00-08:00,24.8,39,65,993.2
2025-01-28 13:00:00-08:00,17.0,35,67,992.4
2025-01-28 14:00:00-08:00,14.0,36,67,992.13
2025-01-28 15:00:00-08:00,5.7,34,65,992.14
2025-01-28 16:00:00-08:00,4.4,38,62,992.35
2025-01-28 17:00:00-08:00,7.7,44,58,992.56
2025-01-28 18:00:00-08:00,11.6,49,55,993.04
2025-01-28 19:00:00-08:00,26.6,54,53,993.5
2025-01-28 20:00:00-08:00,58.0,59,52,993.85
2025-01-28 21:00:00-08:00,36.7,60,53,994.31
2025-01-28 22:00:00-08:00,48.8,60,53,994.78
2025-01-28 23:00:00-08:00,39.5,61,52,995.0
2025-01-29 00:00:00-08:00,33.5,62,49,994.74
2025-01-29 01:00:00-08:00,35.3,62,49,994.62
2025-01-29 02:00:00-08:00,36.2,62,48,994.92
2025-01-29 03:00:00-08:00,39.0,63,50,995.11
2025-01-29 04:00:00-08:00,39.3,62,49,995.5
2025-01-29 05:00:00-08:00,40.1,63,46,996.0
2025-01-29 06:00:00-08:00,40.0,63,45,996.66
2025-01-29 07:00:00-08:00,44.0,64,46,997.1
2025-01-29 08:00:00-08:00,45.8,59,50,997.78
2025-01-29 09:00:00-08:00,49.5,55,55,998.15
2025-01-29 10:00:00-08:00,37.8,48,60,998.09
2025-01-29 11:00:00-08:00,30.8,42,63,997.55
2025-01-29 12:00:00-08:00,25.1,38,66,996.32
2025-01-29 13:00:00-08:00,20.4,36,68,995.12
2025-01-29 14:00:00-08:00,15.1,35,69,994.75
2025-01-29 15:00:00-08:00,12.5,38,67,994.59
2025-01-29 16:00:00-08:00,13.3,42,63,994.95
2025-01-29 17:00:00-08:00,18.0,48,59,995.39
2025-01-29 18:00:00-08:00,21.9,53,57,996.1
2025-01-29 19:00:00-08:00,22.4,55,56,996.65
2025-01-29 20:00:00-08:00,19.3,57,54,996.81
2025-01-29 21:00:00-08:00,35.7,59,52,997.57
2025-01-29 22:00:00-08:00,35.6,61,50,998.22
2025-01-29 23:00:00-08:00,29.0,62,49,998.45
2025-01-30 00:00:00-08:00,27.0,62,48,998.72
2025-01-30 01:00:00-08:00,25.7,63,47,998.7
2025-01-30 02:00:00-08:00,27.3,62,46,998.77
2025-01-30 03:00:00-08:00,28.2,64,47,999.11
2025-01-30 04:00:00-08:00,29.6,63,49,999.2
2025-01-30 05:00:00-08:00,29.8,62,51,999.44
2025-01-30 06:00:00-08:00,33.2,60,51,999.59
2025-01-30 07:00:00-08:00,35.6,59,52,1000.02
2025-01-30 08:00:00-08:00,40.7,56,53,1000.59
2025-01-30 09:00:00-08:00,44.3,51,57,1001.19
2025-01-30 10:00:00-08:00,38.6,47,60,1001.61
2025-01-30 11:00:00-08:00,21.8,43,61,1001.43
2025-01-30 12:00:00-08:00,21.6,42,61,1000.68
2025-01-30 13:00:00-08:00,39.2,41,63,999.94
2025-01-30 14:00:00-08:00,26.0,38,64,999.52
2025-01-30 15:00:00-08:00,20.7,38,65,999.27
2025-01-30 16:00:00-08:00,19.8,41,63,999.16
2025-01-30 17:00:00-08:00,23.5,46,59,998.97
2025-01-30 18:00:00-08:00,32.3,52,55,999.26
2025-01-30 19:00:00-08:00,29.7,56,53,999.74
2025-01-30 20:00:00-08:00,33.6,58,52,1000.33
2025-01-30 21:00:00-08:00,36.4,60,50,1000.69
2025-01-30 22:00:00-08:00,31.8,62,49,1000.86
2025-01-30 23:00:00-08:00,28.1,62,48,1000.93
2025-01-31 00:00:00-08:00,29.6,62,47,1001.17
2025-01-31 01:00:00-08:00,32.7,63,46,1000.87
2025-01-31 02:00:00-08:00,32.2,63,45,1000.81
2025-01-31 03:00:00-08:00,35.0,63,44,1000.53
2025-01-31 04:00:00-08:00,30.2,65,44,1000.31
2025-01-31 05:00:00-08:00,29.1,64,44,1000.59
2025-01-31 06:00:00-08:00,41.2,64,43,1001.0
2025-01-31 07:00:00-08:00,35.5,65,44,1001.61
2025-01-31 08:00:00-08:00,37.4,64,48,1001.91
2025-01-31 09:00:00-08:00,42.4,59,53,1002.36
2025-01-31 10:00:00-08:00,32.7,50,59,1002.51
2025-01-31 11:00:00-08:00,30.5,41,63,1001.66
2025-01-31 12:00:00-08:00,27.7,35,67,1000.46
2025-01-31 13:00:00-08:00,19.4,30,71,999.08
2025-01-31 14:00:00-08:00,27.2,34,72,998.38
2025-01-31 15:00:00-08:00,28.6,35,72,998.36
2025-01-31 16:00:00-08:00,19.2,37,69,998.29
2025-01-31 17:00:00-08:00,48.0,43,64,998.44
2025-01-31 18:00:00-08:00,18.6,48,60,998.86
2025-01-31 19:00:00-08:00,18.1,51,58,998.95
2025-01-31 20:00:00-08:00,20.7,54,56,999.11
2025-01-31 21:00:00-08:00,28.9,57,54,999.11
2025-01-31 22:00:00-08:00,32.7,58,53,999.04
2025-01-31 23:00:00-08:00,36.9,60,52,999.07
2025-02-01 00:00:00-08:00,40.6,61,51,998.26
2025-02-01 01:00:00-08:00,44.3,62,50,998.22
2025-02-01 02:00:00-08:00,43.3,62,49,997.82
2025-02-01 03:00:00-08:00,44.7,63,49,997.61
2025-02-01 04:00:00-08:00,40.3,63,48,997.28
2025-02-01 05:00:00-08:00,40.7,63,48,997.25
2025-02-01 06:00:00-08:00,39.7,63,48,997.29
2025-02-01 07:00:00-08:00,38.7,64,49,997.87
2025-02-01 08:00:00-08:00,44.1,60,53,998.03
2025-02-01 09:00:00-08:00,51.9,51,59,997.93
2025-02-01 10:00:00-08:00,41.8,40,65,997.96
2025-02-01 11:00:00-08:00,34.3,34,71,997.34
2025-02-01 12:00:00-08:00,25.0,30,76,996.16
2025-02-01 13:00:00-08:00,25.5,29,80,995.12
2025-02-01 14:00:00-08:00,21.4,28,81,994.5
2025-02-01 15:00:00-08:00,20.5,29,80,994.26
2025-02-01 16:00:00-08:00,19.0,32,76,994.13
2025-02-01 17:00:00-08:00,23.5,38,71,994.31
2025-02-01 18:00:00-08:00,39.7,44,67,994.72
2025-02-01 19:00:00-08:00,25.8,49,64,995.15
2025-02-01 20:00:00-08:00,40.0,54,62,995.34
2025-02-01 21:00:00-08:00,36.9,57,60,995.47
2025-02-01 22:00:00-08:00,39.1,59,59,995.91
2025-02-01 23:00:00-08:00,43.8,61,57,995.94
2025-02-02 00:00:00-08:00,61.3,61,56,995.72
2025-02-02 01:00:00-08:00,43.1,63,55,995.86
2025-02-02 02:00:00-08:00,30.4,63,55,996.01
2025-02-02 03:00:00-08:00,29.6,63,54,995.95
2025-02-02 04:00:00-08:00,29.7,63,52,995.69
2025-02-02 05:00:00-08:00,30.9,64,52,995.75
2025-02-02 06:00:00-08:00,31.5,64,51,996.14
2025-02-02 07:00:00-08:00,34.3,65,51,996.56
2025-02-02 08:00:00-08:00,51.5,65,55,996.86
2025-02-02 09:00:00-08:00,60.4,57,61,996.8
2025-02-02 10:00:00-08:00,61.7,46,67,996.54
2025-02-02 11:00:00-08:00,56.2,39,73,995.54
2025-02-02 12:00:00-08:00,49.9,34,79,994.31
2025-02-02 13:00:00-08:00,38.1,29,82,993.28
2025-02-02 14:00:00-08:00,28.4,26,84,992.44
2025-02-02 15:00:00-08:00,36.1,30,84,992.11
2025-02-02 16:00:00-08:00,37.0,33,79,992.16
2025-02-02 17:00:00-08:00,38.3,39,73,992.3
2025-02-02 18:00:00-08:00,54.8,45,69,992.57
2025-02-02 19:00:00-08:00,49.0,50,66,992.97
2025-02-02 20:00:00-08:00,56.7,54,63,993.23
2025-02-02 21:00:00-08:00,65.5,57,61,993.31
2025-02-02 22:00:00-08:00,51.2,59,59,993.21
2025-02-02 23:00:00-08:00,51.1,60,58,993.2
2025-02-03 00:00:00-08:00,46.8,61,56,992.76
2025-02-03 01:00:00-08:00,40.0,62,55,992.4
2025-02-03 02:00:00-08:00,38.7,62,54,992.2
2025-02-03 03:00:00-08:00,35.1,62,53,991.83
2025-02-03 04:00:00-08:00,36.2,64,52,991.69
2025-02-03 05:00:00-08:00,41.7,64,51,991.46
2025-02-03 06:00:00-08:00,47.9,65,51,991.32
2025-02-03 07:00:00-08:00,56.7,65,51,991.74
2025-02-03 08:00:00-08:00,73.5,63,55,991.93
2025-02-03 09:00:00-08:00,78.2,54,63,991.76
2025-02-03 10:00:00-08:00,58.3,43,69,991.72
2025-02-03 11:00:00-08:00,31.9,35,76,990.92
2025-02-03 12:00:00-08:00,31.2,31,80,989.91
2025-02-03 13:00:00-08:00,20.7,26,82,988.89
2025-02-03 14:00:00-08:00,5.7,19,82,988.31
2025-02-03 15:00:00-08:00,7.7,20,81,988.2
2025-02-03 16:00:00-08:00,11.6,26,77,988.19
2025-02-03 17:00:00-08:00,13.9,32,71,988.4
2025-02-03 18:00:00-08:00,22.6,37,68,988.72
2025-02-03 19:00:00-08:00,33.7,44,66,988.59
2025-02-03 20:00:00-08:00,36.3,49,64,988.82
2025-02-03 21:00:00-08:00,36.4,54,61,988.84
2025-02-03 22:00:00-08:00,35.7,56,59,989.59
2025-02-03 23:00:00-08:00,24.1,58,59,990.24
2025-02-04 00:00:00-08:00,21.2,61,58,990.23
2025-02-04 01:00:00-08:00,21.3,62,57,990.41
2025-02-04 02:00:00-08:00,21.2,63,54,989.86
2025-02-04 03:00:00-08:00,21.4,64,53,990.22
2025-02-04 04:00:00-08:00,21.5,65,53,990.06
2025-02-04 05:00:00-08:00,22.5,65,55,990.64
2025-02-04 06:00:00-08:00,20.3,62,57,990.85
2025-02-04 07:00:00-08:00,24.5,61,57,991.63
2025-02-04 08:00:00-08:00,24.4,61,57,992.17
2025-02-04 09:00:00-08:00,13.4,55,61,992.31
2025-02-04 10:00:00-08:00,13.2,48,65,992.37
2025-02-04 11:00:00-08:00,14.4,44,68,992.24
2025-02-04 12:00:00-08:00,20.2,40,71,991.45
2025-02-04 13:00:00-08:00,11.9,37,73,990.89
2025-02-04 14:00:00-08:00,2.3,33,72,990.97
2025-02-04 15:00:00-08:00,1.6,35,70,990.86
2025-02-04 16:00:00-08:00,1.7,44,66,991.47
2025-02-04 17:00:00-08:00,1.4,50,62,992.03
2025-02-04 18:00:00-08:00,7.8,51,61,992.75
2025-02-04 19:00:00-08:00,2.1,53,62,992.92
2025-02-04 20:00:00-08:00,3.9,57,61,993.05
2025-02-04 21:00:00-08:00,11.8,59,60,993.68
2025-02-04 22:00:00-08:00,7.4,64,59,993.96
2025-02-04 23:00:00-08:00,6.8,66,58,994.35
2025-02-05 00:00:00-08:00,4.8,68,57,994.34
2025-02-05 01:00:00-08:00,5.9,70,56,994.5
2025-02-05 02:00:00-08:00,2.3,71,56,994.31
2025-02-05 03:00:00-08:00,2.4,71,56,994.03
2025-02-05 04:00:00-08:00,2.1,72,56,993.94
2025-02-05 05:00:00-08:00,1.6,72,56,994.12
2025-02-05 06:00:00-08:00,2.3,72,56,994.48
2025-02-05 07:00:00-08:00,5.9,72,57,995.49
2025-02-05 08:00:00-08:00,4.8,72,58,995.98
2025-02-05 09:00:00-08:00,3.9,72,59,996.19
2025-02-05 10:00:00-08:00,4.4,71,61,996.23
2025-02-05 11:00:00-08:00,4.7,70,62,995.7
2025-02-05 12:00:00-08:00,2.2,70,63,994.97
2025-02-05 13:00:00-08:00,1.6,69,64,994.08
2025-02-05 14:00:00-08:00,4.6,69,65,993.19
2025-02-05 15:00:00-08:00,5.0,68,65,992.5
2025-02-05 16:00:00-08:00,6.8,65,66,992.42
2025-02-05 17:00:00-08:00,7.4,67,65,992.27
2025-02-05 18:00:00-08:00,21.3,69,64,992.55
2025-02-05 19:00:00-08:00,15.4,69,63,992.86
2025-02-05 20:00:00-08:00,16.5,68,64,993.03
2025-02-05 21:00:00-08:00,16.1,68,64,993.09
2025-02-05 22:00:00-08:00,25.6,69,63,993.22
2025-02-05 23:00:00-08:00,20.3,69,64,993.26
2025-02-06 00:00:00-08:00,22.1,68,63,992.92
2025-02-06 01:00:00-08:00,15.5,70,63,992.6
2025-02-06 02:00:00-08:00,27.0,72,62,992.38
2025-02-06 03:00:00-08:00,25.2,71,62,992.27
2025-02-06 04:00:00-08:00,15.5,72,61,992.06
2025-02-06 05:00:00-08:00,5.7,72,61,992.29
2025-02-06 06:00:00-08:00,0.8,72,61,992.88
2025-02-06 07:00:00-08:00,0.8,73,61,993.67
2025-02-06 08:00:00-08:00,0.4,70,63,994.16
2025-02-06 09:00:00-08:00,0.3,66,64,994.49
2025-02-06 10:00:00-08:00,0.4,61,67,994.83
2025-02-06 11:00:00-08:00,3.5,57,67,994.56
2025-02-06 12:00:00-08:00,5.8,59,65,994.02
2025-02-06 13:00:00-08:00,24.2,59,65,993.58
2025-02-06 14:00:00-08:00,7.8,58,66,993.16
2025-02-06 15:00:00-08:00,1.5,64,63,993.16
2025-02-06 16:00:00-08:00,2.6,70,61,993.04
2025-02-06 17:00:00-08:00,6.6,72,61,993.0
2025-02-06 18:00:00-08:00,7.9,74,61,993.06
2025-02-06 19:00:00-08:00,4.1,74,61,993.42
2025-02-06 20:00:00-08:00,0.9,74,61,993.65
2025-02-06 21:00:00-08:00,0.5,75,61,994.21
2025-02-06 22:00:00-08:00,0.8,75,61,994.38
2025-02-06 23:00:00-08:00,0.5,74,61,994.5
2025-02-07 00:00:00-08:00,1.8,75,61,994.27
2025-02-07 01:00:00-08:00,2.3,76,62,994.03
2025-02-07 02:00:00-08:00,0.6,75,62,994.12
2025-02-07 03:00:00-08:00,1.0,75,62,994.02
2025-02-07 04:00:00-08:00,1.1,74,62,994.39
2025-02-07 05:00:00-08:00,0.3,73,62,994.78
2025-02-07 06:00:00-08:00,0.9,73,62,995.16
2025-02-07 07:00:00-08:00,1.7,73,62,995.78
2025-02-07 08:00:00-08:00,1.0,73,62,996.43
2025-02-07 09:00:00-08:00,1.2,72,64,996.89
2025-02-07 10:00:00-08:00,1.5,66,66,997.18
2025-02-07 11:00:00-08:00,0.5,58,68,996.86
2025-02-07 12:00:00-08:00,0.5,49,71,996.18
2025-02-07 13:00:00-08:00,0.6,45,72,995.44
2025-02-07 14:00:00-08:00,0.7,44,71,995.08
2025-02-07 15:00:00-08:00,0.8,45,70,995.26
2025-02-07 16:00:00-08:00,0.9,48,67,995.17
2025-02-07 17:00:00-08:00,1.8,54,63,995.4
2025-02-07 18:00:00-08:00,2.1,56,62,995.69
2025-02-07 19:00:00-08:00,3.1,59,60,996.12
2025-02-07 20:00:00-08:00,6.0,61,59,996.4
2025-02-07 21:00:00-08:00,4.8,61,58,996.66
2025-02-07 22:00:00-08:00,6.6,65,55,996.54
2025-02-07 23:00:00-08:00,8.9,67,54,996.25
2025-02-08 00:00:00-08:00,10.6,67,53,996.39
2025-02-08 01:00:00-08:00,12.2,68,52,996.2
2025-02-08 02:00:00-08:00,13.2,68,51,996.02
2025-02-08 03:00:00-08:00,15.8,68,50,995.71
2025-02-08 04:00:00-08:00,15.5,68,49,995.66
2025-02-08 05:00:00-08:00,17.5,68,48,995.86
2025-02-08 06:00:00-08:00,14.7,68,47,996.15
2025-02-08 07:00:00-08:00,10.9,66,48,996.62
2025-02-08 08:00:00-08:00,8.2,56,53,996.64
2025-02-08 09:00:00-08:00,3.3,46,58,996.88
2025-02-08 10:00:00-08:00,4.9,40,64,996.72
2025-02-08 11:00:00-08:00,4.6,35,68,996.02
2025-02-08 12:00:00-08:00,4.9,34,72,995.04
2025-02-08 13:00:00-08:00,5.1,37,73,994.43
2025-02-08 14:00:00-08:00,4.7,36,74,993.92
2025-02-08 15:00:00-08:00,5.8,39,73,993.4
2025-02-08 16:00:00-08:00,4.7,42,71,993.73
2025-02-08 17:00:00-08:00,3.1,35,66,993.87
2025-02-08 18:00:00-08:00,20.8,23,62,994.02
2025-02-08 19:00:00-08:00,1.4,24,61,994.23
2025-02-08 20:00:00-08:00,1.7,27,58,994.52
2025-02-08 21:00:00-08:00,2.2,30,57,994.81
2025-02-08 22:00:00-08:00,3.8,33,56,994.88
2025-02-08 23:00:00-08:00,9.8,42,53,994.7
2025-02-09 00:00:00-08:00,14.3,48,51,994.25
2025-02-09 01:00:00-08:00,16.2,52,50,994.38
2025-02-09 02:00:00-08:00,13.5,55,48,994.16
2025-02-09 03:00:00-08:00,9.9,56,47,994.03
2025-02-09 04:00:00-08:00,12.5,58,46,993.73
2025-02-09 05:00:00-08:00,19.0,60,45,994.05
2025-02-09 06:00:00-08:00,21.3,61,44,994.37
2025-02-09 07:00:00-08:00,22.2,60,46,994.76
2025-02-09 08:00:00-08:00,14.2,50,53,994.81
2025-02-09 09:00:00-08:00,4.2,35,61,995.12
2025-02-09 10:00:00-08:00,2.0,25,69,994.97
2025-02-09 11:00:00-08:00,3.1,18,75,993.86
2025-02-09 12:00:00-08:00,1.7,17,77,992.67
2025-02-09 13:00:00-08:00,3.3,17,80,991.93
2025-02-09 14:00:00-08:00,6.3,19,80,991.6
2025-02-09 15:00:00-08:00,21.5,21,79,991.39
2025-02-09 16:00:00-08:00,19.3,25,75,991.08
2025-02-09 17:00:00-08:00,39.6,30,69,991.55
2025-02-09 18:00:00-08:00,14.3,36,63,992.61
2025-02-09 19:00:00-08:00,16.1,39,60,993.04
2025-02-09 20:00:00-08:00,15.2,41,59,993.46
2025-02-09 21:00:00-08:00,25.7,45,57,993.73
2025-02-09 22:00:00-08:00,21.6,48,54,994.02
2025-02-09 23:00:00-08:00,19.7,52,52,994.17
2025-02-10 00:00:00-08:00,15.4,55,52,994.27
2025-02-10 01:00:00-08:00,16.8,58,50,993.71
2025-02-10 02:00:00-08:00,21.6,60,49,993.7
2025-02-10 03:00:00-08:00,15.7,60,47,993.52
2025-02-10 04:00:00-08:00,15.0,60,46,993.6
2025-02-10 05:00:00-08:00,15.1,60,46,993.81
2025-02-10 06:00:00-08:00,17.1,62,45,994.28
2025-02-10 07:00:00-08:00,20.3,61,48,994.45
2025-02-10 08:00:00-08:00,23.2,54,53,994.73
2025-02-10 09:00:00-08:00,22.3,51,58,994.74
2025-02-10 10:00:00-08:00,19.3,48,62,994.71
2025-02-10 11:00:00-08:00,19.3,43,65,994.36
2025-02-10 12:00:00-08:00,18.5,38,67,993.4
2025-02-10 13:00:00-08:00,17.7,35,70,992.12
2025-02-10 14:00:00-08:00,15.3,32,71,991.15
2025-02-10 15:00:00-08:00,16.9,32,71,990.75
2025-02-10 16:00:00-08:00,13.8,38,68,990.88
2025-02-10 17:00:00-08:00,12.6,48,61,991.41
2025-02-10 18:00:00-08:00,13.7,53,58,992.03
2025-02-10 19:00:00-08:00,10.3,55,57,992.39
2025-02-10 20:00:00-08:00,11.2,54,58,992.92
2025-02-10 21:00:00-08:00,14.5,55,58,993.22
2025-02-10 22:00:00-08:00,16.5,58,56,992.95
2025-02-10 23:00:00-08:00,11.5,59,55,992.53
2025-02-11 00:00:00-08:00,12.3,59,56,991.89
2025-02-11 01:00:00-08:00,6.7,56,56,991.57
2025-02-11 02:00:00-08:00,4.0,51,56,991.36
2025-02-11 03:00:00-08:00,4.1,51,56,990.95
2025-02-11 04:00:00-08:00,4.7,52,55,990.66
2025-02-11 05:00:00-08:00,5.6,55,54,990.65
2025-02-11 06:00:00-08:00,5.6,54,53,990.56
2025-02-11 07:00:00-08:00,6.2,54,55,991.18
2025-02-11 08:00:00-08:00,6.6,50,57,991.52
2025-02-11 09:00:00-08:00,7.7,46,60,991.45
2025-02-11 10:00:00-08:00,13.2,42,61,991.03
2025-02-11 11:00:00-08:00,13.6,35,65,990.76
2025-02-11 12:00:00-08:00,12.6,30,67,989.54
2025-02-11 13:00:00-08:00,9.5,32,69,988.53
2025-02-11 14:00:00-08:00,8.3,34,68,988.09
2025-02-11 15:00:00-08:00,6.4,34,68,987.69
2025-02-11 16:00:00-08:00,5.1,35,65,987.76
2025-02-11 17:00:00-08:00,3.3,34,61,988.52
2025-02-11 18:00:00-08:00,3.9,43,58,988.85
2025-02-11 19:00:00-08:00,5.6,49,56,988.7
2025-02-11 20:00:00-08:00,7.1,52,55,988.89
2025-02-11 21:00:00-08:00,10.4,55,54,988.74
2025-02-11 22:00:00-08:00,12.8,56,53,989.02
2025-02-11 23:00:00-08:00,12.4,56,53,989.21
2025-02-12 00:00:00-08:00,11.9,57,54,989.27
2025-02-12 01:00:00-08:00,12.1,57,55,989.37
2025-02-12 02:00:00-08:00,11.8,56,54,989.3
2025-02-12 03:00:00-08:00,7.3,55,55,988.84
2025-02-12 04:00:00-08:00,4.5,58,54,988.78
2025-02-12 05:00:00-08:00,4.5,65,53,988.84
2025-02-12 06:00:00-08:00,4.2,66,53,989.39
2025-02-12 07:00:00-08:00,4.0,67,53,990.09
2025-02-12 08:00:00-08:00,7.0,67,54,990.46
2025-02-12 09:00:00-08:00,7.5,67,55,990.64
2025-02-12 10:00:00-08:00,12.4,68,55,990.92
2025-02-12 11:00:00-08:00,9.7,69,55,990.76
2025-02-12 12:00:00-08:00,6.9,70,55,990.04
2025-02-12 13:00:00-08:00,3.9,70,56,989.46
2025-02-12 14:00:00-08:00,3.1,69,56,989.02
2025-02-12 15:00:00-08:00,5.4,68,57,989.1
2025-02-12 16:00:00-08:00,5.3,66,58,988.86
2025-02-12 17:00:00-08:00,3.4,64,58,988.78
2025-02-12 18:00:00-08:00,3.1,64,57,989.09
2025-02-12 19:00:00-08:00,5.4,64,58,989.68
2025-02-12 20:00:00-08:00,7.3,64,58,990.52
2025-02-12 21:00:00-08:00,21.7,64,57,990.88
2025-02-12 22:00:00-08:00,6.9,65,58,991.08
2025-02-12 23:00:00-08:00,7.0,69,57,990.76
2025-02-13 00:00:00-08:00,8.1,72,56,990.58
2025-02-13 01:00:00-08:00,4.1,73,56,990.67
2025-02-13 02:00:00-08:00,1.2,74,56,990.34
2025-02-13 03:00:00-08:00,0.8,75,56,990.07
2025-02-13 04:00:00-08:00,0.3,74,57,990.18
2025-02-13 05:00:00-08:00,0.3,74,57,990.54
2025-02-13 06:00:00-08:00,0.8,74,58,991.32
2025-02-13 07:00:00-08:00,1.9,74,58,991.37
2025-02-13 08:00:00-08:00,3.4,74,59,991.86
2025-02-13 09:00:00-08:00,1.7,75,59,991.7
2025-02-13 10:00:00-08:00,1.2,75,59,992.16
2025-02-13 11:00:00-08:00,0.4,75,59,992.21
2025-02-13 12:00:00-08:00,0.3,76,59,992.02
2025-02-13 13:00:00-08:00,0.4,76,59,990.72
2025-02-13 14:00:00-08:00,0.9,78,59,989.94
2025-02-13 15:00:00-08:00,0.7,78,59,988.84
2025-02-13 16:00:00-08:00,0.7,77,57,990.33
2025-02-13 17:00:00-08:00,0.8,75,56,990.12
2025-02-15 10:00:00-08:00,5.3,53,62,1001.12
2025-02-15 11:00:00-08:00,2.8,39,68,1000.62
2025-02-15 12:00:00-08:00,2.0,29,73,999.42
2025-02-15 13:00:00-08:00,0.9,23,77,998.21
2025-02-15 14:00:00-08:00,0.7,19,80,997.05
2025-02-15 15:00:00-08:00,11.9,25,80,997.09
2025-02-15 16:00:00-08:00,2.6,30,74,997.58
2025-02-15 17:00:00-08:00,7.5,34,68,998.1
2025-02-15 18:00:00-08:00,8.2,40,65,998.5
2025-02-15 19:00:00-08:00,9.6,45,62,998.23
2025-02-15 20:00:00-08:00,14.1,51,59,998.37
2025-02-15 21:00:00-08:00,19.8,56,57,998.49
2025-02-15 22:00:00-08:00,23.9,59,56,998.51
2025-02-15 23:00:00-08:00,26.6,61,54,998.25
2025-02-16 00:00:00-08:00,22.7,62,53,997.73
2025-02-16 01:00:00-08:00,17.4,62,52,997.38
2025-02-16 02:00:00-08:00,20.5,64,50,996.87
2025-02-16 03:00:00-08:00,23.4,64,49,996.44
2025-02-16 04:00:00-08:00,23.5,64,49,995.92
2025-02-16 05:00:00-08:00,19.6,63,49,996.07
2025-02-16 06:00:00-08:00,17.5,64,48,996.13
2025-02-16 07:00:00-08:00,15.5,63,49,996.4
2025-02-16 08:00:00-08:00,10.2,50,55,996.63
2025-02-16 09:00:00-08:00,5.7,37,62,996.27
2025-02-16 10:00:00-08:00,4.1,27,69,995.54
2025-02-16 11:00:00-08:00,7.0,21,75,994.57
2025-02-16 12:00:00-08:00,1.2,18,79,993.38
2025-02-16 13:00:00-08:00,2.1,21,82,992.08
2025-02-16 14:00:00-08:00,1.5,20,82,991.25
2025-02-16 15:00:00-08:00,2.2,22,79,990.83
2025-02-16 16:00:00-08:00,2.4,24,77,990.64
2025-02-16 17:00:00-08:00,3.4,26,71,990.7
2025-02-16 18:00:00-08:00,13.6,30,66,990.72
2025-02-16 19:00:00-08:00,4.8,36,62,990.87
2025-02-16 20:00:00-08:00,9.3,41,60,990.99
2025-02-16 21:00:00-08:00,15.9,46,58,991.06
2025-02-16 22:00:00-08:00,19.5,51,56,991.04
2025-02-16 23:00:00-08:00,15.6,55,55,991.21
2025-02-17 00:00:00-08:00,14.8,57,53,991.4
2025-02-17 01:00:00-08:00,14.1,59,52,991.54
2025-02-17 02:00:00-08:00,15.3,60,51,991.38
2025-02-17 03:00:00-08:00,17.8,61,50,990.92
2025-02-17 04:00:00-08:00,24.7,63,49,990.84
2025-02-17 05:00:00-08:00,29.8,64,49,991.18
2025-02-17 06:00:00-08:00,29.9,65,48,991.95
2025-02-17 07:00:00-08:00,25.8,64,50,992.61
2025-02-17 08:00:00-08:00,21.4,53,56,992.74
2025-02-17 09:00:00-08:00,19.4,43,63,992.41
2025-02-17 10:00:00-08:00,14.5,36,69,991.86
2025-02-17 11:00:00-08:00,12.2,30,73,991.38
2025-02-17 12:00:00-08:00,9.0,26,77,990.69
2025-02-17 13:00:00-08:00,9.6,28,78,989.59
2025-02-17 14:00:00-08:00,10.1,34,77,989.44
2025-02-17 15:00:00-08:00,10.5,32,77,989.38
2025-02-17 16:00:00-08:00,8.7,35,73,989.42
2025-02-17 17:00:00-08:00,10.8,39,68,989.72
2025-02-17 18:00:00-08:00,29.2,47,64,990.29
2025-02-17 19:00:00-08:00,19.1,49,62,990.66
2025-02-17 20:00:00-08:00,11.1,50,60,991.0
2025-02-17 21:00:00-08:00,32.6,53,58,991.25
2025-02-17 22:00:00-08:00,16.2,58,57,991.54
2025-02-17 23:00:00-08:00,14.4,65,56,991.68
2025-02-18 00:00:00-08:00,27.8,69,55,991.63
2025-02-18 01:00:00-08:00,65.2,71,55,991.63
2025-02-18 02:00:00-08:00,64.7,70,55,991.54
2025-02-18 03:00:00-08:00,56.7,69,53,991.47
2025-02-18 04:00:00-08:00,54.1,69,52,991.49
2025-02-18 05:00:00-08:00,49.2,68,51,992.14
2025-02-18 06:00:00-08:00,44.5,67,50,992.9
2025-02-18 07:00:00-08:00,42.3,68,52,993.89
2025-02-18 08:00:00-08:00,39.7,64,56,994.39
2025-02-18 09:00:00-08:00,27.6,57,60,994.25
2025-02-18 10:00:00-08:00,19.5,45,65,993.86
2025-02-18 11:00:00-08:00,12.9,39,70,993.17
2025-02-18 12:00:00-08:00,11.9,34,74,992.41
2025-02-18 13:00:00-08:00,10.9,32,78,991.79
2025-02-18 14:00:00-08:00,12.4,34,77,991.88
2025-02-18 15:00:00-08:00,14.7,33,77,991.98
2025-02-18 16:00:00-08:00,14.3,34,75,992.1
2025-02-18 17:00:00-08:00,12.8,39,71,992.4
2025-02-18 18:00:00-08:00,22.7,46,67,993.12
2025-02-18 19:00:00-08:00,47.1,52,63,993.54
2025-02-18 20:00:00-08:00,39.7,56,61,993.98
2025-02-18 21:00:00-08:00,27.7,59,59,994.5
2025-02-18 22:00:00-08:00,27.4,61,57,994.75
2025-02-18 23:00:00-08:00,30.6,63,55,994.62
2025-02-19 00:00:00-08:00,33.3,64,54,994.55
2025-02-19 01:00:00-08:00,31.4,66,53,994.44
2025-02-19 02:00:00-08:00,24.6,66,52,993.94
2025-02-19 03:00:00-08:00,22.5,65,51,993.91
2025-02-19 04:00:00-08:00,22.8,64,51,994.65
2025-02-19 05:00:00-08:00,22.0,64,50,995.15
2025-02-19 06:00:00-08:00,23.3,65,49,995.53
2025-02-19 07:00:00-08:00,19.6,64,51,995.68
2025-02-19 08:00:00-08:00,14.2,49,59,996.1
2025-02-19 09:00:00-08:00,8.6,36,66,996.32
2025-02-19 10:00:00-08:00,3.9,26,73,995.98
2025-02-19 11:00:00-08:00,2.9,21,78,995.35
2025-02-19 12:00:00-08:00,2.4,18,82,994.27
2025-02-19 13:00:00-08:00,7.9,22,84,993.1
2025-02-19 14:00:00-08:00,6.9,22,85,992.64
2025-02-19 15:00:00-08:00,8.1,24,84,992.44
2025-02-19 16:00:00-08:00,10.9,29,80,992.39
2025-02-19 17:00:00-08:00,64.8,37,74,992.45
2025-02-19 18:00:00-08:00,21.9,45,69,992.78
2025-02-19 19:00:00-08:00,25.3,50,65,992.91
2025-02-19 20:00:00-08:00,29.7,54,62,993.13
2025-02-19 21:00:00-08:00,31.9,57,60,993.19
2025-02-19 22:00:00-08:00,31.9,59,58,992.98
2025-02-19 23:00:00-08:00,34.5,60,57,992.81
2025-02-20 00:00:00-08:00,34.6,62,56,992.62
2025-02-20 01:00:00-08:00,32.5,62,55,992.26
2025-02-20 02:00:00-08:00,41.1,63,55,991.82
2025-02-20 03:00:00-08:00,31.8,63,54,991.5
2025-02-20 04:00:00-08:00,13.1,57,55,991.2
2025-02-20 05:00:00-08:00,3.8,46,57,991.44
2025-02-20 06:00:00-08:00,5.0,49,56,991.93
2025-02-20 07:00:00-08:00,7.9,50,57,992.3
2025-02-20 08:00:00-08:00,2.8,41,63,992.51
2025-02-20 09:00:00-08:00,2.8,32,70,992.49
2025-02-20 10:00:00-08:00,4.9,28,75,992.42
2025-02-20 11:00:00-08:00,3.6,23,78,991.9
2025-02-20 12:00:00-08:00,3.7,20,82,990.63
2025-02-20 13:00:00-08:00,2.1,17,85,989.66
2025-02-20 14:00:00-08:00,3.6,17,86,989.11
2025-02-20 15:00:00-08:00,4.0,18,87,989.0
2025-02-20 16:00:00-08:00,5.4,21,84,989.09
2025-02-20 17:00:00-08:00,4.8,26,78,989.48
2025-02-20 18:00:00-08:00,8.9,33,71,990.09
2025-02-20 19:00:00-08:00,6.9,29,68,990.74
2025-02-20 20:00:00-08:00,6.3,28,65,991.25
2025-02-20 21:00:00-08:00,34.3,29,63,991.69
2025-02-20 22:00:00-08:00,6.9,31,62,992.02
2025-02-20 23:00:00-08:00,5.5,36,59,992.55
2025-02-21 00:00:00-08:00,7.8,41,57,992.77
2025-02-21 01:00:00-08:00,7.1,45,55,992.72
2025-02-21 02:00:00-08:00,6.7,47,54,992.55
2025-02-21 03:00:00-08:00,7.6,50,52,992.34
2025-02-21 04:00:00-08:00,7.1,52,52,993.13
2025-02-21 05:00:00-08:00,9.3,54,51,993.74
2025-02-21 06:00:00-08:00,13.5,54,50,994.01
2025-02-21 07:00:00-08:00,6.3,48,53,994.62
2025-02-21 08:00:00-08:00,1.0,29,64,994.86
2025-02-21 09:00:00-08:00,0.6,20,73,994.97
2025-02-21 10:00:00-08:00,0.6,16,78,994.88
2025-02-21 11:00:00-08:00,0.7,14,82,994.56
2025-02-21 12:00:00-08:00,0.6,13,84,993.88
2025-02-21 13:00:00-08:00,0.8,13,83,993.72
2025-02-21 14:00:00-08:00,1.1,12,84,993.73
2025-02-21 15:00:00-08:00,1.3,12,85,993.46
2025-02-21 16:00:00-08:00,0.5,12,82,993.46
2025-02-21 17:00:00-08:00,1.7,14,77,993.88
2025-02-21 18:00:00-08:00,3.3,21,72,994.55
2025-02-21 19:00:00-08:00,3.8,21,68,995.04
2025-02-21 20:00:00-08:00,6.7,27,64,995.66
2025-02-21 21:00:00-08:00,5.6,28,62,995.85
2025-02-21 22:00:00-08:00,8.9,33,59,995.97
2025-02-21 23:00:00-08:00,6.9,37,57,996.33
2025-02-22 00:00:00-08:00,6.6,39,55,996.78
2025-02-22 01:00:00-08:00,6.0,41,54,997.13
2025-02-22 02:00:00-08:00,9.4,43,53,997.04
2025-02-22 03:00:00-08:00,10.7,46,52,996.82
2025-02-22 04:00:00-08:00,9.3,46,51,997.0
2025-02-22 05:00:00-08:00,11.1,48,50,997.79
2025-02-22 06:00:00-08:00,10.9,49,50,998.61
2025-02-22 07:00:00-08:00,7.9,46,52,998.85
2025-02-22 08:00:00-08:00,5.3,30,61,999.54
2025-02-22 09:00:00-08:00,3.6,22,69,999.67
2025-02-22 10:00:00-08:00,1.6,16,75,999.96
2025-02-22 11:00:00-08:00,0.9,14,79,999.37
2025-02-22 12:00:00-08:00,0.6,12,83,998.51
2025-02-22 13:00:00-08:00,0.6,11,85,997.51
2025-02-22 14:00:00-08:00,1.6,13,86,996.88
2025-02-22 15:00:00-08:00,2.3,14,84,996.76
2025-02-22 16:00:00-08:00,2.9,16,82,997.07
2025-02-22 17:00:00-08:00,4.0,20,76,997.63
2025-02-22 18:00:00-08:00,2.7,21,71,998.23
2025-02-22 19:00:00-08:00,3.1,21,69,998.91
2025-02-22 20:00:00-08:00,10.0,25,66,999.41
2025-02-22 21:00:00-08:00,8.8,28,63,999.65
2025-02-22 22:00:00-08:00,14.2,29,61,1000.06
2025-02-22 23:00:00-08:00,9.0,33,59,1000.28
2025-02-23 00:00:00-08:00,10.6,36,57,1000.02
2025-02-23 01:00:00-08:00,10.8,40,55,999.55
2025-02-23 02:00:00-08:00,10.4,42,54,999.42
2025-02-23 03:00:00-08:00,10.2,45,52,999.48
2025-02-23 04:00:00-08:00,10.8,48,51,999.33
2025-02-23 05:00:00-08:00,14.8,49,50,999.08
2025-02-23 06:00:00-08:00,17.0,50,50,999.29
2025-02-23 07:00:00-08:00,11.1,47,52,999.98
2025-02-23 08:00:00-08:00,4.3,35,60,1000.22
2025-02-23 09:00:00-08:00,2.1,24,68,999.96
2025-02-23 10:00:00-08:00,3.4,19,76,999.75
2025-02-23 11:00:00-08:00,3.1,16,83,998.94
2025-02-23 12:00:00-08:00,3.5,14,86,997.45
2025-02-23 13:00:00-08:00,2.9,12,90,995.78
2025-02-23 14:00:00-08:00,5.9,14,90,995.36
2025-02-23 15:00:00-08:00,14.5,15,87,995.85
2025-02-23 16:00:00-08:00,4.2,17,82,996.53
2025-02-23 17:00:00-08:00,7.3,22,76,997.26
2025-02-23 18:00:00-08:00,7.3,27,71,997.47
2025-02-23 19:00:00-08:00,12.9,32,67,997.06
2025-02-23 20:00:00-08:00,27.7,35,65,996.85
2025-02-23 21:00:00-08:00,13.8,38,63,996.74
2025-02-23 22:00:00-08:00,16.9,41,61,996.76
2025-02-23 23:00:00-08:00,17.8,44,60,996.87
2025-02-24 00:00:00-08:00,18.1,47,59,997.02
2025-02-24 01:00:00-08:00,16.2,48,57,997.08
2025-02-24 02:00:00-08:00,15.9,49,56,996.82
2025-02-24 03:00:00-08:00,15.4,51,55,996.34
2025-02-24 04:00:00-08:00,14.9,52,54,996.07
2025-02-24 05:00:00-08:00,16.1,52,54,996.26
2025-02-24 06:00:00-08:00,16.5,53,53,996.67
2025-02-24 07:00:00-08:00,19.6,49,56,997.01
2025-02-24 08:00:00-08:00,29.6,39,63,997.0
2025-02-24 09:00:00-08:00,30.2,29,71,996.76
2025-02-24 10:00:00-08:00,19.0,25,78,996.37
2025-02-24 11:00:00-08:00,10.3,22,83,995.15
2025-02-24 12:00:00-08:00,13.9,22,87,994.1
2025-02-24 13:00:00-08:00,15.3,21,88,992.94
2025-02-24 14:00:00-08:00,7.6,20,88,992.44
2025-02-24 15:00:00-08:00,6.5,22,87,992.17
2025-02-24 16:00:00-08:00,8.0,27,84,992.01
2025-02-24 17:00:00-08:00,9.0,32,78,992.1
2025-02-24 18:00:00-08:00,11.3,38,73,992.41
2025-02-24 19:00:00-08:00,10.1,28,74,992.58
2025-02-24 20:00:00-08:00,10.4,25,75,992.87
2025-02-24 21:00:00-08:00,10.0,26,74,992.93
2025-02-24 22:00:00-08:00,7.0,24,74,993.34
2025-02-24 23:00:00-08:00,5.3,23,72,993.13
2025-02-25 00:00:00-08:00,6.6,29,69,993.04
2025-02-25 01:00:00-08:00,6.8,27,69,992.7
2025-02-25 02:00:00-08:00,12.9,36,66,992.36
2025-02-25 03:00:00-08:00,15.0,45,62,992.09
2025-02-25 04:00:00-08:00,16.2,50,59,991.83
2025-02-25 05:00:00-08:00,16.8,54,57,992.05
2025-02-25 06:00:00-08:00,7.8,43,60,991.99
2025-02-25 07:00:00-08:00,3.3,29,67,992.12
2025-02-25 08:00:00-08:00,3.4,24,72,991.96
2025-02-25 09:00:00-08:00,1.9,18,79,991.72
2025-02-25 10:00:00-08:00,4.0,17,83,991.43
2025-02-25 11:00:00-08:00,1.1,11,88,990.34
2025-02-25 12:00:00-08:00,0.8,9,92,989.14
2025-02-25 13:00:00-08:00,6.0,17,93,988.1
2025-02-25 14:00:00-08:00,8.8,22,91,987.58
2025-02-25 15:00:00-08:00,9.9,24,89,987.35
2025-02-25 16:00:00-08:00,10.8,26,87,987.58
2025-02-25 17:00:00-08:00,12.5,31,82,987.9
2025-02-25 18:00:00-08:00,1.8,17,77,988.23
2025-02-25 19:00:00-08:00,9.0,17,75,988.31
2025-02-25 20:00:00-08:00,2.0,17,72,988.56
2025-02-25 21:00:00-08:00,9.7,30,70,989.13
2025-02-25 22:00:00-08:00,16.8,46,65,989.32
2025-02-25 23:00:00-08:00,18.8,50,62,989.22
2025-02-26 00:00:00-08:00,20.1,53,60,989.44
2025-02-26 01:00:00-08:00,20.0,55,59,989.67
2025-02-26 02:00:00-08:00,18.4,56,57,989.21
2025-02-26 03:00:00-08:00,18.7,58,56,988.7
2025-02-26 04:00:00-08:00,18.1,59,55,989.11
2025-02-26 05:00:00-08:00,18.8,60,54,989.68
2025-02-26 06:00:00-08:00,17.7,60,53,990.3
2025-02-26 07:00:00-08:00,14.8,55,56,991.22
2025-02-26 08:00:00-08:00,13.0,40,64,991.47
2025-02-26 09:00:00-08:00,7.6,27,74,991.5
2025-02-26 10:00:00-08:00,5.1,21,81,991.67
2025-02-26 11:00:00-08:00,11.3,21,86,991.44
2025-02-26 12:00:00-08:00,6.8,18,91,990.88
2025-02-26 13:00:00-08:00,9.5,16,95,990.14
2025-02-26 14:00:00-08:00,7.4,13,97,989.65
2025-02-26 15:00:00-08:00,4.1,10,97,989.36
2025-02-26 16:00:00-08:00,0.6,8,95,989.3
2025-02-26 17:00:00-08:00,0.6,9,89,989.45
2025-02-26 18:00:00-08:00,2.2,13,82,990.11
2025-02-26 19:00:00-08:00,11.2,18,75,990.86
2025-02-26 20:00:00-08:00,6.0,21,71,991.29
2025-02-26 21:00:00-08:00,5.4,23,69,992.03
2025-02-26 22:00:00-08:00,4.7,26,66,992.39
2025-02-26 23:00:00-08:00,5.1,30,64,992.79
2025-02-27 00:00:00-08:00,4.6,32,61,992.82
2025-02-27 01:00:00-08:00,4.7,33,60,992.88
2025-02-27 02:00:00-08:00,5.0,35,58,992.88
2025-02-27 03:00:00-08:00,5.1,38,57,992.95
2025-02-27 04:00:00-08:00,4.8,41,55,993.21
2025-02-27 05:00:00-08:00,4.6,42,55,993.77
2025-02-27 06:00:00-08:00,5.6,43,54,994.13
2025-02-27 07:00:00-08:00,9.1,41,57,995.09
2025-02-27 08:00:00-08:00,7.9,29,67,995.49
2025-02-27 09:00:00-08:00,2.8,18,76,995.38
2025-02-27 10:00:00-08:00,0.8,11,82,995.0
2025-02-27 11:00:00-08:00,0.6,9,87,994.5
2025-02-27 12:00:00-08:00,0.6,8,89,993.34
2025-02-27 13:00:00-08:00,0.6,8,90,992.0
2025-02-27 14:00:00-08:00,0.5,7,92,991.42
2025-02-27 15:00:00-08:00,0.5,7,93,990.96
2025-02-27 16:00:00-08:00,0.6,7,93,990.46
2025-02-27 17:00:00-08:00,2.1,9,85,990.46
2025-02-27 18:00:00-08:00,1.3,10,79,990.77
2025-02-27 19:00:00-08:00,4.8,14,75,990.8
2025-02-27 20:00:00-08:00,9.5,17,72,991.11
2025-02-27 21:00:00-08:00,5.2,22,69,991.49
2025-02-27 22:00:00-08:00,6.1,24,67,991.22
2025-02-27 23:00:00-08:00,6.7,28,63,990.72
2025-02-28 00:00:00-08:00,4.5,31,61,990.64
2025-02-28 01:00:00-08:00,4.4,33,59,990.46
2025-02-28 02:00:00-08:00,6.5,35,58,990.3
2025-02-28 03:00:00-08:00,7.4,37,57,989.67
2025-02-28 04:00:00-08:00,6.4,36,57,989.97
2025-02-28 05:00:00-08:00,6.6,38,55,990.46
2025-02-28 06:00:00-08:00,6.9,39,55,990.73
2025-02-28 07:00:00-08:00,8.0,40,56,990.74
2025-02-28 08:00:00-08:00,3.9,25,64,990.73
2025-02-28 09:00:00-08:00,2.4,19,72,990.58
2025-02-28 10:00:00-08:00,6.2,17,78,990.51
2025-02-28 11:00:00-08:00,12.5,32,76,990.35
2025-02-28 12:00:00-08:00,15.2,34,77,989.78
2025-02-28 13:00:00-08:00,7.3,32,78,989.37
2025-02-28 14:00:00-08:00,5.7,30,78,989.38
2025-02-28 15:00:00-08:00,4.3,28,78,989.33
2025-02-28 16:00:00-08:00,4.7,31,74,989.16
2025-02-28 17:00:00-08:00,4.7,34,70,989.23
2025-02-28 18:00:00-08:00,6.1,38,67,989.46
2025-02-28 19:00:00-08:00,7.7,53,63,989.91
2025-02-28 20:00:00-08:00,9.5,57,61,990.37
2025-02-28 21:00:00-08:00,12.9,58,60,990.53
2025-02-28 22:00:00-08:00,14.8,59,60,990.73
2025-02-28 23:00:00-08:00,12.5,58,60,990.74
