file,n_hours
sensor_102490_history.csv,796
sensor_10544_history.csv,1408
sensor_108340_history.csv,1416
sensor_113320_history.csv,1356
sensor_118601_history.csv,1404
sensor_118887_history.csv,1236
sensor_12272_history.csv,1414
sensor_122949_history.csv,1416
sensor_124627_history.csv,1416
sensor_124961_history.csv,1416
sensor_125031_history.csv,1391
sensor_128709_history.csv,493
sensor_133117_history.csv,1407
sensor_133597_history.csv,1388
sensor_135616_history.csv,1416
sensor_13967_history.csv,1416
sensor_142608_history.csv,1416
sensor_150020_history.csv,880
sensor_155385_history.csv,985
sensor_15901_history.csv,1416
sensor_175353_history.csv,1416
sensor_175415_history.csv,1408
sensor_175667_history.csv,1024
sensor_176911_history.csv,1186
sensor_17793_history.csv,1416
sensor_188495_history.csv,1416
sensor_1970_history.csv,873
sensor_198489_history.csv,1162
sensor_206827_history.csv,1416
sensor_20700_history.csv,1273
sensor_208491_history.csv,1318
sensor_208493_history.csv,1230
sensor_210109_history.csv,1416
sensor_212477_history.csv,1397
sensor_216023_history.csv,1073
sensor_216251_history.csv,1368
sensor_223265_history.csv,1416
sensor_224187_history.csv,1416
sensor_225561_history.csv,1405
sensor_22567_history.csv,1416
sensor_225879_history.csv,1396
sensor_23635_history.csv,1416
sensor_239985_history.csv,1395
sensor_240281_history.csv,1416
sensor_240923_history.csv,1401
sensor_243681_history.csv,1416
sensor_244053_history.csv,1261
sensor_244817_history.csv,1415
sensor_245025_history.csv,1416
sensor_245029_history.csv,1416
sensor_249261_history.csv,1416
sensor_251641_history.csv,1015
sensor_251647_history.csv,1104
sensor_251757_history.csv,391
sensor_251927_history.csv,927
sensor_253399_history.csv,874
sensor_253407_history.csv,661
sensor_253411_history.csv,874
sensor_255627_history.csv,1138
sensor_255637_history.csv,923
sensor_256271_history.csv,757
sensor_256421_history.csv,1037
sensor_256435_history.csv,1092
sensor_256493_history.csv,472
sensor_256643_history.csv,972
sensor_256653_history.csv,699
sensor_256803_history.csv,945
sensor_256839_history.csv,993
sensor_256923_history.csv,730
sensor_256977_history.csv,657
sensor_257141_history.csv,946
sensor_257145_history.csv,516
sensor_257593_history.csv,873
sensor_257599_history.csv,895
sensor_257643_history.csv,581
sensor_257651_history.csv,942
sensor_257799_history.csv,1014
sensor_257857_history.csv,987
sensor_257879_history.csv,948
sensor_257941_history.csv,690
sensor_258239_history.csv,727
sensor_258263_history.csv,880
sensor_258282_history.csv,151
sensor_258287_history.csv,445
sensor_258513_history.csv,664
sensor_258541_history.csv,830
sensor_259187_history.csv,595
sensor_259223_history.csv,865
sensor_259233_history.csv,830
sensor_259239_history.csv,850
sensor_259651_history.csv,946
sensor_259915_history.csv,680
sensor_260011_history.csv,568
sensor_260023_history.csv,519
sensor_260081_history.csv,446
sensor_260249_history.csv,459
sensor_260355_history.csv,634
sensor_260679_history.csv,528
sensor_260723_history.csv,636
sensor_260839_history.csv,705
sensor_260855_history.csv,226
sensor_260863_history.csv,15
sensor_261235_history.csv,611
sensor_261309_history.csv,442
sensor_261363_history.csv,443
sensor_261643_history.csv,428
sensor_261651_history.csv,422
sensor_261751_history.csv,432
sensor_261755_history.csv,471
sensor_262261_history.csv,423
sensor_262437_history.csv,208
sensor_262449_history.csv,216
sensor_26479_history.csv,1416
sensor_2649_history.csv,1408
sensor_27109_history.csv,1416
sensor_28529_history.csv,1416
sensor_2946_history.csv,1242
sensor_29697_history.csv,1413
sensor_32339_history.csv,1416
sensor_32969_history.csv,1416
sensor_33181_history.csv,1293
sensor_34481_history.csv,1411
sensor_34517_history.csv,1247
sensor_35027_history.csv,1377
sensor_36143_history.csv,1022
sensor_36359_history.csv,1229
sensor_36717_history.csv,1416
sensor_37217_history.csv,842
sensor_37551_history.csv,1416
sensor_37885_history.csv,1410
sensor_38399_history.csv,1393
sensor_38649_history.csv,1415
sensor_40449_history.csv,1414
sensor_4417_history.csv,1416
sensor_46481_history.csv,155
sensor_48397_history.csv,1416
sensor_49327_history.csv,1416
sensor_51323_history.csv,1408
sensor_55503_history.csv,1356
sensor_55537_history.csv,1299
sensor_56109_history.csv,1313
sensor_56207_history.csv,1208
sensor_56239_history.csv,1416
sensor_57515_history.csv,1415
sensor_5804_history.csv,1416
sensor_5810_history.csv,785
sensor_6170_history.csv,1416
sensor_6220_history.csv,1155
sensor_6472_history.csv,1406
sensor_64765_history.csv,1408
sensor_67241_history.csv,1416
sensor_71813_history.csv,1415
sensor_7290_history.csv,1411
sensor_73135_history.csv,1401
sensor_73229_history.csv,1307
sensor_74069_history.csv,1416
sensor_75133_history.csv,156
sensor_76759_history.csv,1416
sensor_78091_history.csv,1414
sensor_78635_history.csv,1372
sensor_79085_history.csv,1416
sensor_81219_history.csv,1377
sensor_81663_history.csv,1414
sensor_81731_history.csv,1357
sensor_82071_history.csv,1416
sensor_82363_history.csv,1416
sensor_82609_history.csv,1212
sensor_83089_history.csv,1416
sensor_83465_history.csv,1401
sensor_84069_history.csv,1416
sensor_84101_history.csv,158
sensor_84323_history.csv,1409
sensor_84627_history.csv,1183
sensor_85359_history.csv,1416
sensor_85645_history.csv,1399
sensor_85985_history.csv,1416
sensor_86071_history.csv,1416
sensor_86075_history.csv,1410
sensor_86185_history.csv,1280
sensor_86559_history.csv,1416
sensor_87129_history.csv,1416
sensor_87181_history.csv,1413
sensor_87355_history.csv,1412
sensor_8862_history.csv,1416
sensor_88895_history.csv,1416
sensor_9168_history.csv,1407
sensor_9274_history.csv,1416
sensor_93203_history.csv,1402
sensor_94397_history.csv,1416
sensor_96837_history.csv,1416
sensor_96903_history.csv,1416
sensor_99345_history.csv,1223
