sensor,lat,lon
1970,33.99827,-118.437546
2649,34.294777,-118.57907
2946,33.99251,-118.47207
4054,34.085045,-118.18156
4417,33.70755,-118.291084
5804,33.987106,-118.45132
5810,34.03836,-118.51824
6170,34.021492,-118.34324
6220,34.030903,-118.301506
6472,34.111187,-118.21065
7290,34.180466,-118.41769
8862,34.051643,-118.4802
9168,34.09818,-118.28198
9274,34.133804,-118.47423
10544,33.782234,-118.26753
11006,33.974392,-118.3839
12272,34.082874,-118.189514
13967,34.10655,-118.32698
15901,34.14978,-118.383026
17793,34.10424,-118.3317
20700,34.157288,-118.38509
22567,33.963295,-118.45176
23635,33.96655,-118.391396
26479,34.14562,-118.46077
27109,34.16477,-118.59115
28529,33.777233,-118.243095
29697,34.23818,-118.528336
32339,34.116642,-118.22908
32969,34.122124,-118.36022
33181,34.073853,-118.43859
34481,33.971844,-118.42094
34517,34.129498,-118.486015
35027,34.055313,-118.4213
36143,34.067047,-118.46885
36359,34.06109,-118.47584
36717,34.020527,-118.36168
37217,34.040783,-118.402084
37551,34.280663,-118.471855
37885,34.026787,-118.421555
38399,34.066563,-118.365456
38649,34.114075,-118.21108
40449,34.036194,-118.459694
46481,33.729404,-118.31744
48397,34.146645,-118.37487
49327,34.104347,-118.271454
51323,33.994316,-118.47991
55503,34.274612,-118.406845
55537,34.04084,-118.44235
56109,34.143806,-118.21793
56207,34.265656,-118.43358
56239,34.008266,-118.43928
57515,33.78625,-118.286026
64765,34.275894,-118.318
67241,34.090786,-118.24284
71813,34.273727,-118.305725
73135,34.040134,-118.41064
73229,34.254223,-118.34204
74069,34.101658,-118.246605
75133,34.055813,-118.48607
76371,34.28159,-118.57216
76627,34.09721,-118.25768
76759,34.08747,-118.202
77097,34.14193,-118.19898
78091,34.112766,-118.46301
78373,34.124516,-118.371796
78635,34.118977,-118.21224
79085,34.00323,-118.44888
81219,34.24554,-118.50561
81663,34.05029,-118.43107
81731,34.119446,-118.31143
82071,34.155815,-118.42443
82363,34.057076,-118.37345
82609,34.135338,-118.50378
83089,34.075016,-118.3376
83465,34.06741,-118.46436
84069,34.14787,-118.56422
84101,34.07165,-118.55768
84323,34.18091,-118.647896
84627,34.103767,-118.213554
85359,34.121635,-118.32282
85645,34.26045,-118.33701
85985,34.147858,-118.45907
86071,34.1195,-118.22425
86075,34.124817,-118.44569
86185,34.099808,-118.266624
86559,33.75025,-118.29792
87129,33.970142,-118.37188
87181,34.304108,-118.51413
87355,34.14827,-118.5075
88895,34.061493,-118.434616
91479,34.073586,-118.17434
93203,33.961735,-118.39327
94397,34.067867,-118.254196
96837,34.110126,-118.21719
96903,34.22511,-118.509384
99345,34.229027,-118.4006
102490,34.157776,-118.576744
108340,33.96232,-118.3794
113320,34.116047,-118.36865
118601,34.329723,-118.42647
118887,34.233128,-118.56809
119601,34.06289,-118.429825
122949,33.978977,-118.40048
124627,34.005493,-118.42474
124961,34.08,-118.272934
125031,34.112953,-118.32981
128709,34.037346,-118.38636
133117,34.120197,-118.2049
133597,33.732033,-118.29679
135616,33.994335,-118.335236
142608,33.98141,-118.43665
150020,34.093136,-118.27378
155385,34.17332,-118.453445
155793,34.115887,-118.28102
175353,34.118793,-118.39649
175415,34.326363,-118.424774
175667,33.792194,-118.25144
176911,34.267456,-118.31285
188495,34.13109,-118.236374
198489,34.120472,-118.24426
206827,33.960133,-118.40416
208491,34.0204,-118.285774
208493,34.05986,-118.20495
210109,33.966686,-118.4154
212477,33.72372,-118.297
212913,34.108383,-118.208466
216023,33.791748,-118.24437
216251,34.24727,-118.42988
219899,34.048492,-118.553055
223265,34.02754,-118.32316
224187,33.996197,-118.40669
225561,34.14103,-118.3722
225879,34.094112,-118.272125
239985,34.10861,-118.29374
240281,33.956985,-118.40638
240923,34.06745,-118.45832
243681,34.071854,-118.46221
244053,34.0173,-118.278366
244817,33.961567,-118.40924
245025,34.08614,-118.37481
245029,34.15604,-118.399
249261,33.97729,-118.464264
251641,34.131023,-118.21003
251647,34.095333,-118.21106
251757,34.08525,-118.256645
251927,34.00667,-118.42652
253391,34.14682,-118.38869
253399,34.097996,-118.16358
253407,34.105206,-118.37642
253411,34.087795,-118.46347
255627,34.03941,-118.35993
255637,34.130634,-118.379105
256219,34.121105,-118.3887
256271,34.123466,-118.50628
256421,34.07242,-118.29083
256435,34.081936,-118.19699
256493,34.253353,-118.46088
256643,34.129284,-118.202034
256653,34.10041,-118.25393
256803,34.11454,-118.390015
256839,34.101208,-118.27743
256923,33.994522,-118.463684
256977,34.06367,-118.48448
257141,34.034534,-118.510254
257145,34.078,-118.49999
257593,34.264275,-118.539375
257599,34.09169,-118.42392
257643,34.068108,-118.49737
257651,34.081745,-118.44605
257799,34.069298,-118.341354
257857,34.080036,-118.285385
257879,34.100723,-118.209854
257941,33.992657,-118.43893
258239,34.06458,-118.35452
258263,34.143604,-118.48678
258282,34.120335,-118.26629
258287,34.081234,-118.503075
258513,34.0633,-118.414185
258541,34.10691,-118.22383
258565,34.252827,-118.56362
259187,34.11726,-118.35694
259223,34.046715,-118.43126
259233,34.114483,-118.28128
259239,34.105244,-118.5032
259651,34.09009,-118.253204
259915,34.036663,-118.508224
260011,34.132378,-118.38391
260023,33.984497,-118.426956
260081,34.165092,-118.56317
260249,34.05337,-118.486946
260355,34.10128,-118.21174
260679,34.053314,-118.50381
260723,34.09462,-118.28599
260839,34.05732,-118.37817
260855,34.138866,-118.39183
260863,34.046143,-118.50706
261099,34.094723,-118.46247
261235,34.121384,-118.50636
261309,34.0724,-118.56015
261361,34.087543,-118.16267
261363,34.076817,-118.55111
261643,34.12829,-118.483444
261651,34.052162,-118.53205
261751,34.13415,-118.22714
261755,34.07634,-118.5632
262261,34.042206,-118.51095
262343,34.0346,-118.513794
262437,34.076538,-118.48832
262449,34.056217,-118.51816
263027,34.065613,-118.43338
265253,34.11493,-118.26095
265417,34.061935,-118.50202
265735,34.022358,-118.41111
266279,33.984486,-118.42341
267621,34.074394,-118.56352
267631,34.074413,-118.564255
267669,34.07476,-118.56347
268708,34.077957,-118.56903
269902,34.119698,-118.233154
270654,34.073345,-118.563644
271012,34.065613,-118.43338
271303,34.083347,-118.27821
272935,34.034176,-118.28468
273367,34.037914,-118.51946
274436,34.030994,-118.52077
275634,34.07115,-118.55153
276088,33.984573,-118.46658
279504,34.058384,-118.549805
281340,34.20407,-118.38328
284000,34.070507,-118.37995
284002,34.092693,-118.24888
284042,34.048904,-118.311356
284134,34.028515,-118.45275
288248,34.081184,-118.29977
292635,34.046833,-118.36541
292727,33.97198,-118.42548
292775,34.106506,-118.178345
292925,34.226997,-118.60692
293651,34.116005,-118.21946
294053,34.050697,-118.53205
296843,34.10688,-118.21276
299439,34.022186,-118.40363
300669,34.04941,-118.31949
302278,34.127068,-118.508385
302888,33.737934,-118.2892
304070,34.05634,-118.27962
304902,34.0693,-118.504265
306510,34.0248,-118.34612
310639,34.05603,-118.292564
312711,34.126484,-118.18886
313261,34.10068,-118.34547
313507,34.04682,-118.52792
314771,34.03427,-118.2086
315083,34.083305,-118.31232
315103,34.145103,-118.45397
315225,34.04643,-118.34065
315573,34.07209,-118.260124
315803,34.047817,-118.23476
315825,34.13627,-118.27125
316549,34.2702,-118.41459
