group,sensor_id,distance_km,n_rows,sensor_lat,sensor_lon
closest,208493,2.154,1127,34.05986,-118.20495
3km,208493,2.154,1127,34.05986,-118.20495
3km,94397,2.52,1312,34.067867,-118.254196
4km,208493,2.154,1127,34.05986,-118.20495
4km,94397,2.52,1312,34.067867,-118.254196
4km,67241,3.066,1312,34.090786,-118.24284
4km,256435,3.239,989,34.081936,-118.19699
4km,76759,3.262,1312,34.08747,-118.202
4km,251757,3.438,354,34.08525,-118.256645
4km,251647,3.513,1003,34.095333,-118.21106
4km,259651,3.565,843,34.09009,-118.253204
4km,12272,3.889,1310,34.082874,-118.189514
5km,208493,2.154,1127,34.05986,-118.20495
5km,94397,2.52,1312,34.067867,-118.254196
5km,67241,3.066,1312,34.090786,-118.24284
5km,256435,3.239,989,34.081936,-118.19699
5km,76759,3.262,1312,34.08747,-118.202
5km,251757,3.438,354,34.08525,-118.256645
5km,251647,3.513,1003,34.095333,-118.21106
5km,259651,3.565,843,34.09009,-118.253204
5km,12272,3.889,1310,34.082874,-118.189514
5km,260355,4.102,535,34.10128,-118.21174
5km,257879,4.107,845,34.100723,-118.209854
5km,74069,4.302,1312,34.101658,-118.246605
5km,84627,4.312,1080,34.103767,-118.213554
5km,258541,4.492,731,34.10691,-118.22383
5km,124961,4.496,1312,34.08,-118.272934
5km,256653,4.511,622,34.10041,-118.25393
5km,96837,4.923,1312,34.110126,-118.21719
6km,208493,2.154,1127,34.05986,-118.20495
6km,94397,2.52,1312,34.067867,-118.254196
6km,67241,3.066,1312,34.090786,-118.24284
6km,256435,3.239,989,34.081936,-118.19699
6km,76759,3.262,1312,34.08747,-118.202
6km,251757,3.438,354,34.08525,-118.256645
6km,251647,3.513,1003,34.095333,-118.21106
6km,259651,3.565,843,34.09009,-118.253204
6km,12272,3.889,1310,34.082874,-118.189514
6km,260355,4.102,535,34.10128,-118.21174
6km,257879,4.107,845,34.100723,-118.209854
6km,74069,4.302,1312,34.101658,-118.246605
6km,84627,4.312,1080,34.103767,-118.213554
6km,258541,4.492,731,34.10691,-118.22383
6km,124961,4.496,1312,34.08,-118.272934
6km,256653,4.511,622,34.10041,-118.25393
6km,96837,4.923,1312,34.110126,-118.21719
6km,225879,5.17,1293,34.094112,-118.272125
6km,6472,5.179,1303,34.111187,-118.21065
6km,86185,5.2,1176,34.099808,-118.266624
6km,150020,5.232,874,34.093136,-118.27378
6km,38649,5.477,1311,34.114075,-118.21108
6km,32339,5.569,1312,34.116642,-118.22908
6km,257857,5.592,884,34.080036,-118.285385
6km,49327,5.872,1312,34.104347,-118.271454
6km,86071,5.888,1312,34.1195,-118.22425
6km,256421,5.926,934,34.07242,-118.29083
6km,78635,5.979,1269,34.118977,-118.21224
7km,208493,2.154,1127,34.05986,-118.20495
7km,94397,2.52,1312,34.067867,-118.254196
7km,67241,3.066,1312,34.090786,-118.24284
7km,256435,3.239,989,34.081936,-118.19699
7km,76759,3.262,1312,34.08747,-118.202
7km,251757,3.438,354,34.08525,-118.256645
7km,251647,3.513,1003,34.095333,-118.21106
7km,259651,3.565,843,34.09009,-118.253204
7km,12272,3.889,1310,34.082874,-118.189514
7km,260355,4.102,535,34.10128,-118.21174
7km,257879,4.107,845,34.100723,-118.209854
7km,74069,4.302,1312,34.101658,-118.246605
7km,84627,4.312,1080,34.103767,-118.213554
7km,258541,4.492,731,34.10691,-118.22383
7km,124961,4.496,1312,34.08,-118.272934
7km,256653,4.511,622,34.10041,-118.25393
7km,96837,4.923,1312,34.110126,-118.21719
7km,225879,5.17,1293,34.094112,-118.272125
7km,6472,5.179,1303,34.111187,-118.21065
7km,86185,5.2,1176,34.099808,-118.266624
7km,150020,5.232,874,34.093136,-118.27378
7km,38649,5.477,1311,34.114075,-118.21108
7km,32339,5.569,1312,34.116642,-118.22908
7km,257857,5.592,884,34.080036,-118.285385
7km,49327,5.872,1312,34.104347,-118.271454
7km,86071,5.888,1312,34.1195,-118.22425
7km,256421,5.926,934,34.07242,-118.29083
7km,78635,5.979,1269,34.118977,-118.21224
7km,256839,6.041,890,34.101208,-118.27743
7km,9168,6.172,1303,34.09818,-118.28198
7km,198489,6.201,1059,34.120472,-118.24426
7km,260723,6.273,537,34.09462,-118.28599
7km,133117,6.295,1303,34.120197,-118.2049
7km,253399,6.796,775,34.097996,-118.16358
7km,258282,6.992,56,34.120335,-118.26629
8km,208493,2.154,1127,34.05986,-118.20495
8km,94397,2.52,1312,34.067867,-118.254196
8km,67241,3.066,1312,34.090786,-118.24284
8km,256435,3.239,989,34.081936,-118.19699
8km,76759,3.262,1312,34.08747,-118.202
8km,251757,3.438,354,34.08525,-118.256645
8km,251647,3.513,1003,34.095333,-118.21106
8km,259651,3.565,843,34.09009,-118.253204
8km,12272,3.889,1310,34.082874,-118.189514
8km,260355,4.102,535,34.10128,-118.21174
8km,257879,4.107,845,34.100723,-118.209854
8km,74069,4.302,1312,34.101658,-118.246605
8km,84627,4.312,1080,34.103767,-118.213554
8km,258541,4.492,731,34.10691,-118.22383
8km,124961,4.496,1312,34.08,-118.272934
8km,256653,4.511,622,34.10041,-118.25393
8km,96837,4.923,1312,34.110126,-118.21719
8km,225879,5.17,1293,34.094112,-118.272125
8km,6472,5.179,1303,34.111187,-118.21065
8km,86185,5.2,1176,34.099808,-118.266624
8km,150020,5.232,874,34.093136,-118.27378
8km,38649,5.477,1311,34.114075,-118.21108
8km,32339,5.569,1312,34.116642,-118.22908
8km,257857,5.592,884,34.080036,-118.285385
8km,49327,5.872,1312,34.104347,-118.271454
8km,86071,5.888,1312,34.1195,-118.22425
8km,256421,5.926,934,34.07242,-118.29083
8km,78635,5.979,1269,34.118977,-118.21224
8km,256839,6.041,890,34.101208,-118.27743
8km,9168,6.172,1303,34.09818,-118.28198
8km,198489,6.201,1059,34.120472,-118.24426
8km,260723,6.273,537,34.09462,-118.28599
8km,133117,6.295,1303,34.120197,-118.2049
8km,253399,6.796,775,34.097996,-118.16358
8km,258282,6.992,56,34.120335,-118.26629
8km,188495,7.225,1312,34.13109,-118.236374
8km,244053,7.249,1157,34.0173,-118.278366
8km,259233,7.311,731,34.114483,-118.28128
8km,251641,7.331,912,34.131023,-118.21003
8km,256643,7.337,869,34.129284,-118.202034
8km,208491,7.472,1214,34.0204,-118.285774
8km,261751,7.512,374,34.13415,-118.22714
8km,239985,7.729,1291,34.10861,-118.29374
8km,6220,7.938,1052,34.030903,-118.301506
9km,208493,2.154,1127,34.05986,-118.20495
9km,94397,2.52,1312,34.067867,-118.254196
9km,67241,3.066,1312,34.090786,-118.24284
9km,256435,3.239,989,34.081936,-118.19699
9km,76759,3.262,1312,34.08747,-118.202
9km,251757,3.438,354,34.08525,-118.256645
9km,251647,3.513,1003,34.095333,-118.21106
9km,259651,3.565,843,34.09009,-118.253204
9km,12272,3.889,1310,34.082874,-118.189514
9km,260355,4.102,535,34.10128,-118.21174
9km,257879,4.107,845,34.100723,-118.209854
9km,74069,4.302,1312,34.101658,-118.246605
9km,84627,4.312,1080,34.103767,-118.213554
9km,258541,4.492,731,34.10691,-118.22383
9km,124961,4.496,1312,34.08,-118.272934
9km,256653,4.511,622,34.10041,-118.25393
9km,96837,4.923,1312,34.110126,-118.21719
9km,225879,5.17,1293,34.094112,-118.272125
9km,6472,5.179,1303,34.111187,-118.21065
9km,86185,5.2,1176,34.099808,-118.266624
9km,150020,5.232,874,34.093136,-118.27378
9km,38649,5.477,1311,34.114075,-118.21108
9km,32339,5.569,1312,34.116642,-118.22908
9km,257857,5.592,884,34.080036,-118.285385
9km,49327,5.872,1312,34.104347,-118.271454
9km,86071,5.888,1312,34.1195,-118.22425
9km,256421,5.926,934,34.07242,-118.29083
9km,78635,5.979,1269,34.118977,-118.21224
9km,256839,6.041,890,34.101208,-118.27743
9km,9168,6.172,1303,34.09818,-118.28198
9km,198489,6.201,1059,34.120472,-118.24426
9km,260723,6.273,537,34.09462,-118.28599
9km,133117,6.295,1303,34.120197,-118.2049
9km,253399,6.796,775,34.097996,-118.16358
9km,258282,6.992,56,34.120335,-118.26629
9km,188495,7.225,1312,34.13109,-118.236374
9km,244053,7.249,1157,34.0173,-118.278366
9km,259233,7.311,731,34.114483,-118.28128
9km,251641,7.331,912,34.131023,-118.21003
9km,256643,7.337,869,34.129284,-118.202034
9km,208491,7.472,1214,34.0204,-118.285774
9km,261751,7.512,374,34.13415,-118.22714
9km,239985,7.729,1291,34.10861,-118.29374
9km,6220,7.938,1052,34.030903,-118.301506
9km,56109,8.625,1210,34.143806,-118.21793
10km,208493,2.154,1127,34.05986,-118.20495
10km,94397,2.52,1312,34.067867,-118.254196
10km,67241,3.066,1312,34.090786,-118.24284
10km,256435,3.239,989,34.081936,-118.19699
10km,76759,3.262,1312,34.08747,-118.202
10km,251757,3.438,354,34.08525,-118.256645
10km,251647,3.513,1003,34.095333,-118.21106
10km,259651,3.565,843,34.09009,-118.253204
10km,12272,3.889,1310,34.082874,-118.189514
10km,260355,4.102,535,34.10128,-118.21174
10km,257879,4.107,845,34.100723,-118.209854
10km,74069,4.302,1312,34.101658,-118.246605
10km,84627,4.312,1080,34.103767,-118.213554
10km,258541,4.492,731,34.10691,-118.22383
10km,124961,4.496,1312,34.08,-118.272934
10km,256653,4.511,622,34.10041,-118.25393
10km,96837,4.923,1312,34.110126,-118.21719
10km,225879,5.17,1293,34.094112,-118.272125
10km,6472,5.179,1303,34.111187,-118.21065
10km,86185,5.2,1176,34.099808,-118.266624
10km,150020,5.232,874,34.093136,-118.27378
10km,38649,5.477,1311,34.114075,-118.21108
10km,32339,5.569,1312,34.116642,-118.22908
10km,257857,5.592,884,34.080036,-118.285385
10km,49327,5.872,1312,34.104347,-118.271454
10km,86071,5.888,1312,34.1195,-118.22425
10km,256421,5.926,934,34.07242,-118.29083
10km,78635,5.979,1269,34.118977,-118.21224
10km,256839,6.041,890,34.101208,-118.27743
10km,9168,6.172,1303,34.09818,-118.28198
10km,198489,6.201,1059,34.120472,-118.24426
10km,260723,6.273,537,34.09462,-118.28599
10km,133117,6.295,1303,34.120197,-118.2049
10km,253399,6.796,775,34.097996,-118.16358
10km,258282,6.992,56,34.120335,-118.26629
10km,188495,7.225,1312,34.13109,-118.236374
10km,244053,7.249,1157,34.0173,-118.278366
10km,259233,7.311,731,34.114483,-118.28128
10km,251641,7.331,912,34.131023,-118.21003
10km,256643,7.337,869,34.129284,-118.202034
10km,208491,7.472,1214,34.0204,-118.285774
10km,261751,7.512,374,34.13415,-118.22714
10km,239985,7.729,1291,34.10861,-118.29374
10km,6220,7.938,1052,34.030903,-118.301506
10km,56109,8.625,1210,34.143806,-118.21793
10km,81731,9.755,1254,34.119446,-118.31143
10km,223265,9.876,1312,34.02754,-118.32316
15km,208493,2.154,1127,34.05986,-118.20495
15km,94397,2.52,1312,34.067867,-118.254196
15km,67241,3.066,1312,34.090786,-118.24284
15km,256435,3.239,989,34.081936,-118.19699
15km,76759,3.262,1312,34.08747,-118.202
15km,251757,3.438,354,34.08525,-118.256645
15km,251647,3.513,1003,34.095333,-118.21106
15km,259651,3.565,843,34.09009,-118.253204
15km,12272,3.889,1310,34.082874,-118.189514
15km,260355,4.102,535,34.10128,-118.21174
15km,257879,4.107,845,34.100723,-118.209854
15km,74069,4.302,1312,34.101658,-118.246605
15km,84627,4.312,1080,34.103767,-118.213554
15km,258541,4.492,731,34.10691,-118.22383
15km,124961,4.496,1312,34.08,-118.272934
15km,256653,4.511,622,34.10041,-118.25393
15km,96837,4.923,1312,34.110126,-118.21719
15km,225879,5.17,1293,34.094112,-118.272125
15km,6472,5.179,1303,34.111187,-118.21065
15km,86185,5.2,1176,34.099808,-118.266624
15km,150020,5.232,874,34.093136,-118.27378
15km,38649,5.477,1311,34.114075,-118.21108
15km,32339,5.569,1312,34.116642,-118.22908
15km,257857,5.592,884,34.080036,-118.285385
15km,49327,5.872,1312,34.104347,-118.271454
15km,86071,5.888,1312,34.1195,-118.22425
15km,256421,5.926,934,34.07242,-118.29083
15km,78635,5.979,1269,34.118977,-118.21224
15km,256839,6.041,890,34.101208,-118.27743
15km,9168,6.172,1303,34.09818,-118.28198
15km,198489,6.201,1059,34.120472,-118.24426
15km,260723,6.273,537,34.09462,-118.28599
15km,133117,6.295,1303,34.120197,-118.2049
15km,253399,6.796,775,34.097996,-118.16358
15km,258282,6.992,56,34.120335,-118.26629
15km,188495,7.225,1312,34.13109,-118.236374
15km,244053,7.249,1157,34.0173,-118.278366
15km,259233,7.311,731,34.114483,-118.28128
15km,251641,7.331,912,34.131023,-118.21003
15km,256643,7.337,869,34.129284,-118.202034
15km,208491,7.472,1214,34.0204,-118.285774
15km,261751,7.512,374,34.13415,-118.22714
15km,239985,7.729,1291,34.10861,-118.29374
15km,6220,7.938,1052,34.030903,-118.301506
15km,56109,8.625,1210,34.143806,-118.21793
15km,81731,9.755,1254,34.119446,-118.31143
15km,223265,9.876,1312,34.02754,-118.32316
15km,13967,10.233,1312,34.10655,-118.32698
15km,83089,10.241,1312,34.075016,-118.3376
15km,17793,10.522,1312,34.10424,-118.3317
15km,257799,10.549,911,34.069298,-118.341354
15km,85359,10.748,1312,34.121635,-118.32282
15km,125031,10.79,1312,34.112953,-118.32981
15km,258239,11.759,628,34.06458,-118.35452
15km,6170,11.836,1312,34.021492,-118.34324
15km,255627,12.625,1035,34.03941,-118.35993
15km,38399,12.765,1290,34.066563,-118.365456
15km,135616,12.816,1312,33.994335,-118.335236
15km,259187,13.236,499,34.11726,-118.35694
15km,36717,13.435,1312,34.020527,-118.36168
15km,82363,13.543,1312,34.057076,-118.37345
15km,32969,13.744,1312,34.122124,-118.36022
15km,245025,13.797,1312,34.08614,-118.37481
15km,260839,13.975,606,34.05732,-118.37817
15km,113320,14.166,1253,34.116047,-118.36865
15km,253407,14.425,562,34.105206,-118.37642
20km,208493,2.154,1127,34.05986,-118.20495
20km,94397,2.52,1312,34.067867,-118.254196
20km,67241,3.066,1312,34.090786,-118.24284
20km,256435,3.239,989,34.081936,-118.19699
20km,76759,3.262,1312,34.08747,-118.202
20km,251757,3.438,354,34.08525,-118.256645
20km,251647,3.513,1003,34.095333,-118.21106
20km,259651,3.565,843,34.09009,-118.253204
20km,12272,3.889,1310,34.082874,-118.189514
20km,260355,4.102,535,34.10128,-118.21174
20km,257879,4.107,845,34.100723,-118.209854
20km,74069,4.302,1312,34.101658,-118.246605
20km,84627,4.312,1080,34.103767,-118.213554
20km,258541,4.492,731,34.10691,-118.22383
20km,124961,4.496,1312,34.08,-118.272934
20km,256653,4.511,622,34.10041,-118.25393
20km,96837,4.923,1312,34.110126,-118.21719
20km,225879,5.17,1293,34.094112,-118.272125
20km,6472,5.179,1303,34.111187,-118.21065
20km,86185,5.2,1176,34.099808,-118.266624
20km,150020,5.232,874,34.093136,-118.27378
20km,38649,5.477,1311,34.114075,-118.21108
20km,32339,5.569,1312,34.116642,-118.22908
20km,257857,5.592,884,34.080036,-118.285385
20km,49327,5.872,1312,34.104347,-118.271454
20km,86071,5.888,1312,34.1195,-118.22425
20km,256421,5.926,934,34.07242,-118.29083
20km,78635,5.979,1269,34.118977,-118.21224
20km,256839,6.041,890,34.101208,-118.27743
20km,9168,6.172,1303,34.09818,-118.28198
20km,198489,6.201,1059,34.120472,-118.24426
20km,260723,6.273,537,34.09462,-118.28599
20km,133117,6.295,1303,34.120197,-118.2049
20km,253399,6.796,775,34.097996,-118.16358
20km,258282,6.992,56,34.120335,-118.26629
20km,188495,7.225,1312,34.13109,-118.236374
20km,244053,7.249,1157,34.0173,-118.278366
20km,259233,7.311,731,34.114483,-118.28128
20km,251641,7.331,912,34.131023,-118.21003
20km,256643,7.337,869,34.129284,-118.202034
20km,208491,7.472,1214,34.0204,-118.285774
20km,261751,7.512,374,34.13415,-118.22714
20km,239985,7.729,1291,34.10861,-118.29374
20km,6220,7.938,1052,34.030903,-118.301506
20km,56109,8.625,1210,34.143806,-118.21793
20km,81731,9.755,1254,34.119446,-118.31143
20km,223265,9.876,1312,34.02754,-118.32316
20km,13967,10.233,1312,34.10655,-118.32698
20km,83089,10.241,1312,34.075016,-118.3376
20km,17793,10.522,1312,34.10424,-118.3317
20km,257799,10.549,911,34.069298,-118.341354
20km,85359,10.748,1312,34.121635,-118.32282
20km,125031,10.79,1312,34.112953,-118.32981
20km,258239,11.759,628,34.06458,-118.35452
20km,6170,11.836,1312,34.021492,-118.34324
20km,255627,12.625,1035,34.03941,-118.35993
20km,38399,12.765,1290,34.066563,-118.365456
20km,135616,12.816,1312,33.994335,-118.335236
20km,259187,13.236,499,34.11726,-118.35694
20km,36717,13.435,1312,34.020527,-118.36168
20km,82363,13.543,1312,34.057076,-118.37345
20km,32969,13.744,1312,34.122124,-118.36022
20km,245025,13.797,1312,34.08614,-118.37481
20km,260839,13.975,606,34.05732,-118.37817
20km,113320,14.166,1253,34.116047,-118.36865
20km,253407,14.425,562,34.105206,-118.37642
20km,128709,15.048,394,34.037346,-118.38636
20km,255637,15.722,820,34.130634,-118.379105
20km,225561,15.733,1301,34.14103,-118.3722
20km,256803,15.941,842,34.11454,-118.390015
20km,260011,16.204,469,34.132378,-118.38391
20km,48397,16.275,1312,34.146645,-118.37487
20km,37217,16.394,836,34.040783,-118.402084
20km,175353,16.662,1312,34.118793,-118.39649
20km,15901,17.095,1312,34.14978,-118.383026
20km,87129,17.135,1312,33.970142,-118.37188
20km,260855,17.183,127,34.138866,-118.39183
20km,73135,17.183,1297,34.040134,-118.41064
20km,258513,17.257,565,34.0633,-118.414185
20km,20700,17.716,1171,34.157288,-118.38509
20km,35027,17.954,855,34.055313,-118.4213
20km,108340,18.222,1312,33.96232,-118.3794
20km,224187,18.325,1312,33.996197,-118.40669
20km,257599,18.361,796,34.09169,-118.42392
20km,37885,18.474,1312,34.026787,-118.421555
20km,245029,18.709,1312,34.15604,-118.399
20km,122949,18.732,1312,33.978977,-118.40048
20km,23635,18.806,1312,33.96655,-118.391396
20km,81663,18.897,1310,34.05029,-118.43107
20km,259223,18.957,771,34.046715,-118.43126
20km,88895,19.144,1312,34.061493,-118.434616
20km,93203,19.265,1298,33.961735,-118.39327
20km,124627,19.457,1312,34.005493,-118.42474
20km,33181,19.517,1260,34.073853,-118.43859
20km,251927,19.565,824,34.00667,-118.42652
25km,208493,2.154,1127,34.05986,-118.20495
25km,94397,2.52,1312,34.067867,-118.254196
25km,67241,3.066,1312,34.090786,-118.24284
25km,256435,3.239,989,34.081936,-118.19699
25km,76759,3.262,1312,34.08747,-118.202
25km,251757,3.438,354,34.08525,-118.256645
25km,251647,3.513,1003,34.095333,-118.21106
25km,259651,3.565,843,34.09009,-118.253204
25km,12272,3.889,1310,34.082874,-118.189514
25km,260355,4.102,535,34.10128,-118.21174
25km,257879,4.107,845,34.100723,-118.209854
25km,74069,4.302,1312,34.101658,-118.246605
25km,84627,4.312,1080,34.103767,-118.213554
25km,258541,4.492,731,34.10691,-118.22383
25km,124961,4.496,1312,34.08,-118.272934
25km,256653,4.511,622,34.10041,-118.25393
25km,96837,4.923,1312,34.110126,-118.21719
25km,225879,5.17,1293,34.094112,-118.272125
25km,6472,5.179,1303,34.111187,-118.21065
25km,86185,5.2,1176,34.099808,-118.266624
25km,150020,5.232,874,34.093136,-118.27378
25km,38649,5.477,1311,34.114075,-118.21108
25km,32339,5.569,1312,34.116642,-118.22908
25km,257857,5.592,884,34.080036,-118.285385
25km,49327,5.872,1312,34.104347,-118.271454
25km,86071,5.888,1312,34.1195,-118.22425
25km,256421,5.926,934,34.07242,-118.29083
25km,78635,5.979,1269,34.118977,-118.21224
25km,256839,6.041,890,34.101208,-118.27743
25km,9168,6.172,1303,34.09818,-118.28198
25km,198489,6.201,1059,34.120472,-118.24426
25km,260723,6.273,537,34.09462,-118.28599
25km,133117,6.295,1303,34.120197,-118.2049
25km,253399,6.796,775,34.097996,-118.16358
25km,258282,6.992,56,34.120335,-118.26629
25km,188495,7.225,1312,34.13109,-118.236374
25km,244053,7.249,1157,34.0173,-118.278366
25km,259233,7.311,731,34.114483,-118.28128
25km,251641,7.331,912,34.131023,-118.21003
25km,256643,7.337,869,34.129284,-118.202034
25km,208491,7.472,1214,34.0204,-118.285774
25km,261751,7.512,374,34.13415,-118.22714
25km,239985,7.729,1291,34.10861,-118.29374
25km,6220,7.938,1052,34.030903,-118.301506
25km,56109,8.625,1210,34.143806,-118.21793
25km,81731,9.755,1254,34.119446,-118.31143
25km,223265,9.876,1312,34.02754,-118.32316
25km,13967,10.233,1312,34.10655,-118.32698
25km,83089,10.241,1312,34.075016,-118.3376
25km,17793,10.522,1312,34.10424,-118.3317
25km,257799,10.549,911,34.069298,-118.341354
25km,85359,10.748,1312,34.121635,-118.32282
25km,125031,10.79,1312,34.112953,-118.32981
25km,258239,11.759,628,34.06458,-118.35452
25km,6170,11.836,1312,34.021492,-118.34324
25km,255627,12.625,1035,34.03941,-118.35993
25km,38399,12.765,1290,34.066563,-118.365456
25km,135616,12.816,1312,33.994335,-118.335236
25km,259187,13.236,499,34.11726,-118.35694
25km,36717,13.435,1312,34.020527,-118.36168
25km,82363,13.543,1312,34.057076,-118.37345
25km,32969,13.744,1312,34.122124,-118.36022
25km,245025,13.797,1312,34.08614,-118.37481
25km,260839,13.975,606,34.05732,-118.37817
25km,113320,14.166,1253,34.116047,-118.36865
25km,253407,14.425,562,34.105206,-118.37642
25km,128709,15.048,394,34.037346,-118.38636
25km,255637,15.722,820,34.130634,-118.379105
25km,225561,15.733,1301,34.14103,-118.3722
25km,256803,15.941,842,34.11454,-118.390015
25km,260011,16.204,469,34.132378,-118.38391
25km,48397,16.275,1312,34.146645,-118.37487
25km,37217,16.394,836,34.040783,-118.402084
25km,175353,16.662,1312,34.118793,-118.39649
25km,15901,17.095,1312,34.14978,-118.383026
25km,87129,17.135,1312,33.970142,-118.37188
25km,260855,17.183,127,34.138866,-118.39183
25km,73135,17.183,1297,34.040134,-118.41064
25km,258513,17.257,565,34.0633,-118.414185
25km,20700,17.716,1171,34.157288,-118.38509
25km,35027,17.954,855,34.055313,-118.4213
25km,108340,18.222,1312,33.96232,-118.3794
25km,224187,18.325,1312,33.996197,-118.40669
25km,257599,18.361,796,34.09169,-118.42392
25km,37885,18.474,1312,34.026787,-118.421555
25km,245029,18.709,1312,34.15604,-118.399
25km,122949,18.732,1312,33.978977,-118.40048
25km,23635,18.806,1312,33.96655,-118.391396
25km,81663,18.897,1310,34.05029,-118.43107
25km,259223,18.957,771,34.046715,-118.43126
25km,88895,19.144,1312,34.061493,-118.434616
25km,93203,19.265,1298,33.961735,-118.39327
25km,124627,19.457,1312,34.005493,-118.42474
25km,33181,19.517,1260,34.073853,-118.43859
25km,251927,19.565,824,34.00667,-118.42652
25km,206827,20.177,1312,33.960133,-118.40416
25km,257651,20.257,839,34.081745,-118.44605
25km,244817,20.467,1311,33.961567,-118.40924
25km,240281,20.549,1312,33.956985,-118.40638
25km,260023,20.574,420,33.984497,-118.426956
25km,56239,20.618,1312,34.008266,-118.43928
25km,210109,20.623,1312,33.966686,-118.4154
25km,82071,20.717,1312,34.155815,-118.42443
25km,34481,20.758,1307,33.971844,-118.42094
25km,1970,20.846,774,33.99827,-118.437546
25km,86075,21.163,1312,34.124817,-118.44569
25km,257941,21.2,591,33.992657,-118.43893
25km,240923,21.319,1298,34.06745,-118.45832
25km,142608,21.528,1312,33.98141,-118.43665
25km,79085,21.636,1312,34.00323,-118.44888
25km,7290,21.653,1307,34.180466,-118.41769
25km,243681,21.684,1312,34.071854,-118.46221
25km,40449,21.714,1310,34.036194,-118.459694
25km,83465,21.875,1298,34.06741,-118.46436
25km,253411,21.917,775,34.087795,-118.46347
25km,36143,22.288,1016,34.067047,-118.46885
25km,78091,22.343,1310,34.112766,-118.46301
25km,5804,22.493,1312,33.987106,-118.45132
25km,36359,22.941,1125,34.06109,-118.47584
25km,85985,23.209,1312,34.147858,-118.45907
25km,256923,23.247,631,33.994522,-118.463684
25km,73229,23.4,1204,34.254223,-118.34204
25km,176911,23.694,1083,34.267456,-118.31285
25km,22567,23.697,1312,33.963295,-118.45176
25km,256977,23.731,558,34.06367,-118.48448
25km,85645,23.819,1296,34.26045,-118.33701
25km,75133,23.906,60,34.055813,-118.48607
25km,9274,23.97,1312,34.133804,-118.47423
25km,155385,23.996,882,34.17332,-118.453445
25km,260249,24.002,360,34.05337,-118.486946
25km,249261,24.026,1312,33.97729,-118.464264
25km,2946,24.05,1139,33.99251,-118.47207
25km,262437,24.106,109,34.076538,-118.48832
25km,99345,24.121,1212,34.229027,-118.4006
25km,71813,24.148,1311,34.273727,-118.305725
25km,261643,24.6,329,34.12829,-118.483444
25km,51323,24.663,1304,33.994316,-118.47991
25km,64765,24.737,1305,34.275894,-118.318
25km,34517,24.865,1144,34.129498,-118.486015
25km,257643,24.916,482,34.068108,-118.49737
30km,208493,2.154,1127,34.05986,-118.20495
30km,94397,2.52,1312,34.067867,-118.254196
30km,67241,3.066,1312,34.090786,-118.24284
30km,256435,3.239,989,34.081936,-118.19699
30km,76759,3.262,1312,34.08747,-118.202
30km,251757,3.438,354,34.08525,-118.256645
30km,251647,3.513,1003,34.095333,-118.21106
30km,259651,3.565,843,34.09009,-118.253204
30km,12272,3.889,1310,34.082874,-118.189514
30km,260355,4.102,535,34.10128,-118.21174
30km,257879,4.107,845,34.100723,-118.209854
30km,74069,4.302,1312,34.101658,-118.246605
30km,84627,4.312,1080,34.103767,-118.213554
30km,258541,4.492,731,34.10691,-118.22383
30km,124961,4.496,1312,34.08,-118.272934
30km,256653,4.511,622,34.10041,-118.25393
30km,96837,4.923,1312,34.110126,-118.21719
30km,225879,5.17,1293,34.094112,-118.272125
30km,6472,5.179,1303,34.111187,-118.21065
30km,86185,5.2,1176,34.099808,-118.266624
30km,150020,5.232,874,34.093136,-118.27378
30km,38649,5.477,1311,34.114075,-118.21108
30km,32339,5.569,1312,34.116642,-118.22908
30km,257857,5.592,884,34.080036,-118.285385
30km,49327,5.872,1312,34.104347,-118.271454
30km,86071,5.888,1312,34.1195,-118.22425
30km,256421,5.926,934,34.07242,-118.29083
30km,78635,5.979,1269,34.118977,-118.21224
30km,256839,6.041,890,34.101208,-118.27743
30km,9168,6.172,1303,34.09818,-118.28198
30km,198489,6.201,1059,34.120472,-118.24426
30km,260723,6.273,537,34.09462,-118.28599
30km,133117,6.295,1303,34.120197,-118.2049
30km,253399,6.796,775,34.097996,-118.16358
30km,258282,6.992,56,34.120335,-118.26629
30km,188495,7.225,1312,34.13109,-118.236374
30km,244053,7.249,1157,34.0173,-118.278366
30km,259233,7.311,731,34.114483,-118.28128
30km,251641,7.331,912,34.131023,-118.21003
30km,256643,7.337,869,34.129284,-118.202034
30km,208491,7.472,1214,34.0204,-118.285774
30km,261751,7.512,374,34.13415,-118.22714
30km,239985,7.729,1291,34.10861,-118.29374
30km,6220,7.938,1052,34.030903,-118.301506
30km,56109,8.625,1210,34.143806,-118.21793
30km,81731,9.755,1254,34.119446,-118.31143
30km,223265,9.876,1312,34.02754,-118.32316
30km,13967,10.233,1312,34.10655,-118.32698
30km,83089,10.241,1312,34.075016,-118.3376
30km,17793,10.522,1312,34.10424,-118.3317
30km,257799,10.549,911,34.069298,-118.341354
30km,85359,10.748,1312,34.121635,-118.32282
30km,125031,10.79,1312,34.112953,-118.32981
30km,258239,11.759,628,34.06458,-118.35452
30km,6170,11.836,1312,34.021492,-118.34324
30km,255627,12.625,1035,34.03941,-118.35993
30km,38399,12.765,1290,34.066563,-118.365456
30km,135616,12.816,1312,33.994335,-118.335236
30km,259187,13.236,499,34.11726,-118.35694
30km,36717,13.435,1312,34.020527,-118.36168
30km,82363,13.543,1312,34.057076,-118.37345
30km,32969,13.744,1312,34.122124,-118.36022
30km,245025,13.797,1312,34.08614,-118.37481
30km,260839,13.975,606,34.05732,-118.37817
30km,113320,14.166,1253,34.116047,-118.36865
30km,253407,14.425,562,34.105206,-118.37642
30km,128709,15.048,394,34.037346,-118.38636
30km,255637,15.722,820,34.130634,-118.379105
30km,225561,15.733,1301,34.14103,-118.3722
30km,256803,15.941,842,34.11454,-118.390015
30km,260011,16.204,469,34.132378,-118.38391
30km,48397,16.275,1312,34.146645,-118.37487
30km,37217,16.394,836,34.040783,-118.402084
30km,175353,16.662,1312,34.118793,-118.39649
30km,15901,17.095,1312,34.14978,-118.383026
30km,87129,17.135,1312,33.970142,-118.37188
30km,260855,17.183,127,34.138866,-118.39183
30km,73135,17.183,1297,34.040134,-118.41064
30km,258513,17.257,565,34.0633,-118.414185
30km,20700,17.716,1171,34.157288,-118.38509
30km,35027,17.954,855,34.055313,-118.4213
30km,108340,18.222,1312,33.96232,-118.3794
30km,224187,18.325,1312,33.996197,-118.40669
30km,257599,18.361,796,34.09169,-118.42392
30km,37885,18.474,1312,34.026787,-118.421555
30km,245029,18.709,1312,34.15604,-118.399
30km,122949,18.732,1312,33.978977,-118.40048
30km,23635,18.806,1312,33.96655,-118.391396
30km,81663,18.897,1310,34.05029,-118.43107
30km,259223,18.957,771,34.046715,-118.43126
30km,88895,19.144,1312,34.061493,-118.434616
30km,93203,19.265,1298,33.961735,-118.39327
30km,124627,19.457,1312,34.005493,-118.42474
30km,33181,19.517,1260,34.073853,-118.43859
30km,251927,19.565,824,34.00667,-118.42652
30km,206827,20.177,1312,33.960133,-118.40416
30km,257651,20.257,839,34.081745,-118.44605
30km,244817,20.467,1311,33.961567,-118.40924
30km,240281,20.549,1312,33.956985,-118.40638
30km,260023,20.574,420,33.984497,-118.426956
30km,56239,20.618,1312,34.008266,-118.43928
30km,210109,20.623,1312,33.966686,-118.4154
30km,82071,20.717,1312,34.155815,-118.42443
30km,34481,20.758,1307,33.971844,-118.42094
30km,1970,20.846,774,33.99827,-118.437546
30km,86075,21.163,1312,34.124817,-118.44569
30km,257941,21.2,591,33.992657,-118.43893
30km,240923,21.319,1298,34.06745,-118.45832
30km,142608,21.528,1312,33.98141,-118.43665
30km,79085,21.636,1312,34.00323,-118.44888
30km,7290,21.653,1307,34.180466,-118.41769
30km,243681,21.684,1312,34.071854,-118.46221
30km,40449,21.714,1310,34.036194,-118.459694
30km,83465,21.875,1298,34.06741,-118.46436
30km,253411,21.917,775,34.087795,-118.46347
30km,36143,22.288,1016,34.067047,-118.46885
30km,78091,22.343,1310,34.112766,-118.46301
30km,5804,22.493,1312,33.987106,-118.45132
30km,36359,22.941,1125,34.06109,-118.47584
30km,85985,23.209,1312,34.147858,-118.45907
30km,256923,23.247,631,33.994522,-118.463684
30km,73229,23.4,1204,34.254223,-118.34204
30km,176911,23.694,1083,34.267456,-118.31285
30km,22567,23.697,1312,33.963295,-118.45176
30km,256977,23.731,558,34.06367,-118.48448
30km,85645,23.819,1296,34.26045,-118.33701
30km,75133,23.906,60,34.055813,-118.48607
30km,9274,23.97,1312,34.133804,-118.47423
30km,155385,23.996,882,34.17332,-118.453445
30km,260249,24.002,360,34.05337,-118.486946
30km,249261,24.026,1312,33.97729,-118.464264
30km,2946,24.05,1139,33.99251,-118.47207
30km,262437,24.106,109,34.076538,-118.48832
30km,99345,24.121,1212,34.229027,-118.4006
30km,71813,24.148,1311,34.273727,-118.305725
30km,261643,24.6,329,34.12829,-118.483444
30km,51323,24.663,1304,33.994316,-118.47991
30km,64765,24.737,1305,34.275894,-118.318
30km,34517,24.865,1144,34.129498,-118.486015
30km,257643,24.916,482,34.068108,-118.49737
30km,257145,25.187,417,34.078,-118.49999
30km,258263,25.415,781,34.143604,-118.48678
30km,258287,25.491,394,34.081234,-118.503075
30km,260679,25.553,429,34.053314,-118.50381
30km,259239,25.807,751,34.105244,-118.5032
30km,260863,25.911,14,34.046143,-118.50706
30km,259915,26.133,581,34.036663,-118.508224
30km,262261,26.31,324,34.042206,-118.51095
30km,257141,26.349,846,34.034534,-118.510254
30km,261235,26.447,512,34.121384,-118.50636
30km,256271,26.493,658,34.123466,-118.50628
30km,82609,26.617,1109,34.135338,-118.50378
30km,262449,26.857,117,34.056217,-118.51816
30km,5810,27.025,693,34.03836,-118.51824
30km,87355,27.386,1308,34.14827,-118.5075
30km,216251,27.432,1268,34.24727,-118.42988
30km,261651,28.158,323,34.052162,-118.53205
30km,55503,28.446,1253,34.274612,-118.406845
30km,56207,29.183,1179,34.265656,-118.43358
30km,261363,29.885,390,34.076817,-118.55111
30km,256493,29.914,373,34.253353,-118.46088
all,208493,2.154,1127,34.05986,-118.20495
all,94397,2.52,1312,34.067867,-118.254196
all,67241,3.066,1312,34.090786,-118.24284
all,256435,3.239,989,34.081936,-118.19699
all,76759,3.262,1312,34.08747,-118.202
all,251757,3.438,354,34.08525,-118.256645
all,251647,3.513,1003,34.095333,-118.21106
all,259651,3.565,843,34.09009,-118.253204
all,12272,3.889,1310,34.082874,-118.189514
all,260355,4.102,535,34.10128,-118.21174
all,257879,4.107,845,34.100723,-118.209854
all,74069,4.302,1312,34.101658,-118.246605
all,84627,4.312,1080,34.103767,-118.213554
all,258541,4.492,731,34.10691,-118.22383
all,124961,4.496,1312,34.08,-118.272934
all,256653,4.511,622,34.10041,-118.25393
all,96837,4.923,1312,34.110126,-118.21719
all,225879,5.17,1293,34.094112,-118.272125
all,6472,5.179,1303,34.111187,-118.21065
all,86185,5.2,1176,34.099808,-118.266624
all,150020,5.232,874,34.093136,-118.27378
all,38649,5.477,1311,34.114075,-118.21108
all,32339,5.569,1312,34.116642,-118.22908
all,257857,5.592,884,34.080036,-118.285385
all,49327,5.872,1312,34.104347,-118.271454
all,86071,5.888,1312,34.1195,-118.22425
all,256421,5.926,934,34.07242,-118.29083
all,78635,5.979,1269,34.118977,-118.21224
all,256839,6.041,890,34.101208,-118.27743
all,9168,6.172,1303,34.09818,-118.28198
all,198489,6.201,1059,34.120472,-118.24426
all,260723,6.273,537,34.09462,-118.28599
all,133117,6.295,1303,34.120197,-118.2049
all,253399,6.796,775,34.097996,-118.16358
all,258282,6.992,56,34.120335,-118.26629
all,188495,7.225,1312,34.13109,-118.236374
all,244053,7.249,1157,34.0173,-118.278366
all,259233,7.311,731,34.114483,-118.28128
all,251641,7.331,912,34.131023,-118.21003
all,256643,7.337,869,34.129284,-118.202034
all,208491,7.472,1214,34.0204,-118.285774
all,261751,7.512,374,34.13415,-118.22714
all,239985,7.729,1291,34.10861,-118.29374
all,6220,7.938,1052,34.030903,-118.301506
all,56109,8.625,1210,34.143806,-118.21793
all,81731,9.755,1254,34.119446,-118.31143
all,223265,9.876,1312,34.02754,-118.32316
all,13967,10.233,1312,34.10655,-118.32698
all,83089,10.241,1312,34.075016,-118.3376
all,17793,10.522,1312,34.10424,-118.3317
all,257799,10.549,911,34.069298,-118.341354
all,85359,10.748,1312,34.121635,-118.32282
all,125031,10.79,1312,34.112953,-118.32981
all,258239,11.759,628,34.06458,-118.35452
all,6170,11.836,1312,34.021492,-118.34324
all,255627,12.625,1035,34.03941,-118.35993
all,38399,12.765,1290,34.066563,-118.365456
all,135616,12.816,1312,33.994335,-118.335236
all,259187,13.236,499,34.11726,-118.35694
all,36717,13.435,1312,34.020527,-118.36168
all,82363,13.543,1312,34.057076,-118.37345
all,32969,13.744,1312,34.122124,-118.36022
all,245025,13.797,1312,34.08614,-118.37481
all,260839,13.975,606,34.05732,-118.37817
all,113320,14.166,1253,34.116047,-118.36865
all,253407,14.425,562,34.105206,-118.37642
all,128709,15.048,394,34.037346,-118.38636
all,255637,15.722,820,34.130634,-118.379105
all,225561,15.733,1301,34.14103,-118.3722
all,256803,15.941,842,34.11454,-118.390015
all,260011,16.204,469,34.132378,-118.38391
all,48397,16.275,1312,34.146645,-118.37487
all,37217,16.394,836,34.040783,-118.402084
all,175353,16.662,1312,34.118793,-118.39649
all,15901,17.095,1312,34.14978,-118.383026
all,87129,17.135,1312,33.970142,-118.37188
all,260855,17.183,127,34.138866,-118.39183
all,73135,17.183,1297,34.040134,-118.41064
all,258513,17.257,565,34.0633,-118.414185
all,20700,17.716,1171,34.157288,-118.38509
all,35027,17.954,855,34.055313,-118.4213
all,108340,18.222,1312,33.96232,-118.3794
all,224187,18.325,1312,33.996197,-118.40669
all,257599,18.361,796,34.09169,-118.42392
all,37885,18.474,1312,34.026787,-118.421555
all,245029,18.709,1312,34.15604,-118.399
all,122949,18.732,1312,33.978977,-118.40048
all,23635,18.806,1312,33.96655,-118.391396
all,81663,18.897,1310,34.05029,-118.43107
all,259223,18.957,771,34.046715,-118.43126
all,88895,19.144,1312,34.061493,-118.434616
all,93203,19.265,1298,33.961735,-118.39327
all,124627,19.457,1312,34.005493,-118.42474
all,33181,19.517,1260,34.073853,-118.43859
all,251927,19.565,824,34.00667,-118.42652
all,206827,20.177,1312,33.960133,-118.40416
all,257651,20.257,839,34.081745,-118.44605
all,244817,20.467,1311,33.961567,-118.40924
all,240281,20.549,1312,33.956985,-118.40638
all,260023,20.574,420,33.984497,-118.426956
all,56239,20.618,1312,34.008266,-118.43928
all,210109,20.623,1312,33.966686,-118.4154
all,82071,20.717,1312,34.155815,-118.42443
all,34481,20.758,1307,33.971844,-118.42094
all,1970,20.846,774,33.99827,-118.437546
all,86075,21.163,1312,34.124817,-118.44569
all,257941,21.2,591,33.992657,-118.43893
all,240923,21.319,1298,34.06745,-118.45832
all,142608,21.528,1312,33.98141,-118.43665
all,79085,21.636,1312,34.00323,-118.44888
all,7290,21.653,1307,34.180466,-118.41769
all,243681,21.684,1312,34.071854,-118.46221
all,40449,21.714,1310,34.036194,-118.459694
all,83465,21.875,1298,34.06741,-118.46436
all,253411,21.917,775,34.087795,-118.46347
all,36143,22.288,1016,34.067047,-118.46885
all,78091,22.343,1310,34.112766,-118.46301
all,5804,22.493,1312,33.987106,-118.45132
all,36359,22.941,1125,34.06109,-118.47584
all,85985,23.209,1312,34.147858,-118.45907
all,256923,23.247,631,33.994522,-118.463684
all,73229,23.4,1204,34.254223,-118.34204
all,176911,23.694,1083,34.267456,-118.31285
all,22567,23.697,1312,33.963295,-118.45176
all,256977,23.731,558,34.06367,-118.48448
all,85645,23.819,1296,34.26045,-118.33701
all,75133,23.906,60,34.055813,-118.48607
all,9274,23.97,1312,34.133804,-118.47423
all,155385,23.996,882,34.17332,-118.453445
all,260249,24.002,360,34.05337,-118.486946
all,249261,24.026,1312,33.97729,-118.464264
all,2946,24.05,1139,33.99251,-118.47207
all,262437,24.106,109,34.076538,-118.48832
all,99345,24.121,1212,34.229027,-118.4006
all,71813,24.148,1311,34.273727,-118.305725
all,261643,24.6,329,34.12829,-118.483444
all,51323,24.663,1304,33.994316,-118.47991
all,64765,24.737,1305,34.275894,-118.318
all,34517,24.865,1144,34.129498,-118.486015
all,257643,24.916,482,34.068108,-118.49737
all,257145,25.187,417,34.078,-118.49999
all,258263,25.415,781,34.143604,-118.48678
all,258287,25.491,394,34.081234,-118.503075
all,260679,25.553,429,34.053314,-118.50381
all,259239,25.807,751,34.105244,-118.5032
all,260863,25.911,14,34.046143,-118.50706
all,259915,26.133,581,34.036663,-118.508224
all,262261,26.31,324,34.042206,-118.51095
all,257141,26.349,846,34.034534,-118.510254
all,261235,26.447,512,34.121384,-118.50636
all,256271,26.493,658,34.123466,-118.50628
all,82609,26.617,1109,34.135338,-118.50378
all,262449,26.857,117,34.056217,-118.51816
all,5810,27.025,693,34.03836,-118.51824
all,87355,27.386,1308,34.14827,-118.5075
all,216251,27.432,1268,34.24727,-118.42988
all,261651,28.158,323,34.052162,-118.53205
all,55503,28.446,1253,34.274612,-118.406845
all,56207,29.183,1179,34.265656,-118.43358
all,261363,29.885,390,34.076817,-118.55111
all,256493,29.914,373,34.253353,-118.46088
all,175667,30.595,921,33.792194,-118.25144
all,216023,30.604,1017,33.791748,-118.24437
all,261309,30.704,343,34.0724,-118.56015
all,261755,30.996,372,34.07634,-118.5632
all,96903,31.41,1312,34.22511,-118.509384
all,57515,31.646,1311,33.78625,-118.286026
all,10544,31.841,1304,33.782234,-118.26753
all,28529,32.21,1312,33.777233,-118.243095
all,84069,32.347,1312,34.14787,-118.56422
all,81219,32.461,1273,34.24554,-118.50561
all,37551,32.78,1312,34.280663,-118.471855
all,260081,32.839,347,34.165092,-118.56317
all,29697,33.668,1309,34.23818,-118.528336
all,102490,33.768,697,34.157776,-118.576744
all,175415,34.141,1304,34.326363,-118.424774
all,118601,34.54,1300,34.329723,-118.42647
all,27109,35.267,1312,34.16477,-118.59115
all,86559,35.781,1312,33.75025,-118.29792
all,257593,36.191,774,34.264275,-118.539375
all,118887,36.453,1133,34.233128,-118.56809
all,87181,37.359,1309,34.304108,-118.51413
all,133597,37.756,1285,33.732033,-118.29679
all,46481,38.414,154,33.729404,-118.31744
all,212477,38.671,1293,33.72372,-118.297
all,4417,40.361,1312,33.70755,-118.291084
all,84323,40.786,1175,34.18091,-118.647896
all,2649,41.151,1304,34.294777,-118.57907
